KEY,FREQ,REF_AREA,ADJUSTMENT,BS_REP_SECTOR,BS_ITEM,MATURITY_ORIG,DATA_TYPE,COUNT_AREA,BS_COUNT_SECTOR,CURRENCY_TRANS,BS_SUFFIX,TIME_PERIOD,OBS_VALUE,OBS_STATUS,OBS_CONF,OBS_PRE_BREAK,OBS_COM,TIME_FORMAT,BREAKS,COLLECTION,COMPILING_ORG,DISS_ORG,DOM_SER_IDS,PUBL_ECB,PUBL_MU,PUBL_PUBLIC,UNIT_INDEX_BASE,COMPILATION,DECIMALS,NAT_TITLE,SOURCE_AGENCY,TITLE,TITLE_COMPL,UNIT,UNIT_MULT
BSI.M.U2.Y.V.M30.X.1.U2.2300.Z01.E,M,U2,Y,V,M30,X,1,U2,2300,Z01,E,1980-01,1097404,A,F,,,P1M,,E,,,,,,,,,2,,,"Monetary aggregate M3, Stocks","Euro area (changing composition), Outstanding amounts at the end of the period (stocks), MFIs, central government and post office giro institutions reporting sector - Monetary aggregate M3, All currencies combined - Euro area (changing composition) counterpart, Non-MFIs excluding central government sector, denominated in Euro, data Working day and seasonally adjusted",EUR,6
BSI.M.U2.Y.V.M30.X.1.U2.2300.Z01.E,M,U2,Y,V,M30,X,1,U2,2300,Z01,E,1980-02,1105520,A,F,,,P1M,,E,,,,,,,,,2,,,"Monetary aggregate M3, Stocks","Euro area (changing composition), Outstanding amounts at the end of the period (stocks), MFIs, central government and post office giro institutions reporting sector - Monetary aggregate M3, All currencies combined - Euro area (changing composition) counterpart, Non-MFIs excluding central government sector, denominated in Euro, data Working day and seasonally adjusted",EUR,6
BSI.M.U2.Y.V.M30.X.1.U2.2300.Z01.E,M,U2,Y,V,M30,X,1,U2,2300,Z01,E,1980-03,1117228,A,F,,,P1M,,E,,,,,,,,,2,,,"Monetary aggregate M3, Stocks","Euro area (changing composition), Outstanding amounts at the end of the period (stocks), MFIs, central government and post office giro institutions reporting sector - Monetary aggregate M3, All currencies combined - Euro area (changing composition) counterpart, Non-MFIs excluding central government sector, denominated in Euro, data Working day and seasonally adjusted",EUR,6
BSI.M.U2.Y.V.M30.X.1.U2.2300.Z01.E,M,U2,Y,V,M30,X,1,U2,2300,Z01,E,1980-04,1122639,A,F,,,P1M,,E,,,,,,,,,2,,,"Monetary aggregate M3, Stocks","Euro area (changing composition), Outstanding amounts at the end of the period (stocks), MFIs, central government and post office giro institutions reporting sector - Monetary aggregate M3, All currencies combined - Euro area (changing composition) counterpart, Non-MFIs excluding central government sector, denominated in Euro, data Working day and seasonally adjusted",EUR,6
BSI.M.U2.Y.V.M30.X.1.U2.2300.Z01.E,M,U2,Y,V,M30,X,1,U2,2300,Z01,E,1980-05,1130672,A,F,,,P1M,,E,,,,,,,,,2,,,"Monetary aggregate M3, Stocks","Euro area (changing composition), Outstanding amounts at the end of the period (stocks), MFIs, central government and post office giro institutions reporting sector - Monetary aggregate M3, All currencies combined - Euro area (changing composition) counterpart, Non-MFIs excluding central government sector, denominated in Euro, data Working day and seasonally adjusted",EUR,6
BSI.M.U2.Y.V.M30.X.1.U2.2300.Z01.E,M,U2,Y,V,M30,X,1,U2,2300,Z01,E,1980-06,1139157,A,F,,,P1M,,E,,,,,,,,,2,,,"Monetary aggregate M3, Stocks","Euro area (changing composition), Outstanding amounts at the end of the period (stocks), MFIs, central government and post office giro institutions reporting sector - Monetary aggregate M3, All currencies combined - Euro area (changing composition) counterpart, Non-MFIs excluding central government sector, denominated in Euro, data Working day and seasonally adjusted",EUR,6
BSI.M.U2.Y.V.M30.X.1.U2.2300.Z01.E,M,U2,Y,V,M30,X,1,U2,2300,Z01,E,1980-07,1150687,A,F,,,P1M,,E,,,,,,,,,2,,,"Monetary aggregate M3, Stocks","Euro area (changing composition), Outstanding amounts at the end of the period (stocks), MFIs, central government and post office giro institutions reporting sector - Monetary aggregate M3, All currencies combined - Euro area (changing composition) counterpart, Non-MFIs excluding central government sector, denominated in Euro, data Working day and seasonally adjusted",EUR,6
BSI.M.U2.Y.V.M30.X.1.U2.2300.Z01.E,M,U2,Y,V,M30,X,1,U2,2300,Z01,E,1980-08,1157482,A,F,,,P1M,,E,,,,,,,,,2,,,"Monetary aggregate M3, Stocks","Euro area (changing composition), Outstanding amounts at the end of the period (stocks), MFIs, central government and post office giro institutions reporting sector - Monetary aggregate M3, All currencies combined - Euro area (changing composition) counterpart, Non-MFIs excluding central government sector, denominated in Euro, data Working day and seasonally adjusted",EUR,6
BSI.M.U2.Y.V.M30.X.1.U2.2300.Z01.E,M,U2,Y,V,M30,X,1,U2,2300,Z01,E,1980-09,1164470,A,F,,,P1M,,E,,,,,,,,,2,,,"Monetary aggregate M3, Stocks","Euro area (changing composition), Outstanding amounts at the end of the period (stocks), MFIs, central government and post office giro institutions reporting sector - Monetary aggregate M3, All currencies combined - Euro area (changing composition) counterpart, Non-MFIs excluding central government sector, denominated in Euro, data Working day and seasonally adjusted",EUR,6
BSI.M.U2.Y.V.M30.X.1.U2.2300.Z01.E,M,U2,Y,V,M30,X,1,U2,2300,Z01,E,1980-10,1176441,A,F,,,P1M,,E,,,,,,,,,2,,,"Monetary aggregate M3, Stocks","Euro area (changing composition), Outstanding amounts at the end of the period (stocks), MFIs, central government and post office giro institutions reporting sector - Monetary aggregate M3, All currencies combined - Euro area (changing composition) counterpart, Non-MFIs excluding central government sector, denominated in Euro, data Working day and seasonally adjusted",EUR,6
BSI.M.U2.Y.V.M30.X.1.U2.2300.Z01.E,M,U2,Y,V,M30,X,1,U2,2300,Z01,E,1980-11,1192713,A,F,,,P1M,,E,,,,,,,,,2,,,"Monetary aggregate M3, Stocks","Euro area (changing composition), Outstanding amounts at the end of the period (stocks), MFIs, central government and post office giro institutions reporting sector - Monetary aggregate M3, All currencies combined - Euro area (changing composition) counterpart, Non-MFIs excluding central government sector, denominated in Euro, data Working day and seasonally adjusted",EUR,6
BSI.M.U2.Y.V.M30.X.1.U2.2300.Z01.E,M,U2,Y,V,M30,X,1,U2,2300,Z01,E,1980-12,1198927,A,F,,,P1M,,E,,,,,,,,,2,,,"Monetary aggregate M3, Stocks","Euro area (changing composition), Outstanding amounts at the end of the period (stocks), MFIs, central government and post office giro institutions reporting sector - Monetary aggregate M3, All currencies combined - Euro area (changing composition) counterpart, Non-MFIs excluding central government sector, denominated in Euro, data Working day and seasonally adjusted",EUR,6
BSI.M.U2.Y.V.M30.X.1.U2.2300.Z01.E,M,U2,Y,V,M30,X,1,U2,2300,Z01,E,1981-01,1209209,A,F,,,P1M,,E,,,,,,,,,2,,,"Monetary aggregate M3, Stocks","Euro area (changing composition), Outstanding amounts at the end of the period (stocks), MFIs, central government and post office giro institutions reporting sector - Monetary aggregate M3, All currencies combined - Euro area (changing composition) counterpart, Non-MFIs excluding central government sector, denominated in Euro, data Working day and seasonally adjusted",EUR,6
BSI.M.U2.Y.V.M30.X.1.U2.2300.Z01.E,M,U2,Y,V,M30,X,1,U2,2300,Z01,E,1981-02,1222048,A,F,,,P1M,,E,,,,,,,,,2,,,"Monetary aggregate M3, Stocks","Euro area (changing composition), Outstanding amounts at the end of the period (stocks), MFIs, central government and post office giro institutions reporting sector - Monetary aggregate M3, All currencies combined - Euro area (changing composition) counterpart, Non-MFIs excluding central government sector, denominated in Euro, data Working day and seasonally adjusted",EUR,6
BSI.M.U2.Y.V.M30.X.1.U2.2300.Z01.E,M,U2,Y,V,M30,X,1,U2,2300,Z01,E,1981-03,1233640,A,F,,,P1M,,E,,,,,,,,,2,,,"Monetary aggregate M3, Stocks","Euro area (changing composition), Outstanding amounts at the end of the period (stocks), MFIs, central government and post office giro institutions reporting sector - Monetary aggregate M3, All currencies combined - Euro area (changing composition) counterpart, Non-MFIs excluding central government sector, denominated in Euro, data Working day and seasonally adjusted",EUR,6
BSI.M.U2.Y.V.M30.X.1.U2.2300.Z01.E,M,U2,Y,V,M30,X,1,U2,2300,Z01,E,1981-04,1244293,A,F,,,P1M,,E,,,,,,,,,2,,,"Monetary aggregate M3, Stocks","Euro area (changing composition), Outstanding amounts at the end of the period (stocks), MFIs, central government and post office giro institutions reporting sector - Monetary aggregate M3, All currencies combined - Euro area (changing composition) counterpart, Non-MFIs excluding central government sector, denominated in Euro, data Working day and seasonally adjusted",EUR,6
BSI.M.U2.Y.V.M30.X.1.U2.2300.Z01.E,M,U2,Y,V,M30,X,1,U2,2300,Z01,E,1981-05,1257592,A,F,,,P1M,,E,,,,,,,,,2,,,"Monetary aggregate M3, Stocks","Euro area (changing composition), Outstanding amounts at the end of the period (stocks), MFIs, central government and post office giro institutions reporting sector - Monetary aggregate M3, All currencies combined - Euro area (changing composition) counterpart, Non-MFIs excluding central government sector, denominated in Euro, data Working day and seasonally adjusted",EUR,6
BSI.M.U2.Y.V.M30.X.1.U2.2300.Z01.E,M,U2,Y,V,M30,X,1,U2,2300,Z01,E,1981-06,1266536,A,F,,,P1M,,E,,,,,,,,,2,,,"Monetary aggregate M3, Stocks","Euro area (changing composition), Outstanding amounts at the end of the period (stocks), MFIs, central government and post office giro institutions reporting sector - Monetary aggregate M3, All currencies combined - Euro area (changing composition) counterpart, Non-MFIs excluding central government sector, denominated in Euro, data Working day and seasonally adjusted",EUR,6
BSI.M.U2.Y.V.M30.X.1.U2.2300.Z01.E,M,U2,Y,V,M30,X,1,U2,2300,Z01,E,1981-07,1275262,A,F,,,P1M,,E,,,,,,,,,2,,,"Monetary aggregate M3, Stocks","Euro area (changing composition), Outstanding amounts at the end of the period (stocks), MFIs, central government and post office giro institutions reporting sector - Monetary aggregate M3, All currencies combined - Euro area (changing composition) counterpart, Non-MFIs excluding central government sector, denominated in Euro, data Working day and seasonally adjusted",EUR,6
BSI.M.U2.Y.V.M30.X.1.U2.2300.Z01.E,M,U2,Y,V,M30,X,1,U2,2300,Z01,E,1981-08,1280121,A,F,,,P1M,,E,,,,,,,,,2,,,"Monetary aggregate M3, Stocks","Euro area (changing composition), Outstanding amounts at the end of the period (stocks), MFIs, central government and post office giro institutions reporting sector - Monetary aggregate M3, All currencies combined - Euro area (changing composition) counterpart, Non-MFIs excluding central government sector, denominated in Euro, data Working day and seasonally adjusted",EUR,6
BSI.M.U2.Y.V.M30.X.1.U2.2300.Z01.E,M,U2,Y,V,M30,X,1,U2,2300,Z01,E,1981-09,1293408,A,F,,,P1M,,E,,,,,,,,,2,,,"Monetary aggregate M3, Stocks","Euro area (changing composition), Outstanding amounts at the end of the period (stocks), MFIs, central government and post office giro institutions reporting sector - Monetary aggregate M3, All currencies combined - Euro area (changing composition) counterpart, Non-MFIs excluding central government sector, denominated in Euro, data Working day and seasonally adjusted",EUR,6
BSI.M.U2.Y.V.M30.X.1.U2.2300.Z01.E,M,U2,Y,V,M30,X,1,U2,2300,Z01,E,1981-10,1302173,A,F,,,P1M,,E,,,,,,,,,2,,,"Monetary aggregate M3, Stocks","Euro area (changing composition), Outstanding amounts at the end of the period (stocks), MFIs, central government and post office giro institutions reporting sector - Monetary aggregate M3, All currencies combined - Euro area (changing composition) counterpart, Non-MFIs excluding central government sector, denominated in Euro, data Working day and seasonally adjusted",EUR,6
BSI.M.U2.Y.V.M30.X.1.U2.2300.Z01.E,M,U2,Y,V,M30,X,1,U2,2300,Z01,E,1981-11,1313067,A,F,,,P1M,,E,,,,,,,,,2,,,"Monetary aggregate M3, Stocks","Euro area (changing composition), Outstanding amounts at the end of the period (stocks), MFIs, central government and post office giro institutions reporting sector - Monetary aggregate M3, All currencies combined - Euro area (changing composition) counterpart, Non-MFIs excluding central government sector, denominated in Euro, data Working day and seasonally adjusted",EUR,6
BSI.M.U2.Y.V.M30.X.1.U2.2300.Z01.E,M,U2,Y,V,M30,X,1,U2,2300,Z01,E,1981-12,1324037,A,F,,,P1M,,E,,,,,,,,,2,,,"Monetary aggregate M3, Stocks","Euro area (changing composition), Outstanding amounts at the end of the period (stocks), MFIs, central government and post office giro institutions reporting sector - Monetary aggregate M3, All currencies combined - Euro area (changing composition) counterpart, Non-MFIs excluding central government sector, denominated in Euro, data Working day and seasonally adjusted",EUR,6
BSI.M.U2.Y.V.M30.X.1.U2.2300.Z01.E,M,U2,Y,V,M30,X,1,U2,2300,Z01,E,1982-01,1338805,A,F,,,P1M,,E,,,,,,,,,2,,,"Monetary aggregate M3, Stocks","Euro area (changing composition), Outstanding amounts at the end of the period (stocks), MFIs, central government and post office giro institutions reporting sector - Monetary aggregate M3, All currencies combined - Euro area (changing composition) counterpart, Non-MFIs excluding central government sector, denominated in Euro, data Working day and seasonally adjusted",EUR,6
BSI.M.U2.Y.V.M30.X.1.U2.2300.Z01.E,M,U2,Y,V,M30,X,1,U2,2300,Z01,E,1982-02,1350759,A,F,,,P1M,,E,,,,,,,,,2,,,"Monetary aggregate M3, Stocks","Euro area (changing composition), Outstanding amounts at the end of the period (stocks), MFIs, central government and post office giro institutions reporting sector - Monetary aggregate M3, All currencies combined - Euro area (changing composition) counterpart, Non-MFIs excluding central government sector, denominated in Euro, data Working day and seasonally adjusted",EUR,6
BSI.M.U2.Y.V.M30.X.1.U2.2300.Z01.E,M,U2,Y,V,M30,X,1,U2,2300,Z01,E,1982-03,1366026,A,F,,,P1M,,E,,,,,,,,,2,,,"Monetary aggregate M3, Stocks","Euro area (changing composition), Outstanding amounts at the end of the period (stocks), MFIs, central government and post office giro institutions reporting sector - Monetary aggregate M3, All currencies combined - Euro area (changing composition) counterpart, Non-MFIs excluding central government sector, denominated in Euro, data Working day and seasonally adjusted",EUR,6
BSI.M.U2.Y.V.M30.X.1.U2.2300.Z01.E,M,U2,Y,V,M30,X,1,U2,2300,Z01,E,1982-04,1376835,A,F,,,P1M,,E,,,,,,,,,2,,,"Monetary aggregate M3, Stocks","Euro area (changing composition), Outstanding amounts at the end of the period (stocks), MFIs, central government and post office giro institutions reporting sector - Monetary aggregate M3, All currencies combined - Euro area (changing composition) counterpart, Non-MFIs excluding central government sector, denominated in Euro, data Working day and seasonally adjusted",EUR,6
BSI.M.U2.Y.V.M30.X.1.U2.2300.Z01.E,M,U2,Y,V,M30,X,1,U2,2300,Z01,E,1982-05,1385084,A,F,,,P1M,,E,,,,,,,,,2,,,"Monetary aggregate M3, Stocks","Euro area (changing composition), Outstanding amounts at the end of the period (stocks), MFIs, central government and post office giro institutions reporting sector - Monetary aggregate M3, All currencies combined - Euro area (changing composition) counterpart, Non-MFIs excluding central government sector, denominated in Euro, data Working day and seasonally adjusted",EUR,6
BSI.M.U2.Y.V.M30.X.1.U2.2300.Z01.E,M,U2,Y,V,M30,X,1,U2,2300,Z01,E,1982-06,1403542,A,F,,,P1M,,E,,,,,,,,,2,,,"Monetary aggregate M3, Stocks","Euro area (changing composition), Outstanding amounts at the end of the period (stocks), MFIs, central government and post office giro institutions reporting sector - Monetary aggregate M3, All currencies combined - Euro area (changing composition) counterpart, Non-MFIs excluding central government sector, denominated in Euro, data Working day and seasonally adjusted",EUR,6
BSI.M.U2.Y.V.M30.X.1.U2.2300.Z01.E,M,U2,Y,V,M30,X,1,U2,2300,Z01,E,1982-07,1414886,A,F,,,P1M,,E,,,,,,,,,2,,,"Monetary aggregate M3, Stocks","Euro area (changing composition), Outstanding amounts at the end of the period (stocks), MFIs, central government and post office giro institutions reporting sector - Monetary aggregate M3, All currencies combined - Euro area (changing composition) counterpart, Non-MFIs excluding central government sector, denominated in Euro, data Working day and seasonally adjusted",EUR,6
BSI.M.U2.Y.V.M30.X.1.U2.2300.Z01.E,M,U2,Y,V,M30,X,1,U2,2300,Z01,E,1982-08,1429591,A,F,,,P1M,,E,,,,,,,,,2,,,"Monetary aggregate M3, Stocks","Euro area (changing composition), Outstanding amounts at the end of the period (stocks), MFIs, central government and post office giro institutions reporting sector - Monetary aggregate M3, All currencies combined - Euro area (changing composition) counterpart, Non-MFIs excluding central government sector, denominated in Euro, data Working day and seasonally adjusted",EUR,6
BSI.M.U2.Y.V.M30.X.1.U2.2300.Z01.E,M,U2,Y,V,M30,X,1,U2,2300,Z01,E,1982-09,1440564,A,F,,,P1M,,E,,,,,,,,,2,,,"Monetary aggregate M3, Stocks","Euro area (changing composition), Outstanding amounts at the end of the period (stocks), MFIs, central government and post office giro institutions reporting sector - Monetary aggregate M3, All currencies combined - Euro area (changing composition) counterpart, Non-MFIs excluding central government sector, denominated in Euro, data Working day and seasonally adjusted",EUR,6
BSI.M.U2.Y.V.M30.X.1.U2.2300.Z01.E,M,U2,Y,V,M30,X,1,U2,2300,Z01,E,1982-10,1448567,A,F,,,P1M,,E,,,,,,,,,2,,,"Monetary aggregate M3, Stocks","Euro area (changing composition), Outstanding amounts at the end of the period (stocks), MFIs, central government and post office giro institutions reporting sector - Monetary aggregate M3, All currencies combined - Euro area (changing composition) counterpart, Non-MFIs excluding central government sector, denominated in Euro, data Working day and seasonally adjusted",EUR,6
BSI.M.U2.Y.V.M30.X.1.U2.2300.Z01.E,M,U2,Y,V,M30,X,1,U2,2300,Z01,E,1982-11,1461236,A,F,,,P1M,,E,,,,,,,,,2,,,"Monetary aggregate M3, Stocks","Euro area (changing composition), Outstanding amounts at the end of the period (stocks), MFIs, central government and post office giro institutions reporting sector - Monetary aggregate M3, All currencies combined - Euro area (changing composition) counterpart, Non-MFIs excluding central government sector, denominated in Euro, data Working day and seasonally adjusted",EUR,6
BSI.M.U2.Y.V.M30.X.1.U2.2300.Z01.E,M,U2,Y,V,M30,X,1,U2,2300,Z01,E,1982-12,1478452,A,F,,,P1M,,E,,,,,,,,,2,,,"Monetary aggregate M3, Stocks","Euro area (changing composition), Outstanding amounts at the end of the period (stocks), MFIs, central government and post office giro institutions reporting sector - Monetary aggregate M3, All currencies combined - Euro area (changing composition) counterpart, Non-MFIs excluding central government sector, denominated in Euro, data Working day and seasonally adjusted",EUR,6
BSI.M.U2.Y.V.M30.X.1.U2.2300.Z01.E,M,U2,Y,V,M30,X,1,U2,2300,Z01,E,1983-01,1488249,A,F,,,P1M,,E,,,,,,,,,2,,,"Monetary aggregate M3, Stocks","Euro area (changing composition), Outstanding amounts at the end of the period (stocks), MFIs, central government and post office giro institutions reporting sector - Monetary aggregate M3, All currencies combined - Euro area (changing composition) counterpart, Non-MFIs excluding central government sector, denominated in Euro, data Working day and seasonally adjusted",EUR,6
BSI.M.U2.Y.V.M30.X.1.U2.2300.Z01.E,M,U2,Y,V,M30,X,1,U2,2300,Z01,E,1983-02,1498226,A,F,,,P1M,,E,,,,,,,,,2,,,"Monetary aggregate M3, Stocks","Euro area (changing composition), Outstanding amounts at the end of the period (stocks), MFIs, central government and post office giro institutions reporting sector - Monetary aggregate M3, All currencies combined - Euro area (changing composition) counterpart, Non-MFIs excluding central government sector, denominated in Euro, data Working day and seasonally adjusted",EUR,6
BSI.M.U2.Y.V.M30.X.1.U2.2300.Z01.E,M,U2,Y,V,M30,X,1,U2,2300,Z01,E,1983-03,1505297,A,F,,,P1M,,E,,,,,,,,,2,,,"Monetary aggregate M3, Stocks","Euro area (changing composition), Outstanding amounts at the end of the period (stocks), MFIs, central government and post office giro institutions reporting sector - Monetary aggregate M3, All currencies combined - Euro area (changing composition) counterpart, Non-MFIs excluding central government sector, denominated in Euro, data Working day and seasonally adjusted",EUR,6
BSI.M.U2.Y.V.M30.X.1.U2.2300.Z01.E,M,U2,Y,V,M30,X,1,U2,2300,Z01,E,1983-04,1516179,A,F,,,P1M,,E,,,,,,,,,2,,,"Monetary aggregate M3, Stocks","Euro area (changing composition), Outstanding amounts at the end of the period (stocks), MFIs, central government and post office giro institutions reporting sector - Monetary aggregate M3, All currencies combined - Euro area (changing composition) counterpart, Non-MFIs excluding central government sector, denominated in Euro, data Working day and seasonally adjusted",EUR,6
BSI.M.U2.Y.V.M30.X.1.U2.2300.Z01.E,M,U2,Y,V,M30,X,1,U2,2300,Z01,E,1983-05,1527129,A,F,,,P1M,,E,,,,,,,,,2,,,"Monetary aggregate M3, Stocks","Euro area (changing composition), Outstanding amounts at the end of the period (stocks), MFIs, central government and post office giro institutions reporting sector - Monetary aggregate M3, All currencies combined - Euro area (changing composition) counterpart, Non-MFIs excluding central government sector, denominated in Euro, data Working day and seasonally adjusted",EUR,6
BSI.M.U2.Y.V.M30.X.1.U2.2300.Z01.E,M,U2,Y,V,M30,X,1,U2,2300,Z01,E,1983-06,1538465,A,F,,,P1M,,E,,,,,,,,,2,,,"Monetary aggregate M3, Stocks","Euro area (changing composition), Outstanding amounts at the end of the period (stocks), MFIs, central government and post office giro institutions reporting sector - Monetary aggregate M3, All currencies combined - Euro area (changing composition) counterpart, Non-MFIs excluding central government sector, denominated in Euro, data Working day and seasonally adjusted",EUR,6
BSI.M.U2.Y.V.M30.X.1.U2.2300.Z01.E,M,U2,Y,V,M30,X,1,U2,2300,Z01,E,1983-07,1550957,A,F,,,P1M,,E,,,,,,,,,2,,,"Monetary aggregate M3, Stocks","Euro area (changing composition), Outstanding amounts at the end of the period (stocks), MFIs, central government and post office giro institutions reporting sector - Monetary aggregate M3, All currencies combined - Euro area (changing composition) counterpart, Non-MFIs excluding central government sector, denominated in Euro, data Working day and seasonally adjusted",EUR,6
BSI.M.U2.Y.V.M30.X.1.U2.2300.Z01.E,M,U2,Y,V,M30,X,1,U2,2300,Z01,E,1983-08,1563091,A,F,,,P1M,,E,,,,,,,,,2,,,"Monetary aggregate M3, Stocks","Euro area (changing composition), Outstanding amounts at the end of the period (stocks), MFIs, central government and post office giro institutions reporting sector - Monetary aggregate M3, All currencies combined - Euro area (changing composition) counterpart, Non-MFIs excluding central government sector, denominated in Euro, data Working day and seasonally adjusted",EUR,6
BSI.M.U2.Y.V.M30.X.1.U2.2300.Z01.E,M,U2,Y,V,M30,X,1,U2,2300,Z01,E,1983-09,1569280,A,F,,,P1M,,E,,,,,,,,,2,,,"Monetary aggregate M3, Stocks","Euro area (changing composition), Outstanding amounts at the end of the period (stocks), MFIs, central government and post office giro institutions reporting sector - Monetary aggregate M3, All currencies combined - Euro area (changing composition) counterpart, Non-MFIs excluding central government sector, denominated in Euro, data Working day and seasonally adjusted",EUR,6
BSI.M.U2.Y.V.M30.X.1.U2.2300.Z01.E,M,U2,Y,V,M30,X,1,U2,2300,Z01,E,1983-10,1581495,A,F,,,P1M,,E,,,,,,,,,2,,,"Monetary aggregate M3, Stocks","Euro area (changing composition), Outstanding amounts at the end of the period (stocks), MFIs, central government and post office giro institutions reporting sector - Monetary aggregate M3, All currencies combined - Euro area (changing composition) counterpart, Non-MFIs excluding central government sector, denominated in Euro, data Working day and seasonally adjusted",EUR,6
BSI.M.U2.Y.V.M30.X.1.U2.2300.Z01.E,M,U2,Y,V,M30,X,1,U2,2300,Z01,E,1983-11,1595252,A,F,,,P1M,,E,,,,,,,,,2,,,"Monetary aggregate M3, Stocks","Euro area (changing composition), Outstanding amounts at the end of the period (stocks), MFIs, central government and post office giro institutions reporting sector - Monetary aggregate M3, All currencies combined - Euro area (changing composition) counterpart, Non-MFIs excluding central government sector, denominated in Euro, data Working day and seasonally adjusted",EUR,6
BSI.M.U2.Y.V.M30.X.1.U2.2300.Z01.E,M,U2,Y,V,M30,X,1,U2,2300,Z01,E,1983-12,1607971,A,F,,,P1M,,E,,,,,,,,,2,,,"Monetary aggregate M3, Stocks","Euro area (changing composition), Outstanding amounts at the end of the period (stocks), MFIs, central government and post office giro institutions reporting sector - Monetary aggregate M3, All currencies combined - Euro area (changing composition) counterpart, Non-MFIs excluding central government sector, denominated in Euro, data Working day and seasonally adjusted",EUR,6
BSI.M.U2.Y.V.M30.X.1.U2.2300.Z01.E,M,U2,Y,V,M30,X,1,U2,2300,Z01,E,1984-01,1616845,A,F,,,P1M,,E,,,,,,,,,2,,,"Monetary aggregate M3, Stocks","Euro area (changing composition), Outstanding amounts at the end of the period (stocks), MFIs, central government and post office giro institutions reporting sector - Monetary aggregate M3, All currencies combined - Euro area (changing composition) counterpart, Non-MFIs excluding central government sector, denominated in Euro, data Working day and seasonally adjusted",EUR,6
BSI.M.U2.Y.V.M30.X.1.U2.2300.Z01.E,M,U2,Y,V,M30,X,1,U2,2300,Z01,E,1984-02,1623473,A,F,,,P1M,,E,,,,,,,,,2,,,"Monetary aggregate M3, Stocks","Euro area (changing composition), Outstanding amounts at the end of the period (stocks), MFIs, central government and post office giro institutions reporting sector - Monetary aggregate M3, All currencies combined - Euro area (changing composition) counterpart, Non-MFIs excluding central government sector, denominated in Euro, data Working day and seasonally adjusted",EUR,6
BSI.M.U2.Y.V.M30.X.1.U2.2300.Z01.E,M,U2,Y,V,M30,X,1,U2,2300,Z01,E,1984-03,1633342,A,F,,,P1M,,E,,,,,,,,,2,,,"Monetary aggregate M3, Stocks","Euro area (changing composition), Outstanding amounts at the end of the period (stocks), MFIs, central government and post office giro institutions reporting sector - Monetary aggregate M3, All currencies combined - Euro area (changing composition) counterpart, Non-MFIs excluding central government sector, denominated in Euro, data Working day and seasonally adjusted",EUR,6
BSI.M.U2.Y.V.M30.X.1.U2.2300.Z01.E,M,U2,Y,V,M30,X,1,U2,2300,Z01,E,1984-04,1643658,A,F,,,P1M,,E,,,,,,,,,2,,,"Monetary aggregate M3, Stocks","Euro area (changing composition), Outstanding amounts at the end of the period (stocks), MFIs, central government and post office giro institutions reporting sector - Monetary aggregate M3, All currencies combined - Euro area (changing composition) counterpart, Non-MFIs excluding central government sector, denominated in Euro, data Working day and seasonally adjusted",EUR,6
BSI.M.U2.Y.V.M30.X.1.U2.2300.Z01.E,M,U2,Y,V,M30,X,1,U2,2300,Z01,E,1984-05,1659252,A,F,,,P1M,,E,,,,,,,,,2,,,"Monetary aggregate M3, Stocks","Euro area (changing composition), Outstanding amounts at the end of the period (stocks), MFIs, central government and post office giro institutions reporting sector - Monetary aggregate M3, All currencies combined - Euro area (changing composition) counterpart, Non-MFIs excluding central government sector, denominated in Euro, data Working day and seasonally adjusted",EUR,6
BSI.M.U2.Y.V.M30.X.1.U2.2300.Z01.E,M,U2,Y,V,M30,X,1,U2,2300,Z01,E,1984-06,1668177,A,F,,,P1M,,E,,,,,,,,,2,,,"Monetary aggregate M3, Stocks","Euro area (changing composition), Outstanding amounts at the end of the period (stocks), MFIs, central government and post office giro institutions reporting sector - Monetary aggregate M3, All currencies combined - Euro area (changing composition) counterpart, Non-MFIs excluding central government sector, denominated in Euro, data Working day and seasonally adjusted",EUR,6
BSI.M.U2.Y.V.M30.X.1.U2.2300.Z01.E,M,U2,Y,V,M30,X,1,U2,2300,Z01,E,1984-07,1681799,A,F,,,P1M,,E,,,,,,,,,2,,,"Monetary aggregate M3, Stocks","Euro area (changing composition), Outstanding amounts at the end of the period (stocks), MFIs, central government and post office giro institutions reporting sector - Monetary aggregate M3, All currencies combined - Euro area (changing composition) counterpart, Non-MFIs excluding central government sector, denominated in Euro, data Working day and seasonally adjusted",EUR,6
BSI.M.U2.Y.V.M30.X.1.U2.2300.Z01.E,M,U2,Y,V,M30,X,1,U2,2300,Z01,E,1984-08,1697027,A,F,,,P1M,,E,,,,,,,,,2,,,"Monetary aggregate M3, Stocks","Euro area (changing composition), Outstanding amounts at the end of the period (stocks), MFIs, central government and post office giro institutions reporting sector - Monetary aggregate M3, All currencies combined - Euro area (changing composition) counterpart, Non-MFIs excluding central government sector, denominated in Euro, data Working day and seasonally adjusted",EUR,6
BSI.M.U2.Y.V.M30.X.1.U2.2300.Z01.E,M,U2,Y,V,M30,X,1,U2,2300,Z01,E,1984-09,1711302,A,F,,,P1M,,E,,,,,,,,,2,,,"Monetary aggregate M3, Stocks","Euro area (changing composition), Outstanding amounts at the end of the period (stocks), MFIs, central government and post office giro institutions reporting sector - Monetary aggregate M3, All currencies combined - Euro area (changing composition) counterpart, Non-MFIs excluding central government sector, denominated in Euro, data Working day and seasonally adjusted",EUR,6
BSI.M.U2.Y.V.M30.X.1.U2.2300.Z01.E,M,U2,Y,V,M30,X,1,U2,2300,Z01,E,1984-10,1717983,A,F,,,P1M,,E,,,,,,,,,2,,,"Monetary aggregate M3, Stocks","Euro area (changing composition), Outstanding amounts at the end of the period (stocks), MFIs, central government and post office giro institutions reporting sector - Monetary aggregate M3, All currencies combined - Euro area (changing composition) counterpart, Non-MFIs excluding central government sector, denominated in Euro, data Working day and seasonally adjusted",EUR,6
BSI.M.U2.Y.V.M30.X.1.U2.2300.Z01.E,M,U2,Y,V,M30,X,1,U2,2300,Z01,E,1984-11,1729206,A,F,,,P1M,,E,,,,,,,,,2,,,"Monetary aggregate M3, Stocks","Euro area (changing composition), Outstanding amounts at the end of the period (stocks), MFIs, central government and post office giro institutions reporting sector - Monetary aggregate M3, All currencies combined - Euro area (changing composition) counterpart, Non-MFIs excluding central government sector, denominated in Euro, data Working day and seasonally adjusted",EUR,6
BSI.M.U2.Y.V.M30.X.1.U2.2300.Z01.E,M,U2,Y,V,M30,X,1,U2,2300,Z01,E,1984-12,1742791,A,F,,,P1M,,E,,,,,,,,,2,,,"Monetary aggregate M3, Stocks","Euro area (changing composition), Outstanding amounts at the end of the period (stocks), MFIs, central government and post office giro institutions reporting sector - Monetary aggregate M3, All currencies combined - Euro area (changing composition) counterpart, Non-MFIs excluding central government sector, denominated in Euro, data Working day and seasonally adjusted",EUR,6
BSI.M.U2.Y.V.M30.X.1.U2.2300.Z01.E,M,U2,Y,V,M30,X,1,U2,2300,Z01,E,1985-01,1758943,A,F,,,P1M,,E,,,,,,,,,2,,,"Monetary aggregate M3, Stocks","Euro area (changing composition), Outstanding amounts at the end of the period (stocks), MFIs, central government and post office giro institutions reporting sector - Monetary aggregate M3, All currencies combined - Euro area (changing composition) counterpart, Non-MFIs excluding central government sector, denominated in Euro, data Working day and seasonally adjusted",EUR,6
BSI.M.U2.Y.V.M30.X.1.U2.2300.Z01.E,M,U2,Y,V,M30,X,1,U2,2300,Z01,E,1985-02,1776558,A,F,,,P1M,,E,,,,,,,,,2,,,"Monetary aggregate M3, Stocks","Euro area (changing composition), Outstanding amounts at the end of the period (stocks), MFIs, central government and post office giro institutions reporting sector - Monetary aggregate M3, All currencies combined - Euro area (changing composition) counterpart, Non-MFIs excluding central government sector, denominated in Euro, data Working day and seasonally adjusted",EUR,6
BSI.M.U2.Y.V.M30.X.1.U2.2300.Z01.E,M,U2,Y,V,M30,X,1,U2,2300,Z01,E,1985-03,1788333,A,F,,,P1M,,E,,,,,,,,,2,,,"Monetary aggregate M3, Stocks","Euro area (changing composition), Outstanding amounts at the end of the period (stocks), MFIs, central government and post office giro institutions reporting sector - Monetary aggregate M3, All currencies combined - Euro area (changing composition) counterpart, Non-MFIs excluding central government sector, denominated in Euro, data Working day and seasonally adjusted",EUR,6
BSI.M.U2.Y.V.M30.X.1.U2.2300.Z01.E,M,U2,Y,V,M30,X,1,U2,2300,Z01,E,1985-04,1797511,A,F,,,P1M,,E,,,,,,,,,2,,,"Monetary aggregate M3, Stocks","Euro area (changing composition), Outstanding amounts at the end of the period (stocks), MFIs, central government and post office giro institutions reporting sector - Monetary aggregate M3, All currencies combined - Euro area (changing composition) counterpart, Non-MFIs excluding central government sector, denominated in Euro, data Working day and seasonally adjusted",EUR,6
BSI.M.U2.Y.V.M30.X.1.U2.2300.Z01.E,M,U2,Y,V,M30,X,1,U2,2300,Z01,E,1985-05,1804082,A,F,,,P1M,,E,,,,,,,,,2,,,"Monetary aggregate M3, Stocks","Euro area (changing composition), Outstanding amounts at the end of the period (stocks), MFIs, central government and post office giro institutions reporting sector - Monetary aggregate M3, All currencies combined - Euro area (changing composition) counterpart, Non-MFIs excluding central government sector, denominated in Euro, data Working day and seasonally adjusted",EUR,6
BSI.M.U2.Y.V.M30.X.1.U2.2300.Z01.E,M,U2,Y,V,M30,X,1,U2,2300,Z01,E,1985-06,1812216,A,F,,,P1M,,E,,,,,,,,,2,,,"Monetary aggregate M3, Stocks","Euro area (changing composition), Outstanding amounts at the end of the period (stocks), MFIs, central government and post office giro institutions reporting sector - Monetary aggregate M3, All currencies combined - Euro area (changing composition) counterpart, Non-MFIs excluding central government sector, denominated in Euro, data Working day and seasonally adjusted",EUR,6
BSI.M.U2.Y.V.M30.X.1.U2.2300.Z01.E,M,U2,Y,V,M30,X,1,U2,2300,Z01,E,1985-07,1823517,A,F,,,P1M,,E,,,,,,,,,2,,,"Monetary aggregate M3, Stocks","Euro area (changing composition), Outstanding amounts at the end of the period (stocks), MFIs, central government and post office giro institutions reporting sector - Monetary aggregate M3, All currencies combined - Euro area (changing composition) counterpart, Non-MFIs excluding central government sector, denominated in Euro, data Working day and seasonally adjusted",EUR,6
BSI.M.U2.Y.V.M30.X.1.U2.2300.Z01.E,M,U2,Y,V,M30,X,1,U2,2300,Z01,E,1985-08,1831278,A,F,,,P1M,,E,,,,,,,,,2,,,"Monetary aggregate M3, Stocks","Euro area (changing composition), Outstanding amounts at the end of the period (stocks), MFIs, central government and post office giro institutions reporting sector - Monetary aggregate M3, All currencies combined - Euro area (changing composition) counterpart, Non-MFIs excluding central government sector, denominated in Euro, data Working day and seasonally adjusted",EUR,6
BSI.M.U2.Y.V.M30.X.1.U2.2300.Z01.E,M,U2,Y,V,M30,X,1,U2,2300,Z01,E,1985-09,1840516,A,F,,,P1M,,E,,,,,,,,,2,,,"Monetary aggregate M3, Stocks","Euro area (changing composition), Outstanding amounts at the end of the period (stocks), MFIs, central government and post office giro institutions reporting sector - Monetary aggregate M3, All currencies combined - Euro area (changing composition) counterpart, Non-MFIs excluding central government sector, denominated in Euro, data Working day and seasonally adjusted",EUR,6
BSI.M.U2.Y.V.M30.X.1.U2.2300.Z01.E,M,U2,Y,V,M30,X,1,U2,2300,Z01,E,1985-10,1849577,A,F,,,P1M,,E,,,,,,,,,2,,,"Monetary aggregate M3, Stocks","Euro area (changing composition), Outstanding amounts at the end of the period (stocks), MFIs, central government and post office giro institutions reporting sector - Monetary aggregate M3, All currencies combined - Euro area (changing composition) counterpart, Non-MFIs excluding central government sector, denominated in Euro, data Working day and seasonally adjusted",EUR,6
BSI.M.U2.Y.V.M30.X.1.U2.2300.Z01.E,M,U2,Y,V,M30,X,1,U2,2300,Z01,E,1985-11,1856300,A,F,,,P1M,,E,,,,,,,,,2,,,"Monetary aggregate M3, Stocks","Euro area (changing composition), Outstanding amounts at the end of the period (stocks), MFIs, central government and post office giro institutions reporting sector - Monetary aggregate M3, All currencies combined - Euro area (changing composition) counterpart, Non-MFIs excluding central government sector, denominated in Euro, data Working day and seasonally adjusted",EUR,6
BSI.M.U2.Y.V.M30.X.1.U2.2300.Z01.E,M,U2,Y,V,M30,X,1,U2,2300,Z01,E,1985-12,1882118,A,F,,,P1M,,E,,,,,,,,,2,,,"Monetary aggregate M3, Stocks","Euro area (changing composition), Outstanding amounts at the end of the period (stocks), MFIs, central government and post office giro institutions reporting sector - Monetary aggregate M3, All currencies combined - Euro area (changing composition) counterpart, Non-MFIs excluding central government sector, denominated in Euro, data Working day and seasonally adjusted",EUR,6
BSI.M.U2.Y.V.M30.X.1.U2.2300.Z01.E,M,U2,Y,V,M30,X,1,U2,2300,Z01,E,1986-01,1891332,A,F,,,P1M,,E,,,,,,,,,2,,,"Monetary aggregate M3, Stocks","Euro area (changing composition), Outstanding amounts at the end of the period (stocks), MFIs, central government and post office giro institutions reporting sector - Monetary aggregate M3, All currencies combined - Euro area (changing composition) counterpart, Non-MFIs excluding central government sector, denominated in Euro, data Working day and seasonally adjusted",EUR,6
BSI.M.U2.Y.V.M30.X.1.U2.2300.Z01.E,M,U2,Y,V,M30,X,1,U2,2300,Z01,E,1986-02,1899853,A,F,,,P1M,,E,,,,,,,,,2,,,"Monetary aggregate M3, Stocks","Euro area (changing composition), Outstanding amounts at the end of the period (stocks), MFIs, central government and post office giro institutions reporting sector - Monetary aggregate M3, All currencies combined - Euro area (changing composition) counterpart, Non-MFIs excluding central government sector, denominated in Euro, data Working day and seasonally adjusted",EUR,6
BSI.M.U2.Y.V.M30.X.1.U2.2300.Z01.E,M,U2,Y,V,M30,X,1,U2,2300,Z01,E,1986-03,1919041,A,F,,,P1M,,E,,,,,,,,,2,,,"Monetary aggregate M3, Stocks","Euro area (changing composition), Outstanding amounts at the end of the period (stocks), MFIs, central government and post office giro institutions reporting sector - Monetary aggregate M3, All currencies combined - Euro area (changing composition) counterpart, Non-MFIs excluding central government sector, denominated in Euro, data Working day and seasonally adjusted",EUR,6
BSI.M.U2.Y.V.M30.X.1.U2.2300.Z01.E,M,U2,Y,V,M30,X,1,U2,2300,Z01,E,1986-04,1917327,A,F,,,P1M,,E,,,,,,,,,2,,,"Monetary aggregate M3, Stocks","Euro area (changing composition), Outstanding amounts at the end of the period (stocks), MFIs, central government and post office giro institutions reporting sector - Monetary aggregate M3, All currencies combined - Euro area (changing composition) counterpart, Non-MFIs excluding central government sector, denominated in Euro, data Working day and seasonally adjusted",EUR,6
BSI.M.U2.Y.V.M30.X.1.U2.2300.Z01.E,M,U2,Y,V,M30,X,1,U2,2300,Z01,E,1986-05,1927726,A,F,,,P1M,,E,,,,,,,,,2,,,"Monetary aggregate M3, Stocks","Euro area (changing composition), Outstanding amounts at the end of the period (stocks), MFIs, central government and post office giro institutions reporting sector - Monetary aggregate M3, All currencies combined - Euro area (changing composition) counterpart, Non-MFIs excluding central government sector, denominated in Euro, data Working day and seasonally adjusted",EUR,6
BSI.M.U2.Y.V.M30.X.1.U2.2300.Z01.E,M,U2,Y,V,M30,X,1,U2,2300,Z01,E,1986-06,1936535,A,F,,,P1M,,E,,,,,,,,,2,,,"Monetary aggregate M3, Stocks","Euro area (changing composition), Outstanding amounts at the end of the period (stocks), MFIs, central government and post office giro institutions reporting sector - Monetary aggregate M3, All currencies combined - Euro area (changing composition) counterpart, Non-MFIs excluding central government sector, denominated in Euro, data Working day and seasonally adjusted",EUR,6
BSI.M.U2.Y.V.M30.X.1.U2.2300.Z01.E,M,U2,Y,V,M30,X,1,U2,2300,Z01,E,1986-07,1950177,A,F,,,P1M,,E,,,,,,,,,2,,,"Monetary aggregate M3, Stocks","Euro area (changing composition), Outstanding amounts at the end of the period (stocks), MFIs, central government and post office giro institutions reporting sector - Monetary aggregate M3, All currencies combined - Euro area (changing composition) counterpart, Non-MFIs excluding central government sector, denominated in Euro, data Working day and seasonally adjusted",EUR,6
BSI.M.U2.Y.V.M30.X.1.U2.2300.Z01.E,M,U2,Y,V,M30,X,1,U2,2300,Z01,E,1986-08,1961502,A,F,,,P1M,,E,,,,,,,,,2,,,"Monetary aggregate M3, Stocks","Euro area (changing composition), Outstanding amounts at the end of the period (stocks), MFIs, central government and post office giro institutions reporting sector - Monetary aggregate M3, All currencies combined - Euro area (changing composition) counterpart, Non-MFIs excluding central government sector, denominated in Euro, data Working day and seasonally adjusted",EUR,6
BSI.M.U2.Y.V.M30.X.1.U2.2300.Z01.E,M,U2,Y,V,M30,X,1,U2,2300,Z01,E,1986-09,1976548,A,F,,,P1M,,E,,,,,,,,,2,,,"Monetary aggregate M3, Stocks","Euro area (changing composition), Outstanding amounts at the end of the period (stocks), MFIs, central government and post office giro institutions reporting sector - Monetary aggregate M3, All currencies combined - Euro area (changing composition) counterpart, Non-MFIs excluding central government sector, denominated in Euro, data Working day and seasonally adjusted",EUR,6
BSI.M.U2.Y.V.M30.X.1.U2.2300.Z01.E,M,U2,Y,V,M30,X,1,U2,2300,Z01,E,1986-10,1995452,A,F,,,P1M,,E,,,,,,,,,2,,,"Monetary aggregate M3, Stocks","Euro area (changing composition), Outstanding amounts at the end of the period (stocks), MFIs, central government and post office giro institutions reporting sector - Monetary aggregate M3, All currencies combined - Euro area (changing composition) counterpart, Non-MFIs excluding central government sector, denominated in Euro, data Working day and seasonally adjusted",EUR,6
BSI.M.U2.Y.V.M30.X.1.U2.2300.Z01.E,M,U2,Y,V,M30,X,1,U2,2300,Z01,E,1986-11,2004194,A,F,,,P1M,,E,,,,,,,,,2,,,"Monetary aggregate M3, Stocks","Euro area (changing composition), Outstanding amounts at the end of the period (stocks), MFIs, central government and post office giro institutions reporting sector - Monetary aggregate M3, All currencies combined - Euro area (changing composition) counterpart, Non-MFIs excluding central government sector, denominated in Euro, data Working day and seasonally adjusted",EUR,6
BSI.M.U2.Y.V.M30.X.1.U2.2300.Z01.E,M,U2,Y,V,M30,X,1,U2,2300,Z01,E,1986-12,2011545,A,F,,,P1M,,E,,,,,,,,,2,,,"Monetary aggregate M3, Stocks","Euro area (changing composition), Outstanding amounts at the end of the period (stocks), MFIs, central government and post office giro institutions reporting sector - Monetary aggregate M3, All currencies combined - Euro area (changing composition) counterpart, Non-MFIs excluding central government sector, denominated in Euro, data Working day and seasonally adjusted",EUR,6
BSI.M.U2.Y.V.M30.X.1.U2.2300.Z01.E,M,U2,Y,V,M30,X,1,U2,2300,Z01,E,1987-01,2026350,A,F,,,P1M,,E,,,,,,,,,2,,,"Monetary aggregate M3, Stocks","Euro area (changing composition), Outstanding amounts at the end of the period (stocks), MFIs, central government and post office giro institutions reporting sector - Monetary aggregate M3, All currencies combined - Euro area (changing composition) counterpart, Non-MFIs excluding central government sector, denominated in Euro, data Working day and seasonally adjusted",EUR,6
BSI.M.U2.Y.V.M30.X.1.U2.2300.Z01.E,M,U2,Y,V,M30,X,1,U2,2300,Z01,E,1987-02,2038106,A,F,,,P1M,,E,,,,,,,,,2,,,"Monetary aggregate M3, Stocks","Euro area (changing composition), Outstanding amounts at the end of the period (stocks), MFIs, central government and post office giro institutions reporting sector - Monetary aggregate M3, All currencies combined - Euro area (changing composition) counterpart, Non-MFIs excluding central government sector, denominated in Euro, data Working day and seasonally adjusted",EUR,6
BSI.M.U2.Y.V.M30.X.1.U2.2300.Z01.E,M,U2,Y,V,M30,X,1,U2,2300,Z01,E,1987-03,2053663,A,F,,,P1M,,E,,,,,,,,,2,,,"Monetary aggregate M3, Stocks","Euro area (changing composition), Outstanding amounts at the end of the period (stocks), MFIs, central government and post office giro institutions reporting sector - Monetary aggregate M3, All currencies combined - Euro area (changing composition) counterpart, Non-MFIs excluding central government sector, denominated in Euro, data Working day and seasonally adjusted",EUR,6
BSI.M.U2.Y.V.M30.X.1.U2.2300.Z01.E,M,U2,Y,V,M30,X,1,U2,2300,Z01,E,1987-04,2069485,A,F,,,P1M,,E,,,,,,,,,2,,,"Monetary aggregate M3, Stocks","Euro area (changing composition), Outstanding amounts at the end of the period (stocks), MFIs, central government and post office giro institutions reporting sector - Monetary aggregate M3, All currencies combined - Euro area (changing composition) counterpart, Non-MFIs excluding central government sector, denominated in Euro, data Working day and seasonally adjusted",EUR,6
BSI.M.U2.Y.V.M30.X.1.U2.2300.Z01.E,M,U2,Y,V,M30,X,1,U2,2300,Z01,E,1987-05,2084022,A,F,,,P1M,,E,,,,,,,,,2,,,"Monetary aggregate M3, Stocks","Euro area (changing composition), Outstanding amounts at the end of the period (stocks), MFIs, central government and post office giro institutions reporting sector - Monetary aggregate M3, All currencies combined - Euro area (changing composition) counterpart, Non-MFIs excluding central government sector, denominated in Euro, data Working day and seasonally adjusted",EUR,6
BSI.M.U2.Y.V.M30.X.1.U2.2300.Z01.E,M,U2,Y,V,M30,X,1,U2,2300,Z01,E,1987-06,2095216,A,F,,,P1M,,E,,,,,,,,,2,,,"Monetary aggregate M3, Stocks","Euro area (changing composition), Outstanding amounts at the end of the period (stocks), MFIs, central government and post office giro institutions reporting sector - Monetary aggregate M3, All currencies combined - Euro area (changing composition) counterpart, Non-MFIs excluding central government sector, denominated in Euro, data Working day and seasonally adjusted",EUR,6
BSI.M.U2.Y.V.M30.X.1.U2.2300.Z01.E,M,U2,Y,V,M30,X,1,U2,2300,Z01,E,1987-07,2109659,A,F,,,P1M,,E,,,,,,,,,2,,,"Monetary aggregate M3, Stocks","Euro area (changing composition), Outstanding amounts at the end of the period (stocks), MFIs, central government and post office giro institutions reporting sector - Monetary aggregate M3, All currencies combined - Euro area (changing composition) counterpart, Non-MFIs excluding central government sector, denominated in Euro, data Working day and seasonally adjusted",EUR,6
BSI.M.U2.Y.V.M30.X.1.U2.2300.Z01.E,M,U2,Y,V,M30,X,1,U2,2300,Z01,E,1987-08,2123852,A,F,,,P1M,,E,,,,,,,,,2,,,"Monetary aggregate M3, Stocks","Euro area (changing composition), Outstanding amounts at the end of the period (stocks), MFIs, central government and post office giro institutions reporting sector - Monetary aggregate M3, All currencies combined - Euro area (changing composition) counterpart, Non-MFIs excluding central government sector, denominated in Euro, data Working day and seasonally adjusted",EUR,6
BSI.M.U2.Y.V.M30.X.1.U2.2300.Z01.E,M,U2,Y,V,M30,X,1,U2,2300,Z01,E,1987-09,2137689,A,F,,,P1M,,E,,,,,,,,,2,,,"Monetary aggregate M3, Stocks","Euro area (changing composition), Outstanding amounts at the end of the period (stocks), MFIs, central government and post office giro institutions reporting sector - Monetary aggregate M3, All currencies combined - Euro area (changing composition) counterpart, Non-MFIs excluding central government sector, denominated in Euro, data Working day and seasonally adjusted",EUR,6
BSI.M.U2.Y.V.M30.X.1.U2.2300.Z01.E,M,U2,Y,V,M30,X,1,U2,2300,Z01,E,1987-10,2155101,A,F,,,P1M,,E,,,,,,,,,2,,,"Monetary aggregate M3, Stocks","Euro area (changing composition), Outstanding amounts at the end of the period (stocks), MFIs, central government and post office giro institutions reporting sector - Monetary aggregate M3, All currencies combined - Euro area (changing composition) counterpart, Non-MFIs excluding central government sector, denominated in Euro, data Working day and seasonally adjusted",EUR,6
BSI.M.U2.Y.V.M30.X.1.U2.2300.Z01.E,M,U2,Y,V,M30,X,1,U2,2300,Z01,E,1987-11,2168100,A,F,,,P1M,,E,,,,,,,,,2,,,"Monetary aggregate M3, Stocks","Euro area (changing composition), Outstanding amounts at the end of the period (stocks), MFIs, central government and post office giro institutions reporting sector - Monetary aggregate M3, All currencies combined - Euro area (changing composition) counterpart, Non-MFIs excluding central government sector, denominated in Euro, data Working day and seasonally adjusted",EUR,6
BSI.M.U2.Y.V.M30.X.1.U2.2300.Z01.E,M,U2,Y,V,M30,X,1,U2,2300,Z01,E,1987-12,2173838,A,F,,,P1M,,E,,,,,,,,,2,,,"Monetary aggregate M3, Stocks","Euro area (changing composition), Outstanding amounts at the end of the period (stocks), MFIs, central government and post office giro institutions reporting sector - Monetary aggregate M3, All currencies combined - Euro area (changing composition) counterpart, Non-MFIs excluding central government sector, denominated in Euro, data Working day and seasonally adjusted",EUR,6
BSI.M.U2.Y.V.M30.X.1.U2.2300.Z01.E,M,U2,Y,V,M30,X,1,U2,2300,Z01,E,1988-01,2186450,A,F,,,P1M,,E,,,,,,,,,2,,,"Monetary aggregate M3, Stocks","Euro area (changing composition), Outstanding amounts at the end of the period (stocks), MFIs, central government and post office giro institutions reporting sector - Monetary aggregate M3, All currencies combined - Euro area (changing composition) counterpart, Non-MFIs excluding central government sector, denominated in Euro, data Working day and seasonally adjusted",EUR,6
BSI.M.U2.Y.V.M30.X.1.U2.2300.Z01.E,M,U2,Y,V,M30,X,1,U2,2300,Z01,E,1988-02,2197901,A,F,,,P1M,,E,,,,,,,,,2,,,"Monetary aggregate M3, Stocks","Euro area (changing composition), Outstanding amounts at the end of the period (stocks), MFIs, central government and post office giro institutions reporting sector - Monetary aggregate M3, All currencies combined - Euro area (changing composition) counterpart, Non-MFIs excluding central government sector, denominated in Euro, data Working day and seasonally adjusted",EUR,6
BSI.M.U2.Y.V.M30.X.1.U2.2300.Z01.E,M,U2,Y,V,M30,X,1,U2,2300,Z01,E,1988-03,2210937,A,F,,,P1M,,E,,,,,,,,,2,,,"Monetary aggregate M3, Stocks","Euro area (changing composition), Outstanding amounts at the end of the period (stocks), MFIs, central government and post office giro institutions reporting sector - Monetary aggregate M3, All currencies combined - Euro area (changing composition) counterpart, Non-MFIs excluding central government sector, denominated in Euro, data Working day and seasonally adjusted",EUR,6
BSI.M.U2.Y.V.M30.X.1.U2.2300.Z01.E,M,U2,Y,V,M30,X,1,U2,2300,Z01,E,1988-04,2234863,A,F,,,P1M,,E,,,,,,,,,2,,,"Monetary aggregate M3, Stocks","Euro area (changing composition), Outstanding amounts at the end of the period (stocks), MFIs, central government and post office giro institutions reporting sector - Monetary aggregate M3, All currencies combined - Euro area (changing composition) counterpart, Non-MFIs excluding central government sector, denominated in Euro, data Working day and seasonally adjusted",EUR,6
BSI.M.U2.Y.V.M30.X.1.U2.2300.Z01.E,M,U2,Y,V,M30,X,1,U2,2300,Z01,E,1988-05,2252687,A,F,,,P1M,,E,,,,,,,,,2,,,"Monetary aggregate M3, Stocks","Euro area (changing composition), Outstanding amounts at the end of the period (stocks), MFIs, central government and post office giro institutions reporting sector - Monetary aggregate M3, All currencies combined - Euro area (changing composition) counterpart, Non-MFIs excluding central government sector, denominated in Euro, data Working day and seasonally adjusted",EUR,6
BSI.M.U2.Y.V.M30.X.1.U2.2300.Z01.E,M,U2,Y,V,M30,X,1,U2,2300,Z01,E,1988-06,2262415,A,F,,,P1M,,E,,,,,,,,,2,,,"Monetary aggregate M3, Stocks","Euro area (changing composition), Outstanding amounts at the end of the period (stocks), MFIs, central government and post office giro institutions reporting sector - Monetary aggregate M3, All currencies combined - Euro area (changing composition) counterpart, Non-MFIs excluding central government sector, denominated in Euro, data Working day and seasonally adjusted",EUR,6
BSI.M.U2.Y.V.M30.X.1.U2.2300.Z01.E,M,U2,Y,V,M30,X,1,U2,2300,Z01,E,1988-07,2280986,A,F,,,P1M,,E,,,,,,,,,2,,,"Monetary aggregate M3, Stocks","Euro area (changing composition), Outstanding amounts at the end of the period (stocks), MFIs, central government and post office giro institutions reporting sector - Monetary aggregate M3, All currencies combined - Euro area (changing composition) counterpart, Non-MFIs excluding central government sector, denominated in Euro, data Working day and seasonally adjusted",EUR,6
BSI.M.U2.Y.V.M30.X.1.U2.2300.Z01.E,M,U2,Y,V,M30,X,1,U2,2300,Z01,E,1988-08,2300792,A,F,,,P1M,,E,,,,,,,,,2,,,"Monetary aggregate M3, Stocks","Euro area (changing composition), Outstanding amounts at the end of the period (stocks), MFIs, central government and post office giro institutions reporting sector - Monetary aggregate M3, All currencies combined - Euro area (changing composition) counterpart, Non-MFIs excluding central government sector, denominated in Euro, data Working day and seasonally adjusted",EUR,6
BSI.M.U2.Y.V.M30.X.1.U2.2300.Z01.E,M,U2,Y,V,M30,X,1,U2,2300,Z01,E,1988-09,2315101,A,F,,,P1M,,E,,,,,,,,,2,,,"Monetary aggregate M3, Stocks","Euro area (changing composition), Outstanding amounts at the end of the period (stocks), MFIs, central government and post office giro institutions reporting sector - Monetary aggregate M3, All currencies combined - Euro area (changing composition) counterpart, Non-MFIs excluding central government sector, denominated in Euro, data Working day and seasonally adjusted",EUR,6
BSI.M.U2.Y.V.M30.X.1.U2.2300.Z01.E,M,U2,Y,V,M30,X,1,U2,2300,Z01,E,1988-10,2334535,A,F,,,P1M,,E,,,,,,,,,2,,,"Monetary aggregate M3, Stocks","Euro area (changing composition), Outstanding amounts at the end of the period (stocks), MFIs, central government and post office giro institutions reporting sector - Monetary aggregate M3, All currencies combined - Euro area (changing composition) counterpart, Non-MFIs excluding central government sector, denominated in Euro, data Working day and seasonally adjusted",EUR,6
BSI.M.U2.Y.V.M30.X.1.U2.2300.Z01.E,M,U2,Y,V,M30,X,1,U2,2300,Z01,E,1988-11,2349769,A,F,,,P1M,,E,,,,,,,,,2,,,"Monetary aggregate M3, Stocks","Euro area (changing composition), Outstanding amounts at the end of the period (stocks), MFIs, central government and post office giro institutions reporting sector - Monetary aggregate M3, All currencies combined - Euro area (changing composition) counterpart, Non-MFIs excluding central government sector, denominated in Euro, data Working day and seasonally adjusted",EUR,6
BSI.M.U2.Y.V.M30.X.1.U2.2300.Z01.E,M,U2,Y,V,M30,X,1,U2,2300,Z01,E,1988-12,2358041,A,F,,,P1M,,E,,,,,,,,,2,,,"Monetary aggregate M3, Stocks","Euro area (changing composition), Outstanding amounts at the end of the period (stocks), MFIs, central government and post office giro institutions reporting sector - Monetary aggregate M3, All currencies combined - Euro area (changing composition) counterpart, Non-MFIs excluding central government sector, denominated in Euro, data Working day and seasonally adjusted",EUR,6
BSI.M.U2.Y.V.M30.X.1.U2.2300.Z01.E,M,U2,Y,V,M30,X,1,U2,2300,Z01,E,1989-01,2374823,A,F,,,P1M,,E,,,,,,,,,2,,,"Monetary aggregate M3, Stocks","Euro area (changing composition), Outstanding amounts at the end of the period (stocks), MFIs, central government and post office giro institutions reporting sector - Monetary aggregate M3, All currencies combined - Euro area (changing composition) counterpart, Non-MFIs excluding central government sector, denominated in Euro, data Working day and seasonally adjusted",EUR,6
BSI.M.U2.Y.V.M30.X.1.U2.2300.Z01.E,M,U2,Y,V,M30,X,1,U2,2300,Z01,E,1989-02,2393302,A,F,,,P1M,,E,,,,,,,,,2,,,"Monetary aggregate M3, Stocks","Euro area (changing composition), Outstanding amounts at the end of the period (stocks), MFIs, central government and post office giro institutions reporting sector - Monetary aggregate M3, All currencies combined - Euro area (changing composition) counterpart, Non-MFIs excluding central government sector, denominated in Euro, data Working day and seasonally adjusted",EUR,6
BSI.M.U2.Y.V.M30.X.1.U2.2300.Z01.E,M,U2,Y,V,M30,X,1,U2,2300,Z01,E,1989-03,2423922,A,F,,,P1M,,E,,,,,,,,,2,,,"Monetary aggregate M3, Stocks","Euro area (changing composition), Outstanding amounts at the end of the period (stocks), MFIs, central government and post office giro institutions reporting sector - Monetary aggregate M3, All currencies combined - Euro area (changing composition) counterpart, Non-MFIs excluding central government sector, denominated in Euro, data Working day and seasonally adjusted",EUR,6
BSI.M.U2.Y.V.M30.X.1.U2.2300.Z01.E,M,U2,Y,V,M30,X,1,U2,2300,Z01,E,1989-04,2431297,A,F,,,P1M,,E,,,,,,,,,2,,,"Monetary aggregate M3, Stocks","Euro area (changing composition), Outstanding amounts at the end of the period (stocks), MFIs, central government and post office giro institutions reporting sector - Monetary aggregate M3, All currencies combined - Euro area (changing composition) counterpart, Non-MFIs excluding central government sector, denominated in Euro, data Working day and seasonally adjusted",EUR,6
BSI.M.U2.Y.V.M30.X.1.U2.2300.Z01.E,M,U2,Y,V,M30,X,1,U2,2300,Z01,E,1989-05,2452172,A,F,,,P1M,,E,,,,,,,,,2,,,"Monetary aggregate M3, Stocks","Euro area (changing composition), Outstanding amounts at the end of the period (stocks), MFIs, central government and post office giro institutions reporting sector - Monetary aggregate M3, All currencies combined - Euro area (changing composition) counterpart, Non-MFIs excluding central government sector, denominated in Euro, data Working day and seasonally adjusted",EUR,6
BSI.M.U2.Y.V.M30.X.1.U2.2300.Z01.E,M,U2,Y,V,M30,X,1,U2,2300,Z01,E,1989-06,2480570,A,F,,,P1M,,E,,,,,,,,,2,,,"Monetary aggregate M3, Stocks","Euro area (changing composition), Outstanding amounts at the end of the period (stocks), MFIs, central government and post office giro institutions reporting sector - Monetary aggregate M3, All currencies combined - Euro area (changing composition) counterpart, Non-MFIs excluding central government sector, denominated in Euro, data Working day and seasonally adjusted",EUR,6
BSI.M.U2.Y.V.M30.X.1.U2.2300.Z01.E,M,U2,Y,V,M30,X,1,U2,2300,Z01,E,1989-07,2502846,A,F,,,P1M,,E,,,,,,,,,2,,,"Monetary aggregate M3, Stocks","Euro area (changing composition), Outstanding amounts at the end of the period (stocks), MFIs, central government and post office giro institutions reporting sector - Monetary aggregate M3, All currencies combined - Euro area (changing composition) counterpart, Non-MFIs excluding central government sector, denominated in Euro, data Working day and seasonally adjusted",EUR,6
BSI.M.U2.Y.V.M30.X.1.U2.2300.Z01.E,M,U2,Y,V,M30,X,1,U2,2300,Z01,E,1989-08,2519586,A,F,,,P1M,,E,,,,,,,,,2,,,"Monetary aggregate M3, Stocks","Euro area (changing composition), Outstanding amounts at the end of the period (stocks), MFIs, central government and post office giro institutions reporting sector - Monetary aggregate M3, All currencies combined - Euro area (changing composition) counterpart, Non-MFIs excluding central government sector, denominated in Euro, data Working day and seasonally adjusted",EUR,6
BSI.M.U2.Y.V.M30.X.1.U2.2300.Z01.E,M,U2,Y,V,M30,X,1,U2,2300,Z01,E,1989-09,2534023,A,F,,,P1M,,E,,,,,,,,,2,,,"Monetary aggregate M3, Stocks","Euro area (changing composition), Outstanding amounts at the end of the period (stocks), MFIs, central government and post office giro institutions reporting sector - Monetary aggregate M3, All currencies combined - Euro area (changing composition) counterpart, Non-MFIs excluding central government sector, denominated in Euro, data Working day and seasonally adjusted",EUR,6
BSI.M.U2.Y.V.M30.X.1.U2.2300.Z01.E,M,U2,Y,V,M30,X,1,U2,2300,Z01,E,1989-10,2548639,A,F,,,P1M,,E,,,,,,,,,2,,,"Monetary aggregate M3, Stocks","Euro area (changing composition), Outstanding amounts at the end of the period (stocks), MFIs, central government and post office giro institutions reporting sector - Monetary aggregate M3, All currencies combined - Euro area (changing composition) counterpart, Non-MFIs excluding central government sector, denominated in Euro, data Working day and seasonally adjusted",EUR,6
BSI.M.U2.Y.V.M30.X.1.U2.2300.Z01.E,M,U2,Y,V,M30,X,1,U2,2300,Z01,E,1989-11,2568371,A,F,,,P1M,,E,,,,,,,,,2,,,"Monetary aggregate M3, Stocks","Euro area (changing composition), Outstanding amounts at the end of the period (stocks), MFIs, central government and post office giro institutions reporting sector - Monetary aggregate M3, All currencies combined - Euro area (changing composition) counterpart, Non-MFIs excluding central government sector, denominated in Euro, data Working day and seasonally adjusted",EUR,6
BSI.M.U2.Y.V.M30.X.1.U2.2300.Z01.E,M,U2,Y,V,M30,X,1,U2,2300,Z01,E,1989-12,2593728,A,F,,,P1M,,E,,,,,,,,,2,,,"Monetary aggregate M3, Stocks","Euro area (changing composition), Outstanding amounts at the end of the period (stocks), MFIs, central government and post office giro institutions reporting sector - Monetary aggregate M3, All currencies combined - Euro area (changing composition) counterpart, Non-MFIs excluding central government sector, denominated in Euro, data Working day and seasonally adjusted",EUR,6
BSI.M.U2.Y.V.M30.X.1.U2.2300.Z01.E,M,U2,Y,V,M30,X,1,U2,2300,Z01,E,1990-01,2621156,A,F,,,P1M,,E,,,,,,,,,2,,,"Monetary aggregate M3, Stocks","Euro area (changing composition), Outstanding amounts at the end of the period (stocks), MFIs, central government and post office giro institutions reporting sector - Monetary aggregate M3, All currencies combined - Euro area (changing composition) counterpart, Non-MFIs excluding central government sector, denominated in Euro, data Working day and seasonally adjusted",EUR,6
BSI.M.U2.Y.V.M30.X.1.U2.2300.Z01.E,M,U2,Y,V,M30,X,1,U2,2300,Z01,E,1990-02,2636316,A,F,,,P1M,,E,,,,,,,,,2,,,"Monetary aggregate M3, Stocks","Euro area (changing composition), Outstanding amounts at the end of the period (stocks), MFIs, central government and post office giro institutions reporting sector - Monetary aggregate M3, All currencies combined - Euro area (changing composition) counterpart, Non-MFIs excluding central government sector, denominated in Euro, data Working day and seasonally adjusted",EUR,6
BSI.M.U2.Y.V.M30.X.1.U2.2300.Z01.E,M,U2,Y,V,M30,X,1,U2,2300,Z01,E,1990-03,2644762,A,F,,,P1M,,E,,,,,,,,,2,,,"Monetary aggregate M3, Stocks","Euro area (changing composition), Outstanding amounts at the end of the period (stocks), MFIs, central government and post office giro institutions reporting sector - Monetary aggregate M3, All currencies combined - Euro area (changing composition) counterpart, Non-MFIs excluding central government sector, denominated in Euro, data Working day and seasonally adjusted",EUR,6
BSI.M.U2.Y.V.M30.X.1.U2.2300.Z01.E,M,U2,Y,V,M30,X,1,U2,2300,Z01,E,1990-04,2655640,A,F,,,P1M,,E,,,,,,,,,2,,,"Monetary aggregate M3, Stocks","Euro area (changing composition), Outstanding amounts at the end of the period (stocks), MFIs, central government and post office giro institutions reporting sector - Monetary aggregate M3, All currencies combined - Euro area (changing composition) counterpart, Non-MFIs excluding central government sector, denominated in Euro, data Working day and seasonally adjusted",EUR,6
BSI.M.U2.Y.V.M30.X.1.U2.2300.Z01.E,M,U2,Y,V,M30,X,1,U2,2300,Z01,E,1990-05,2670162,A,F,,,P1M,,E,,,,,,,,,2,,,"Monetary aggregate M3, Stocks","Euro area (changing composition), Outstanding amounts at the end of the period (stocks), MFIs, central government and post office giro institutions reporting sector - Monetary aggregate M3, All currencies combined - Euro area (changing composition) counterpart, Non-MFIs excluding central government sector, denominated in Euro, data Working day and seasonally adjusted",EUR,6
BSI.M.U2.Y.V.M30.X.1.U2.2300.Z01.E,M,U2,Y,V,M30,X,1,U2,2300,Z01,E,1990-06,2786501,A,F,,,P1M,,E,,,,,,,,,2,,,"Monetary aggregate M3, Stocks","Euro area (changing composition), Outstanding amounts at the end of the period (stocks), MFIs, central government and post office giro institutions reporting sector - Monetary aggregate M3, All currencies combined - Euro area (changing composition) counterpart, Non-MFIs excluding central government sector, denominated in Euro, data Working day and seasonally adjusted",EUR,6
BSI.M.U2.Y.V.M30.X.1.U2.2300.Z01.E,M,U2,Y,V,M30,X,1,U2,2300,Z01,E,1990-07,2804287,A,F,,,P1M,,E,,,,,,,,,2,,,"Monetary aggregate M3, Stocks","Euro area (changing composition), Outstanding amounts at the end of the period (stocks), MFIs, central government and post office giro institutions reporting sector - Monetary aggregate M3, All currencies combined - Euro area (changing composition) counterpart, Non-MFIs excluding central government sector, denominated in Euro, data Working day and seasonally adjusted",EUR,6
BSI.M.U2.Y.V.M30.X.1.U2.2300.Z01.E,M,U2,Y,V,M30,X,1,U2,2300,Z01,E,1990-08,2823790,A,F,,,P1M,,E,,,,,,,,,2,,,"Monetary aggregate M3, Stocks","Euro area (changing composition), Outstanding amounts at the end of the period (stocks), MFIs, central government and post office giro institutions reporting sector - Monetary aggregate M3, All currencies combined - Euro area (changing composition) counterpart, Non-MFIs excluding central government sector, denominated in Euro, data Working day and seasonally adjusted",EUR,6
BSI.M.U2.Y.V.M30.X.1.U2.2300.Z01.E,M,U2,Y,V,M30,X,1,U2,2300,Z01,E,1990-09,2846434,A,F,,,P1M,,E,,,,,,,,,2,,,"Monetary aggregate M3, Stocks","Euro area (changing composition), Outstanding amounts at the end of the period (stocks), MFIs, central government and post office giro institutions reporting sector - Monetary aggregate M3, All currencies combined - Euro area (changing composition) counterpart, Non-MFIs excluding central government sector, denominated in Euro, data Working day and seasonally adjusted",EUR,6
BSI.M.U2.Y.V.M30.X.1.U2.2300.Z01.E,M,U2,Y,V,M30,X,1,U2,2300,Z01,E,1990-10,2864450,A,F,,,P1M,,E,,,,,,,,,2,,,"Monetary aggregate M3, Stocks","Euro area (changing composition), Outstanding amounts at the end of the period (stocks), MFIs, central government and post office giro institutions reporting sector - Monetary aggregate M3, All currencies combined - Euro area (changing composition) counterpart, Non-MFIs excluding central government sector, denominated in Euro, data Working day and seasonally adjusted",EUR,6
BSI.M.U2.Y.V.M30.X.1.U2.2300.Z01.E,M,U2,Y,V,M30,X,1,U2,2300,Z01,E,1990-11,2884653,A,F,,,P1M,,E,,,,,,,,,2,,,"Monetary aggregate M3, Stocks","Euro area (changing composition), Outstanding amounts at the end of the period (stocks), MFIs, central government and post office giro institutions reporting sector - Monetary aggregate M3, All currencies combined - Euro area (changing composition) counterpart, Non-MFIs excluding central government sector, denominated in Euro, data Working day and seasonally adjusted",EUR,6
BSI.M.U2.Y.V.M30.X.1.U2.2300.Z01.E,M,U2,Y,V,M30,X,1,U2,2300,Z01,E,1990-12,2907362,A,F,,,P1M,,E,,,,,,,,,2,,,"Monetary aggregate M3, Stocks","Euro area (changing composition), Outstanding amounts at the end of the period (stocks), MFIs, central government and post office giro institutions reporting sector - Monetary aggregate M3, All currencies combined - Euro area (changing composition) counterpart, Non-MFIs excluding central government sector, denominated in Euro, data Working day and seasonally adjusted",EUR,6
BSI.M.U2.Y.V.M30.X.1.U2.2300.Z01.E,M,U2,Y,V,M30,X,1,U2,2300,Z01,E,1991-01,2923138,A,F,,,P1M,,E,,,,,,,,,2,,,"Monetary aggregate M3, Stocks","Euro area (changing composition), Outstanding amounts at the end of the period (stocks), MFIs, central government and post office giro institutions reporting sector - Monetary aggregate M3, All currencies combined - Euro area (changing composition) counterpart, Non-MFIs excluding central government sector, denominated in Euro, data Working day and seasonally adjusted",EUR,6
BSI.M.U2.Y.V.M30.X.1.U2.2300.Z01.E,M,U2,Y,V,M30,X,1,U2,2300,Z01,E,1991-02,2947536,A,F,,,P1M,,E,,,,,,,,,2,,,"Monetary aggregate M3, Stocks","Euro area (changing composition), Outstanding amounts at the end of the period (stocks), MFIs, central government and post office giro institutions reporting sector - Monetary aggregate M3, All currencies combined - Euro area (changing composition) counterpart, Non-MFIs excluding central government sector, denominated in Euro, data Working day and seasonally adjusted",EUR,6
BSI.M.U2.Y.V.M30.X.1.U2.2300.Z01.E,M,U2,Y,V,M30,X,1,U2,2300,Z01,E,1991-03,2954443,A,F,,,P1M,,E,,,,,,,,,2,,,"Monetary aggregate M3, Stocks","Euro area (changing composition), Outstanding amounts at the end of the period (stocks), MFIs, central government and post office giro institutions reporting sector - Monetary aggregate M3, All currencies combined - Euro area (changing composition) counterpart, Non-MFIs excluding central government sector, denominated in Euro, data Working day and seasonally adjusted",EUR,6
BSI.M.U2.Y.V.M30.X.1.U2.2300.Z01.E,M,U2,Y,V,M30,X,1,U2,2300,Z01,E,1991-04,2969291,A,F,,,P1M,,E,,,,,,,,,2,,,"Monetary aggregate M3, Stocks","Euro area (changing composition), Outstanding amounts at the end of the period (stocks), MFIs, central government and post office giro institutions reporting sector - Monetary aggregate M3, All currencies combined - Euro area (changing composition) counterpart, Non-MFIs excluding central government sector, denominated in Euro, data Working day and seasonally adjusted",EUR,6
BSI.M.U2.Y.V.M30.X.1.U2.2300.Z01.E,M,U2,Y,V,M30,X,1,U2,2300,Z01,E,1991-05,2986959,A,F,,,P1M,,E,,,,,,,,,2,,,"Monetary aggregate M3, Stocks","Euro area (changing composition), Outstanding amounts at the end of the period (stocks), MFIs, central government and post office giro institutions reporting sector - Monetary aggregate M3, All currencies combined - Euro area (changing composition) counterpart, Non-MFIs excluding central government sector, denominated in Euro, data Working day and seasonally adjusted",EUR,6
BSI.M.U2.Y.V.M30.X.1.U2.2300.Z01.E,M,U2,Y,V,M30,X,1,U2,2300,Z01,E,1991-06,3003602,A,F,,,P1M,,E,,,,,,,,,2,,,"Monetary aggregate M3, Stocks","Euro area (changing composition), Outstanding amounts at the end of the period (stocks), MFIs, central government and post office giro institutions reporting sector - Monetary aggregate M3, All currencies combined - Euro area (changing composition) counterpart, Non-MFIs excluding central government sector, denominated in Euro, data Working day and seasonally adjusted",EUR,6
BSI.M.U2.Y.V.M30.X.1.U2.2300.Z01.E,M,U2,Y,V,M30,X,1,U2,2300,Z01,E,1991-07,3025478,A,F,,,P1M,,E,,,,,,,,,2,,,"Monetary aggregate M3, Stocks","Euro area (changing composition), Outstanding amounts at the end of the period (stocks), MFIs, central government and post office giro institutions reporting sector - Monetary aggregate M3, All currencies combined - Euro area (changing composition) counterpart, Non-MFIs excluding central government sector, denominated in Euro, data Working day and seasonally adjusted",EUR,6
BSI.M.U2.Y.V.M30.X.1.U2.2300.Z01.E,M,U2,Y,V,M30,X,1,U2,2300,Z01,E,1991-08,3050014,A,F,,,P1M,,E,,,,,,,,,2,,,"Monetary aggregate M3, Stocks","Euro area (changing composition), Outstanding amounts at the end of the period (stocks), MFIs, central government and post office giro institutions reporting sector - Monetary aggregate M3, All currencies combined - Euro area (changing composition) counterpart, Non-MFIs excluding central government sector, denominated in Euro, data Working day and seasonally adjusted",EUR,6
BSI.M.U2.Y.V.M30.X.1.U2.2300.Z01.E,M,U2,Y,V,M30,X,1,U2,2300,Z01,E,1991-09,3064203,A,F,,,P1M,,E,,,,,,,,,2,,,"Monetary aggregate M3, Stocks","Euro area (changing composition), Outstanding amounts at the end of the period (stocks), MFIs, central government and post office giro institutions reporting sector - Monetary aggregate M3, All currencies combined - Euro area (changing composition) counterpart, Non-MFIs excluding central government sector, denominated in Euro, data Working day and seasonally adjusted",EUR,6
BSI.M.U2.Y.V.M30.X.1.U2.2300.Z01.E,M,U2,Y,V,M30,X,1,U2,2300,Z01,E,1991-10,3083316,A,F,,,P1M,,E,,,,,,,,,2,,,"Monetary aggregate M3, Stocks","Euro area (changing composition), Outstanding amounts at the end of the period (stocks), MFIs, central government and post office giro institutions reporting sector - Monetary aggregate M3, All currencies combined - Euro area (changing composition) counterpart, Non-MFIs excluding central government sector, denominated in Euro, data Working day and seasonally adjusted",EUR,6
BSI.M.U2.Y.V.M30.X.1.U2.2300.Z01.E,M,U2,Y,V,M30,X,1,U2,2300,Z01,E,1991-11,3109461,A,F,,,P1M,,E,,,,,,,,,2,,,"Monetary aggregate M3, Stocks","Euro area (changing composition), Outstanding amounts at the end of the period (stocks), MFIs, central government and post office giro institutions reporting sector - Monetary aggregate M3, All currencies combined - Euro area (changing composition) counterpart, Non-MFIs excluding central government sector, denominated in Euro, data Working day and seasonally adjusted",EUR,6
BSI.M.U2.Y.V.M30.X.1.U2.2300.Z01.E,M,U2,Y,V,M30,X,1,U2,2300,Z01,E,1991-12,3132988,A,F,,,P1M,,E,,,,,,,,,2,,,"Monetary aggregate M3, Stocks","Euro area (changing composition), Outstanding amounts at the end of the period (stocks), MFIs, central government and post office giro institutions reporting sector - Monetary aggregate M3, All currencies combined - Euro area (changing composition) counterpart, Non-MFIs excluding central government sector, denominated in Euro, data Working day and seasonally adjusted",EUR,6
BSI.M.U2.Y.V.M30.X.1.U2.2300.Z01.E,M,U2,Y,V,M30,X,1,U2,2300,Z01,E,1992-01,3137429,A,F,,,P1M,,E,,,,,,,,,2,,,"Monetary aggregate M3, Stocks","Euro area (changing composition), Outstanding amounts at the end of the period (stocks), MFIs, central government and post office giro institutions reporting sector - Monetary aggregate M3, All currencies combined - Euro area (changing composition) counterpart, Non-MFIs excluding central government sector, denominated in Euro, data Working day and seasonally adjusted",EUR,6
BSI.M.U2.Y.V.M30.X.1.U2.2300.Z01.E,M,U2,Y,V,M30,X,1,U2,2300,Z01,E,1992-02,3152683,A,F,,,P1M,,E,,,,,,,,,2,,,"Monetary aggregate M3, Stocks","Euro area (changing composition), Outstanding amounts at the end of the period (stocks), MFIs, central government and post office giro institutions reporting sector - Monetary aggregate M3, All currencies combined - Euro area (changing composition) counterpart, Non-MFIs excluding central government sector, denominated in Euro, data Working day and seasonally adjusted",EUR,6
BSI.M.U2.Y.V.M30.X.1.U2.2300.Z01.E,M,U2,Y,V,M30,X,1,U2,2300,Z01,E,1992-03,3174957,A,F,,,P1M,,E,,,,,,,,,2,,,"Monetary aggregate M3, Stocks","Euro area (changing composition), Outstanding amounts at the end of the period (stocks), MFIs, central government and post office giro institutions reporting sector - Monetary aggregate M3, All currencies combined - Euro area (changing composition) counterpart, Non-MFIs excluding central government sector, denominated in Euro, data Working day and seasonally adjusted",EUR,6
BSI.M.U2.Y.V.M30.X.1.U2.2300.Z01.E,M,U2,Y,V,M30,X,1,U2,2300,Z01,E,1992-04,3206393,A,F,,,P1M,,E,,,,,,,,,2,,,"Monetary aggregate M3, Stocks","Euro area (changing composition), Outstanding amounts at the end of the period (stocks), MFIs, central government and post office giro institutions reporting sector - Monetary aggregate M3, All currencies combined - Euro area (changing composition) counterpart, Non-MFIs excluding central government sector, denominated in Euro, data Working day and seasonally adjusted",EUR,6
BSI.M.U2.Y.V.M30.X.1.U2.2300.Z01.E,M,U2,Y,V,M30,X,1,U2,2300,Z01,E,1992-05,3232729,A,F,,,P1M,,E,,,,,,,,,2,,,"Monetary aggregate M3, Stocks","Euro area (changing composition), Outstanding amounts at the end of the period (stocks), MFIs, central government and post office giro institutions reporting sector - Monetary aggregate M3, All currencies combined - Euro area (changing composition) counterpart, Non-MFIs excluding central government sector, denominated in Euro, data Working day and seasonally adjusted",EUR,6
BSI.M.U2.Y.V.M30.X.1.U2.2300.Z01.E,M,U2,Y,V,M30,X,1,U2,2300,Z01,E,1992-06,3249564,A,F,,,P1M,,E,,,,,,,,,2,,,"Monetary aggregate M3, Stocks","Euro area (changing composition), Outstanding amounts at the end of the period (stocks), MFIs, central government and post office giro institutions reporting sector - Monetary aggregate M3, All currencies combined - Euro area (changing composition) counterpart, Non-MFIs excluding central government sector, denominated in Euro, data Working day and seasonally adjusted",EUR,6
BSI.M.U2.Y.V.M30.X.1.U2.2300.Z01.E,M,U2,Y,V,M30,X,1,U2,2300,Z01,E,1992-07,3271402,A,F,,,P1M,,E,,,,,,,,,2,,,"Monetary aggregate M3, Stocks","Euro area (changing composition), Outstanding amounts at the end of the period (stocks), MFIs, central government and post office giro institutions reporting sector - Monetary aggregate M3, All currencies combined - Euro area (changing composition) counterpart, Non-MFIs excluding central government sector, denominated in Euro, data Working day and seasonally adjusted",EUR,6
BSI.M.U2.Y.V.M30.X.1.U2.2300.Z01.E,M,U2,Y,V,M30,X,1,U2,2300,Z01,E,1992-08,3285469,A,F,,,P1M,,E,,,,,,,,,2,,,"Monetary aggregate M3, Stocks","Euro area (changing composition), Outstanding amounts at the end of the period (stocks), MFIs, central government and post office giro institutions reporting sector - Monetary aggregate M3, All currencies combined - Euro area (changing composition) counterpart, Non-MFIs excluding central government sector, denominated in Euro, data Working day and seasonally adjusted",EUR,6
BSI.M.U2.Y.V.M30.X.1.U2.2300.Z01.E,M,U2,Y,V,M30,X,1,U2,2300,Z01,E,1992-09,3332285,A,F,,,P1M,,E,,,,,,,,,2,,,"Monetary aggregate M3, Stocks","Euro area (changing composition), Outstanding amounts at the end of the period (stocks), MFIs, central government and post office giro institutions reporting sector - Monetary aggregate M3, All currencies combined - Euro area (changing composition) counterpart, Non-MFIs excluding central government sector, denominated in Euro, data Working day and seasonally adjusted",EUR,6
BSI.M.U2.Y.V.M30.X.1.U2.2300.Z01.E,M,U2,Y,V,M30,X,1,U2,2300,Z01,E,1992-10,3336785,A,F,,,P1M,,E,,,,,,,,,2,,,"Monetary aggregate M3, Stocks","Euro area (changing composition), Outstanding amounts at the end of the period (stocks), MFIs, central government and post office giro institutions reporting sector - Monetary aggregate M3, All currencies combined - Euro area (changing composition) counterpart, Non-MFIs excluding central government sector, denominated in Euro, data Working day and seasonally adjusted",EUR,6
BSI.M.U2.Y.V.M30.X.1.U2.2300.Z01.E,M,U2,Y,V,M30,X,1,U2,2300,Z01,E,1992-11,3361978,A,F,,,P1M,,E,,,,,,,,,2,,,"Monetary aggregate M3, Stocks","Euro area (changing composition), Outstanding amounts at the end of the period (stocks), MFIs, central government and post office giro institutions reporting sector - Monetary aggregate M3, All currencies combined - Euro area (changing composition) counterpart, Non-MFIs excluding central government sector, denominated in Euro, data Working day and seasonally adjusted",EUR,6
BSI.M.U2.Y.V.M30.X.1.U2.2300.Z01.E,M,U2,Y,V,M30,X,1,U2,2300,Z01,E,1992-12,3365086,A,F,,,P1M,,E,,,,,,,,,2,,,"Monetary aggregate M3, Stocks","Euro area (changing composition), Outstanding amounts at the end of the period (stocks), MFIs, central government and post office giro institutions reporting sector - Monetary aggregate M3, All currencies combined - Euro area (changing composition) counterpart, Non-MFIs excluding central government sector, denominated in Euro, data Working day and seasonally adjusted",EUR,6
BSI.M.U2.Y.V.M30.X.1.U2.2300.Z01.E,M,U2,Y,V,M30,X,1,U2,2300,Z01,E,1993-01,3378259,A,F,,,P1M,,E,,,,,,,,,2,,,"Monetary aggregate M3, Stocks","Euro area (changing composition), Outstanding amounts at the end of the period (stocks), MFIs, central government and post office giro institutions reporting sector - Monetary aggregate M3, All currencies combined - Euro area (changing composition) counterpart, Non-MFIs excluding central government sector, denominated in Euro, data Working day and seasonally adjusted",EUR,6
BSI.M.U2.Y.V.M30.X.1.U2.2300.Z01.E,M,U2,Y,V,M30,X,1,U2,2300,Z01,E,1993-02,3396757,A,F,,,P1M,,E,,,,,,,,,2,,,"Monetary aggregate M3, Stocks","Euro area (changing composition), Outstanding amounts at the end of the period (stocks), MFIs, central government and post office giro institutions reporting sector - Monetary aggregate M3, All currencies combined - Euro area (changing composition) counterpart, Non-MFIs excluding central government sector, denominated in Euro, data Working day and seasonally adjusted",EUR,6
BSI.M.U2.Y.V.M30.X.1.U2.2300.Z01.E,M,U2,Y,V,M30,X,1,U2,2300,Z01,E,1993-03,3441196,A,F,,,P1M,,E,,,,,,,,,2,,,"Monetary aggregate M3, Stocks","Euro area (changing composition), Outstanding amounts at the end of the period (stocks), MFIs, central government and post office giro institutions reporting sector - Monetary aggregate M3, All currencies combined - Euro area (changing composition) counterpart, Non-MFIs excluding central government sector, denominated in Euro, data Working day and seasonally adjusted",EUR,6
BSI.M.U2.Y.V.M30.X.1.U2.2300.Z01.E,M,U2,Y,V,M30,X,1,U2,2300,Z01,E,1993-04,3450523,A,F,,,P1M,,E,,,,,,,,,2,,,"Monetary aggregate M3, Stocks","Euro area (changing composition), Outstanding amounts at the end of the period (stocks), MFIs, central government and post office giro institutions reporting sector - Monetary aggregate M3, All currencies combined - Euro area (changing composition) counterpart, Non-MFIs excluding central government sector, denominated in Euro, data Working day and seasonally adjusted",EUR,6
BSI.M.U2.Y.V.M30.X.1.U2.2300.Z01.E,M,U2,Y,V,M30,X,1,U2,2300,Z01,E,1993-05,3469532,A,F,,,P1M,,E,,,,,,,,,2,,,"Monetary aggregate M3, Stocks","Euro area (changing composition), Outstanding amounts at the end of the period (stocks), MFIs, central government and post office giro institutions reporting sector - Monetary aggregate M3, All currencies combined - Euro area (changing composition) counterpart, Non-MFIs excluding central government sector, denominated in Euro, data Working day and seasonally adjusted",EUR,6
BSI.M.U2.Y.V.M30.X.1.U2.2300.Z01.E,M,U2,Y,V,M30,X,1,U2,2300,Z01,E,1993-06,3479485,A,F,,,P1M,,E,,,,,,,,,2,,,"Monetary aggregate M3, Stocks","Euro area (changing composition), Outstanding amounts at the end of the period (stocks), MFIs, central government and post office giro institutions reporting sector - Monetary aggregate M3, All currencies combined - Euro area (changing composition) counterpart, Non-MFIs excluding central government sector, denominated in Euro, data Working day and seasonally adjusted",EUR,6
BSI.M.U2.Y.V.M30.X.1.U2.2300.Z01.E,M,U2,Y,V,M30,X,1,U2,2300,Z01,E,1993-07,3487064,A,F,,,P1M,,E,,,,,,,,,2,,,"Monetary aggregate M3, Stocks","Euro area (changing composition), Outstanding amounts at the end of the period (stocks), MFIs, central government and post office giro institutions reporting sector - Monetary aggregate M3, All currencies combined - Euro area (changing composition) counterpart, Non-MFIs excluding central government sector, denominated in Euro, data Working day and seasonally adjusted",EUR,6
BSI.M.U2.Y.V.M30.X.1.U2.2300.Z01.E,M,U2,Y,V,M30,X,1,U2,2300,Z01,E,1993-08,3503529,A,F,,,P1M,,E,,,,,,,,,2,,,"Monetary aggregate M3, Stocks","Euro area (changing composition), Outstanding amounts at the end of the period (stocks), MFIs, central government and post office giro institutions reporting sector - Monetary aggregate M3, All currencies combined - Euro area (changing composition) counterpart, Non-MFIs excluding central government sector, denominated in Euro, data Working day and seasonally adjusted",EUR,6
BSI.M.U2.Y.V.M30.X.1.U2.2300.Z01.E,M,U2,Y,V,M30,X,1,U2,2300,Z01,E,1993-09,3515151,A,F,,,P1M,,E,,,,,,,,,2,,,"Monetary aggregate M3, Stocks","Euro area (changing composition), Outstanding amounts at the end of the period (stocks), MFIs, central government and post office giro institutions reporting sector - Monetary aggregate M3, All currencies combined - Euro area (changing composition) counterpart, Non-MFIs excluding central government sector, denominated in Euro, data Working day and seasonally adjusted",EUR,6
BSI.M.U2.Y.V.M30.X.1.U2.2300.Z01.E,M,U2,Y,V,M30,X,1,U2,2300,Z01,E,1993-10,3540903,A,F,,,P1M,,E,,,,,,,,,2,,,"Monetary aggregate M3, Stocks","Euro area (changing composition), Outstanding amounts at the end of the period (stocks), MFIs, central government and post office giro institutions reporting sector - Monetary aggregate M3, All currencies combined - Euro area (changing composition) counterpart, Non-MFIs excluding central government sector, denominated in Euro, data Working day and seasonally adjusted",EUR,6
BSI.M.U2.Y.V.M30.X.1.U2.2300.Z01.E,M,U2,Y,V,M30,X,1,U2,2300,Z01,E,1993-11,3562936,A,F,,,P1M,,E,,,,,,,,,2,,,"Monetary aggregate M3, Stocks","Euro area (changing composition), Outstanding amounts at the end of the period (stocks), MFIs, central government and post office giro institutions reporting sector - Monetary aggregate M3, All currencies combined - Euro area (changing composition) counterpart, Non-MFIs excluding central government sector, denominated in Euro, data Working day and seasonally adjusted",EUR,6
BSI.M.U2.Y.V.M30.X.1.U2.2300.Z01.E,M,U2,Y,V,M30,X,1,U2,2300,Z01,E,1993-12,3588556,A,F,,,P1M,,E,,,,,,,,,2,,,"Monetary aggregate M3, Stocks","Euro area (changing composition), Outstanding amounts at the end of the period (stocks), MFIs, central government and post office giro institutions reporting sector - Monetary aggregate M3, All currencies combined - Euro area (changing composition) counterpart, Non-MFIs excluding central government sector, denominated in Euro, data Working day and seasonally adjusted",EUR,6
BSI.M.U2.Y.V.M30.X.1.U2.2300.Z01.E,M,U2,Y,V,M30,X,1,U2,2300,Z01,E,1994-01,3598429,A,F,,,P1M,,E,,,,,,,,,2,,,"Monetary aggregate M3, Stocks","Euro area (changing composition), Outstanding amounts at the end of the period (stocks), MFIs, central government and post office giro institutions reporting sector - Monetary aggregate M3, All currencies combined - Euro area (changing composition) counterpart, Non-MFIs excluding central government sector, denominated in Euro, data Working day and seasonally adjusted",EUR,6
BSI.M.U2.Y.V.M30.X.1.U2.2300.Z01.E,M,U2,Y,V,M30,X,1,U2,2300,Z01,E,1994-02,3606066,A,F,,,P1M,,E,,,,,,,,,2,,,"Monetary aggregate M3, Stocks","Euro area (changing composition), Outstanding amounts at the end of the period (stocks), MFIs, central government and post office giro institutions reporting sector - Monetary aggregate M3, All currencies combined - Euro area (changing composition) counterpart, Non-MFIs excluding central government sector, denominated in Euro, data Working day and seasonally adjusted",EUR,6
BSI.M.U2.Y.V.M30.X.1.U2.2300.Z01.E,M,U2,Y,V,M30,X,1,U2,2300,Z01,E,1994-03,3622879,A,F,,,P1M,,E,,,,,,,,,2,,,"Monetary aggregate M3, Stocks","Euro area (changing composition), Outstanding amounts at the end of the period (stocks), MFIs, central government and post office giro institutions reporting sector - Monetary aggregate M3, All currencies combined - Euro area (changing composition) counterpart, Non-MFIs excluding central government sector, denominated in Euro, data Working day and seasonally adjusted",EUR,6
BSI.M.U2.Y.V.M30.X.1.U2.2300.Z01.E,M,U2,Y,V,M30,X,1,U2,2300,Z01,E,1994-04,3633025,A,F,,,P1M,,E,,,,,,,,,2,,,"Monetary aggregate M3, Stocks","Euro area (changing composition), Outstanding amounts at the end of the period (stocks), MFIs, central government and post office giro institutions reporting sector - Monetary aggregate M3, All currencies combined - Euro area (changing composition) counterpart, Non-MFIs excluding central government sector, denominated in Euro, data Working day and seasonally adjusted",EUR,6
BSI.M.U2.Y.V.M30.X.1.U2.2300.Z01.E,M,U2,Y,V,M30,X,1,U2,2300,Z01,E,1994-05,3632446,A,F,,,P1M,,E,,,,,,,,,2,,,"Monetary aggregate M3, Stocks","Euro area (changing composition), Outstanding amounts at the end of the period (stocks), MFIs, central government and post office giro institutions reporting sector - Monetary aggregate M3, All currencies combined - Euro area (changing composition) counterpart, Non-MFIs excluding central government sector, denominated in Euro, data Working day and seasonally adjusted",EUR,6
BSI.M.U2.Y.V.M30.X.1.U2.2300.Z01.E,M,U2,Y,V,M30,X,1,U2,2300,Z01,E,1994-06,3642375,A,F,,,P1M,,E,,,,,,,,,2,,,"Monetary aggregate M3, Stocks","Euro area (changing composition), Outstanding amounts at the end of the period (stocks), MFIs, central government and post office giro institutions reporting sector - Monetary aggregate M3, All currencies combined - Euro area (changing composition) counterpart, Non-MFIs excluding central government sector, denominated in Euro, data Working day and seasonally adjusted",EUR,6
BSI.M.U2.Y.V.M30.X.1.U2.2300.Z01.E,M,U2,Y,V,M30,X,1,U2,2300,Z01,E,1994-07,3656552,A,F,,,P1M,,E,,,,,,,,,2,,,"Monetary aggregate M3, Stocks","Euro area (changing composition), Outstanding amounts at the end of the period (stocks), MFIs, central government and post office giro institutions reporting sector - Monetary aggregate M3, All currencies combined - Euro area (changing composition) counterpart, Non-MFIs excluding central government sector, denominated in Euro, data Working day and seasonally adjusted",EUR,6
BSI.M.U2.Y.V.M30.X.1.U2.2300.Z01.E,M,U2,Y,V,M30,X,1,U2,2300,Z01,E,1994-08,3656590,A,F,,,P1M,,E,,,,,,,,,2,,,"Monetary aggregate M3, Stocks","Euro area (changing composition), Outstanding amounts at the end of the period (stocks), MFIs, central government and post office giro institutions reporting sector - Monetary aggregate M3, All currencies combined - Euro area (changing composition) counterpart, Non-MFIs excluding central government sector, denominated in Euro, data Working day and seasonally adjusted",EUR,6
BSI.M.U2.Y.V.M30.X.1.U2.2300.Z01.E,M,U2,Y,V,M30,X,1,U2,2300,Z01,E,1994-09,3656168,A,F,,,P1M,,E,,,,,,,,,2,,,"Monetary aggregate M3, Stocks","Euro area (changing composition), Outstanding amounts at the end of the period (stocks), MFIs, central government and post office giro institutions reporting sector - Monetary aggregate M3, All currencies combined - Euro area (changing composition) counterpart, Non-MFIs excluding central government sector, denominated in Euro, data Working day and seasonally adjusted",EUR,6
BSI.M.U2.Y.V.M30.X.1.U2.2300.Z01.E,M,U2,Y,V,M30,X,1,U2,2300,Z01,E,1994-10,3670601,A,F,,,P1M,,E,,,,,,,,,2,,,"Monetary aggregate M3, Stocks","Euro area (changing composition), Outstanding amounts at the end of the period (stocks), MFIs, central government and post office giro institutions reporting sector - Monetary aggregate M3, All currencies combined - Euro area (changing composition) counterpart, Non-MFIs excluding central government sector, denominated in Euro, data Working day and seasonally adjusted",EUR,6
BSI.M.U2.Y.V.M30.X.1.U2.2300.Z01.E,M,U2,Y,V,M30,X,1,U2,2300,Z01,E,1994-11,3678013,A,F,,,P1M,,E,,,,,,,,,2,,,"Monetary aggregate M3, Stocks","Euro area (changing composition), Outstanding amounts at the end of the period (stocks), MFIs, central government and post office giro institutions reporting sector - Monetary aggregate M3, All currencies combined - Euro area (changing composition) counterpart, Non-MFIs excluding central government sector, denominated in Euro, data Working day and seasonally adjusted",EUR,6
BSI.M.U2.Y.V.M30.X.1.U2.2300.Z01.E,M,U2,Y,V,M30,X,1,U2,2300,Z01,E,1994-12,3672401,A,F,,,P1M,,E,,,,,,,,,2,,,"Monetary aggregate M3, Stocks","Euro area (changing composition), Outstanding amounts at the end of the period (stocks), MFIs, central government and post office giro institutions reporting sector - Monetary aggregate M3, All currencies combined - Euro area (changing composition) counterpart, Non-MFIs excluding central government sector, denominated in Euro, data Working day and seasonally adjusted",EUR,6
BSI.M.U2.Y.V.M30.X.1.U2.2300.Z01.E,M,U2,Y,V,M30,X,1,U2,2300,Z01,E,1995-01,3679631,A,F,,,P1M,,E,,,,,,,,,2,,,"Monetary aggregate M3, Stocks","Euro area (changing composition), Outstanding amounts at the end of the period (stocks), MFIs, central government and post office giro institutions reporting sector - Monetary aggregate M3, All currencies combined - Euro area (changing composition) counterpart, Non-MFIs excluding central government sector, denominated in Euro, data Working day and seasonally adjusted",EUR,6
BSI.M.U2.Y.V.M30.X.1.U2.2300.Z01.E,M,U2,Y,V,M30,X,1,U2,2300,Z01,E,1995-02,3700799,A,F,,,P1M,,E,,,,,,,,,2,,,"Monetary aggregate M3, Stocks","Euro area (changing composition), Outstanding amounts at the end of the period (stocks), MFIs, central government and post office giro institutions reporting sector - Monetary aggregate M3, All currencies combined - Euro area (changing composition) counterpart, Non-MFIs excluding central government sector, denominated in Euro, data Working day and seasonally adjusted",EUR,6
BSI.M.U2.Y.V.M30.X.1.U2.2300.Z01.E,M,U2,Y,V,M30,X,1,U2,2300,Z01,E,1995-03,3698901,A,F,,,P1M,,E,,,,,,,,,2,,,"Monetary aggregate M3, Stocks","Euro area (changing composition), Outstanding amounts at the end of the period (stocks), MFIs, central government and post office giro institutions reporting sector - Monetary aggregate M3, All currencies combined - Euro area (changing composition) counterpart, Non-MFIs excluding central government sector, denominated in Euro, data Working day and seasonally adjusted",EUR,6
BSI.M.U2.Y.V.M30.X.1.U2.2300.Z01.E,M,U2,Y,V,M30,X,1,U2,2300,Z01,E,1995-04,3709760,A,F,,,P1M,,E,,,,,,,,,2,,,"Monetary aggregate M3, Stocks","Euro area (changing composition), Outstanding amounts at the end of the period (stocks), MFIs, central government and post office giro institutions reporting sector - Monetary aggregate M3, All currencies combined - Euro area (changing composition) counterpart, Non-MFIs excluding central government sector, denominated in Euro, data Working day and seasonally adjusted",EUR,6
BSI.M.U2.Y.V.M30.X.1.U2.2300.Z01.E,M,U2,Y,V,M30,X,1,U2,2300,Z01,E,1995-05,3730389,A,F,,,P1M,,E,,,,,,,,,2,,,"Monetary aggregate M3, Stocks","Euro area (changing composition), Outstanding amounts at the end of the period (stocks), MFIs, central government and post office giro institutions reporting sector - Monetary aggregate M3, All currencies combined - Euro area (changing composition) counterpart, Non-MFIs excluding central government sector, denominated in Euro, data Working day and seasonally adjusted",EUR,6
BSI.M.U2.Y.V.M30.X.1.U2.2300.Z01.E,M,U2,Y,V,M30,X,1,U2,2300,Z01,E,1995-06,3752177,A,F,,,P1M,,E,,,,,,,,,2,,,"Monetary aggregate M3, Stocks","Euro area (changing composition), Outstanding amounts at the end of the period (stocks), MFIs, central government and post office giro institutions reporting sector - Monetary aggregate M3, All currencies combined - Euro area (changing composition) counterpart, Non-MFIs excluding central government sector, denominated in Euro, data Working day and seasonally adjusted",EUR,6
BSI.M.U2.Y.V.M30.X.1.U2.2300.Z01.E,M,U2,Y,V,M30,X,1,U2,2300,Z01,E,1995-07,3758401,A,F,,,P1M,,E,,,,,,,,,2,,,"Monetary aggregate M3, Stocks","Euro area (changing composition), Outstanding amounts at the end of the period (stocks), MFIs, central government and post office giro institutions reporting sector - Monetary aggregate M3, All currencies combined - Euro area (changing composition) counterpart, Non-MFIs excluding central government sector, denominated in Euro, data Working day and seasonally adjusted",EUR,6
BSI.M.U2.Y.V.M30.X.1.U2.2300.Z01.E,M,U2,Y,V,M30,X,1,U2,2300,Z01,E,1995-08,3781841,A,F,,,P1M,,E,,,,,,,,,2,,,"Monetary aggregate M3, Stocks","Euro area (changing composition), Outstanding amounts at the end of the period (stocks), MFIs, central government and post office giro institutions reporting sector - Monetary aggregate M3, All currencies combined - Euro area (changing composition) counterpart, Non-MFIs excluding central government sector, denominated in Euro, data Working day and seasonally adjusted",EUR,6
BSI.M.U2.Y.V.M30.X.1.U2.2300.Z01.E,M,U2,Y,V,M30,X,1,U2,2300,Z01,E,1995-09,3804491,A,F,,,P1M,,E,,,,,,,,,2,,,"Monetary aggregate M3, Stocks","Euro area (changing composition), Outstanding amounts at the end of the period (stocks), MFIs, central government and post office giro institutions reporting sector - Monetary aggregate M3, All currencies combined - Euro area (changing composition) counterpart, Non-MFIs excluding central government sector, denominated in Euro, data Working day and seasonally adjusted",EUR,6
BSI.M.U2.Y.V.M30.X.1.U2.2300.Z01.E,M,U2,Y,V,M30,X,1,U2,2300,Z01,E,1995-10,3820462,A,F,,,P1M,,E,,,,,,,,,2,,,"Monetary aggregate M3, Stocks","Euro area (changing composition), Outstanding amounts at the end of the period (stocks), MFIs, central government and post office giro institutions reporting sector - Monetary aggregate M3, All currencies combined - Euro area (changing composition) counterpart, Non-MFIs excluding central government sector, denominated in Euro, data Working day and seasonally adjusted",EUR,6
BSI.M.U2.Y.V.M30.X.1.U2.2300.Z01.E,M,U2,Y,V,M30,X,1,U2,2300,Z01,E,1995-11,3840964,A,F,,,P1M,,E,,,,,,,,,2,,,"Monetary aggregate M3, Stocks","Euro area (changing composition), Outstanding amounts at the end of the period (stocks), MFIs, central government and post office giro institutions reporting sector - Monetary aggregate M3, All currencies combined - Euro area (changing composition) counterpart, Non-MFIs excluding central government sector, denominated in Euro, data Working day and seasonally adjusted",EUR,6
BSI.M.U2.Y.V.M30.X.1.U2.2300.Z01.E,M,U2,Y,V,M30,X,1,U2,2300,Z01,E,1995-12,3877110,A,F,,,P1M,,E,,,,,,,,,2,,,"Monetary aggregate M3, Stocks","Euro area (changing composition), Outstanding amounts at the end of the period (stocks), MFIs, central government and post office giro institutions reporting sector - Monetary aggregate M3, All currencies combined - Euro area (changing composition) counterpart, Non-MFIs excluding central government sector, denominated in Euro, data Working day and seasonally adjusted",EUR,6
BSI.M.U2.Y.V.M30.X.1.U2.2300.Z01.E,M,U2,Y,V,M30,X,1,U2,2300,Z01,E,1996-01,3891983,A,F,,,P1M,,E,,,,,,,,,2,,,"Monetary aggregate M3, Stocks","Euro area (changing composition), Outstanding amounts at the end of the period (stocks), MFIs, central government and post office giro institutions reporting sector - Monetary aggregate M3, All currencies combined - Euro area (changing composition) counterpart, Non-MFIs excluding central government sector, denominated in Euro, data Working day and seasonally adjusted",EUR,6
BSI.M.U2.Y.V.M30.X.1.U2.2300.Z01.E,M,U2,Y,V,M30,X,1,U2,2300,Z01,E,1996-02,3906146,A,F,,,P1M,,E,,,,,,,,,2,,,"Monetary aggregate M3, Stocks","Euro area (changing composition), Outstanding amounts at the end of the period (stocks), MFIs, central government and post office giro institutions reporting sector - Monetary aggregate M3, All currencies combined - Euro area (changing composition) counterpart, Non-MFIs excluding central government sector, denominated in Euro, data Working day and seasonally adjusted",EUR,6
BSI.M.U2.Y.V.M30.X.1.U2.2300.Z01.E,M,U2,Y,V,M30,X,1,U2,2300,Z01,E,1996-03,3919392,A,F,,,P1M,,E,,,,,,,,,2,,,"Monetary aggregate M3, Stocks","Euro area (changing composition), Outstanding amounts at the end of the period (stocks), MFIs, central government and post office giro institutions reporting sector - Monetary aggregate M3, All currencies combined - Euro area (changing composition) counterpart, Non-MFIs excluding central government sector, denominated in Euro, data Working day and seasonally adjusted",EUR,6
BSI.M.U2.Y.V.M30.X.1.U2.2300.Z01.E,M,U2,Y,V,M30,X,1,U2,2300,Z01,E,1996-04,3933563,A,F,,,P1M,,E,,,,,,,,,2,,,"Monetary aggregate M3, Stocks","Euro area (changing composition), Outstanding amounts at the end of the period (stocks), MFIs, central government and post office giro institutions reporting sector - Monetary aggregate M3, All currencies combined - Euro area (changing composition) counterpart, Non-MFIs excluding central government sector, denominated in Euro, data Working day and seasonally adjusted",EUR,6
BSI.M.U2.Y.V.M30.X.1.U2.2300.Z01.E,M,U2,Y,V,M30,X,1,U2,2300,Z01,E,1996-05,3940474,A,F,,,P1M,,E,,,,,,,,,2,,,"Monetary aggregate M3, Stocks","Euro area (changing composition), Outstanding amounts at the end of the period (stocks), MFIs, central government and post office giro institutions reporting sector - Monetary aggregate M3, All currencies combined - Euro area (changing composition) counterpart, Non-MFIs excluding central government sector, denominated in Euro, data Working day and seasonally adjusted",EUR,6
BSI.M.U2.Y.V.M30.X.1.U2.2300.Z01.E,M,U2,Y,V,M30,X,1,U2,2300,Z01,E,1996-06,3948661,A,F,,,P1M,,E,,,,,,,,,2,,,"Monetary aggregate M3, Stocks","Euro area (changing composition), Outstanding amounts at the end of the period (stocks), MFIs, central government and post office giro institutions reporting sector - Monetary aggregate M3, All currencies combined - Euro area (changing composition) counterpart, Non-MFIs excluding central government sector, denominated in Euro, data Working day and seasonally adjusted",EUR,6
BSI.M.U2.Y.V.M30.X.1.U2.2300.Z01.E,M,U2,Y,V,M30,X,1,U2,2300,Z01,E,1996-07,3963579,A,F,,,P1M,,E,,,,,,,,,2,,,"Monetary aggregate M3, Stocks","Euro area (changing composition), Outstanding amounts at the end of the period (stocks), MFIs, central government and post office giro institutions reporting sector - Monetary aggregate M3, All currencies combined - Euro area (changing composition) counterpart, Non-MFIs excluding central government sector, denominated in Euro, data Working day and seasonally adjusted",EUR,6
BSI.M.U2.Y.V.M30.X.1.U2.2300.Z01.E,M,U2,Y,V,M30,X,1,U2,2300,Z01,E,1996-08,3982902,A,F,,,P1M,,E,,,,,,,,,2,,,"Monetary aggregate M3, Stocks","Euro area (changing composition), Outstanding amounts at the end of the period (stocks), MFIs, central government and post office giro institutions reporting sector - Monetary aggregate M3, All currencies combined - Euro area (changing composition) counterpart, Non-MFIs excluding central government sector, denominated in Euro, data Working day and seasonally adjusted",EUR,6
BSI.M.U2.Y.V.M30.X.1.U2.2300.Z01.E,M,U2,Y,V,M30,X,1,U2,2300,Z01,E,1996-09,4002704,A,F,,,P1M,,E,,,,,,,,,2,,,"Monetary aggregate M3, Stocks","Euro area (changing composition), Outstanding amounts at the end of the period (stocks), MFIs, central government and post office giro institutions reporting sector - Monetary aggregate M3, All currencies combined - Euro area (changing composition) counterpart, Non-MFIs excluding central government sector, denominated in Euro, data Working day and seasonally adjusted",EUR,6
BSI.M.U2.Y.V.M30.X.1.U2.2300.Z01.E,M,U2,Y,V,M30,X,1,U2,2300,Z01,E,1996-10,4007200,A,F,,,P1M,,E,,,,,,,,,2,,,"Monetary aggregate M3, Stocks","Euro area (changing composition), Outstanding amounts at the end of the period (stocks), MFIs, central government and post office giro institutions reporting sector - Monetary aggregate M3, All currencies combined - Euro area (changing composition) counterpart, Non-MFIs excluding central government sector, denominated in Euro, data Working day and seasonally adjusted",EUR,6
BSI.M.U2.Y.V.M30.X.1.U2.2300.Z01.E,M,U2,Y,V,M30,X,1,U2,2300,Z01,E,1996-11,4016115,A,F,,,P1M,,E,,,,,,,,,2,,,"Monetary aggregate M3, Stocks","Euro area (changing composition), Outstanding amounts at the end of the period (stocks), MFIs, central government and post office giro institutions reporting sector - Monetary aggregate M3, All currencies combined - Euro area (changing composition) counterpart, Non-MFIs excluding central government sector, denominated in Euro, data Working day and seasonally adjusted",EUR,6
BSI.M.U2.Y.V.M30.X.1.U2.2300.Z01.E,M,U2,Y,V,M30,X,1,U2,2300,Z01,E,1996-12,4037575,A,F,,,P1M,,E,,,,,,,,,2,,,"Monetary aggregate M3, Stocks","Euro area (changing composition), Outstanding amounts at the end of the period (stocks), MFIs, central government and post office giro institutions reporting sector - Monetary aggregate M3, All currencies combined - Euro area (changing composition) counterpart, Non-MFIs excluding central government sector, denominated in Euro, data Working day and seasonally adjusted",EUR,6
BSI.M.U2.Y.V.M30.X.1.U2.2300.Z01.E,M,U2,Y,V,M30,X,1,U2,2300,Z01,E,1997-01,4040762,A,F,,,P1M,,E,,,,,,,,,2,,,"Monetary aggregate M3, Stocks","Euro area (changing composition), Outstanding amounts at the end of the period (stocks), MFIs, central government and post office giro institutions reporting sector - Monetary aggregate M3, All currencies combined - Euro area (changing composition) counterpart, Non-MFIs excluding central government sector, denominated in Euro, data Working day and seasonally adjusted",EUR,6
BSI.M.U2.Y.V.M30.X.1.U2.2300.Z01.E,M,U2,Y,V,M30,X,1,U2,2300,Z01,E,1997-02,4054012,A,F,,,P1M,,E,,,,,,,,,2,,,"Monetary aggregate M3, Stocks","Euro area (changing composition), Outstanding amounts at the end of the period (stocks), MFIs, central government and post office giro institutions reporting sector - Monetary aggregate M3, All currencies combined - Euro area (changing composition) counterpart, Non-MFIs excluding central government sector, denominated in Euro, data Working day and seasonally adjusted",EUR,6
BSI.M.U2.Y.V.M30.X.1.U2.2300.Z01.E,M,U2,Y,V,M30,X,1,U2,2300,Z01,E,1997-03,4061573,A,F,,,P1M,,E,,,,,,,,,2,,,"Monetary aggregate M3, Stocks","Euro area (changing composition), Outstanding amounts at the end of the period (stocks), MFIs, central government and post office giro institutions reporting sector - Monetary aggregate M3, All currencies combined - Euro area (changing composition) counterpart, Non-MFIs excluding central government sector, denominated in Euro, data Working day and seasonally adjusted",EUR,6
BSI.M.U2.Y.V.M30.X.1.U2.2300.Z01.E,M,U2,Y,V,M30,X,1,U2,2300,Z01,E,1997-04,4068933,A,F,,,P1M,,E,,,,,,,,,2,,,"Monetary aggregate M3, Stocks","Euro area (changing composition), Outstanding amounts at the end of the period (stocks), MFIs, central government and post office giro institutions reporting sector - Monetary aggregate M3, All currencies combined - Euro area (changing composition) counterpart, Non-MFIs excluding central government sector, denominated in Euro, data Working day and seasonally adjusted",EUR,6
BSI.M.U2.Y.V.M30.X.1.U2.2300.Z01.E,M,U2,Y,V,M30,X,1,U2,2300,Z01,E,1997-05,4097362,A,F,,,P1M,,E,,,,,,,,,2,,,"Monetary aggregate M3, Stocks","Euro area (changing composition), Outstanding amounts at the end of the period (stocks), MFIs, central government and post office giro institutions reporting sector - Monetary aggregate M3, All currencies combined - Euro area (changing composition) counterpart, Non-MFIs excluding central government sector, denominated in Euro, data Working day and seasonally adjusted",EUR,6
BSI.M.U2.Y.V.M30.X.1.U2.2300.Z01.E,M,U2,Y,V,M30,X,1,U2,2300,Z01,E,1997-06,4121578,A,F,,,P1M,,E,,,,,,,,,2,,,"Monetary aggregate M3, Stocks","Euro area (changing composition), Outstanding amounts at the end of the period (stocks), MFIs, central government and post office giro institutions reporting sector - Monetary aggregate M3, All currencies combined - Euro area (changing composition) counterpart, Non-MFIs excluding central government sector, denominated in Euro, data Working day and seasonally adjusted",EUR,6
BSI.M.U2.Y.V.M30.X.1.U2.2300.Z01.E,M,U2,Y,V,M30,X,1,U2,2300,Z01,E,1997-07,4143617,A,F,,,P1M,,E,,,,,,,,,2,,,"Monetary aggregate M3, Stocks","Euro area (changing composition), Outstanding amounts at the end of the period (stocks), MFIs, central government and post office giro institutions reporting sector - Monetary aggregate M3, All currencies combined - Euro area (changing composition) counterpart, Non-MFIs excluding central government sector, denominated in Euro, data Working day and seasonally adjusted",EUR,6
BSI.M.U2.Y.V.M30.X.1.U2.2300.Z01.E,M,U2,Y,V,M30,X,1,U2,2300,Z01,E,1997-08,4146012,A,F,,,P1M,,E,,,,,,,,,2,,,"Monetary aggregate M3, Stocks","Euro area (changing composition), Outstanding amounts at the end of the period (stocks), MFIs, central government and post office giro institutions reporting sector - Monetary aggregate M3, All currencies combined - Euro area (changing composition) counterpart, Non-MFIs excluding central government sector, denominated in Euro, data Working day and seasonally adjusted",EUR,6
BSI.M.U2.Y.V.M30.X.1.U2.2300.Z01.E,M,U2,Y,V,M30,X,1,U2,2300,Z01,E,1997-09,4169047,A,F,,,P1M,,E,,,,,,,,,2,,,"Monetary aggregate M3, Stocks","Euro area (changing composition), Outstanding amounts at the end of the period (stocks), MFIs, central government and post office giro institutions reporting sector - Monetary aggregate M3, All currencies combined - Euro area (changing composition) counterpart, Non-MFIs excluding central government sector, denominated in Euro, data Working day and seasonally adjusted",EUR,6
BSI.M.U2.Y.V.M30.X.1.U2.2300.Z01.E,M,U2,Y,V,M30,X,1,U2,2300,Z01,E,1997-10,4191990,A,F,,,P1M,,E,,,,,,,,,2,,,"Monetary aggregate M3, Stocks","Euro area (changing composition), Outstanding amounts at the end of the period (stocks), MFIs, central government and post office giro institutions reporting sector - Monetary aggregate M3, All currencies combined - Euro area (changing composition) counterpart, Non-MFIs excluding central government sector, denominated in Euro, data Working day and seasonally adjusted",EUR,6
BSI.M.U2.Y.V.M30.X.1.U2.2300.Z01.E,M,U2,Y,V,M30,X,1,U2,2300,Z01,E,1997-11,4201492,A,F,,,P1M,,E,,,,,,,,,2,,,"Monetary aggregate M3, Stocks","Euro area (changing composition), Outstanding amounts at the end of the period (stocks), MFIs, central government and post office giro institutions reporting sector - Monetary aggregate M3, All currencies combined - Euro area (changing composition) counterpart, Non-MFIs excluding central government sector, denominated in Euro, data Working day and seasonally adjusted",EUR,6
BSI.M.U2.Y.V.M30.X.1.U2.2300.Z01.E,M,U2,Y,V,M30,X,1,U2,2300,Z01,E,1997-12,4222019,A,F,,,P1M,,E,,,,,,,,,2,,,"Monetary aggregate M3, Stocks","Euro area (changing composition), Outstanding amounts at the end of the period (stocks), MFIs, central government and post office giro institutions reporting sector - Monetary aggregate M3, All currencies combined - Euro area (changing composition) counterpart, Non-MFIs excluding central government sector, denominated in Euro, data Working day and seasonally adjusted",EUR,6
BSI.M.U2.Y.V.M30.X.1.U2.2300.Z01.E,M,U2,Y,V,M30,X,1,U2,2300,Z01,E,1998-01,4244379,A,F,,,P1M,,E,,,,,,,,,2,,,"Monetary aggregate M3, Stocks","Euro area (changing composition), Outstanding amounts at the end of the period (stocks), MFIs, central government and post office giro institutions reporting sector - Monetary aggregate M3, All currencies combined - Euro area (changing composition) counterpart, Non-MFIs excluding central government sector, denominated in Euro, data Working day and seasonally adjusted",EUR,6
BSI.M.U2.Y.V.M30.X.1.U2.2300.Z01.E,M,U2,Y,V,M30,X,1,U2,2300,Z01,E,1998-02,4255439,A,F,,,P1M,,E,,,,,,,,,2,,,"Monetary aggregate M3, Stocks","Euro area (changing composition), Outstanding amounts at the end of the period (stocks), MFIs, central government and post office giro institutions reporting sector - Monetary aggregate M3, All currencies combined - Euro area (changing composition) counterpart, Non-MFIs excluding central government sector, denominated in Euro, data Working day and seasonally adjusted",EUR,6
BSI.M.U2.Y.V.M30.X.1.U2.2300.Z01.E,M,U2,Y,V,M30,X,1,U2,2300,Z01,E,1998-03,4267921,A,F,,,P1M,,E,,,,,,,,,2,,,"Monetary aggregate M3, Stocks","Euro area (changing composition), Outstanding amounts at the end of the period (stocks), MFIs, central government and post office giro institutions reporting sector - Monetary aggregate M3, All currencies combined - Euro area (changing composition) counterpart, Non-MFIs excluding central government sector, denominated in Euro, data Working day and seasonally adjusted",EUR,6
BSI.M.U2.Y.V.M30.X.1.U2.2300.Z01.E,M,U2,Y,V,M30,X,1,U2,2300,Z01,E,1998-04,4298513,A,F,,,P1M,,E,,,,,,,,,2,,,"Monetary aggregate M3, Stocks","Euro area (changing composition), Outstanding amounts at the end of the period (stocks), MFIs, central government and post office giro institutions reporting sector - Monetary aggregate M3, All currencies combined - Euro area (changing composition) counterpart, Non-MFIs excluding central government sector, denominated in Euro, data Working day and seasonally adjusted",EUR,6
BSI.M.U2.Y.V.M30.X.1.U2.2300.Z01.E,M,U2,Y,V,M30,X,1,U2,2300,Z01,E,1998-05,4316033,A,F,,,P1M,,E,,,,,,,,,2,,,"Monetary aggregate M3, Stocks","Euro area (changing composition), Outstanding amounts at the end of the period (stocks), MFIs, central government and post office giro institutions reporting sector - Monetary aggregate M3, All currencies combined - Euro area (changing composition) counterpart, Non-MFIs excluding central government sector, denominated in Euro, data Working day and seasonally adjusted",EUR,6
BSI.M.U2.Y.V.M30.X.1.U2.2300.Z01.E,M,U2,Y,V,M30,X,1,U2,2300,Z01,E,1998-06,4340943,A,F,,,P1M,,E,,,,,,,,,2,,,"Monetary aggregate M3, Stocks","Euro area (changing composition), Outstanding amounts at the end of the period (stocks), MFIs, central government and post office giro institutions reporting sector - Monetary aggregate M3, All currencies combined - Euro area (changing composition) counterpart, Non-MFIs excluding central government sector, denominated in Euro, data Working day and seasonally adjusted",EUR,6
BSI.M.U2.Y.V.M30.X.1.U2.2300.Z01.E,M,U2,Y,V,M30,X,1,U2,2300,Z01,E,1998-07,4362649,A,F,,,P1M,,E,,,,,,,,,2,,,"Monetary aggregate M3, Stocks","Euro area (changing composition), Outstanding amounts at the end of the period (stocks), MFIs, central government and post office giro institutions reporting sector - Monetary aggregate M3, All currencies combined - Euro area (changing composition) counterpart, Non-MFIs excluding central government sector, denominated in Euro, data Working day and seasonally adjusted",EUR,6
BSI.M.U2.Y.V.M30.X.1.U2.2300.Z01.E,M,U2,Y,V,M30,X,1,U2,2300,Z01,E,1998-08,4368163,A,F,,,P1M,,E,,,,,,,,,2,,,"Monetary aggregate M3, Stocks","Euro area (changing composition), Outstanding amounts at the end of the period (stocks), MFIs, central government and post office giro institutions reporting sector - Monetary aggregate M3, All currencies combined - Euro area (changing composition) counterpart, Non-MFIs excluding central government sector, denominated in Euro, data Working day and seasonally adjusted",EUR,6
BSI.M.U2.Y.V.M30.X.1.U2.2300.Z01.E,M,U2,Y,V,M30,X,1,U2,2300,Z01,E,1998-09,4371401,A,F,,,P1M,,E,,,,,,,,,2,,,"Monetary aggregate M3, Stocks","Euro area (changing composition), Outstanding amounts at the end of the period (stocks), MFIs, central government and post office giro institutions reporting sector - Monetary aggregate M3, All currencies combined - Euro area (changing composition) counterpart, Non-MFIs excluding central government sector, denominated in Euro, data Working day and seasonally adjusted",EUR,6
BSI.M.U2.Y.V.M30.X.1.U2.2300.Z01.E,M,U2,Y,V,M30,X,1,U2,2300,Z01,E,1998-10,4410036,A,F,,,P1M,,E,,,,,,,,,2,,,"Monetary aggregate M3, Stocks","Euro area (changing composition), Outstanding amounts at the end of the period (stocks), MFIs, central government and post office giro institutions reporting sector - Monetary aggregate M3, All currencies combined - Euro area (changing composition) counterpart, Non-MFIs excluding central government sector, denominated in Euro, data Working day and seasonally adjusted",EUR,6
BSI.M.U2.Y.V.M30.X.1.U2.2300.Z01.E,M,U2,Y,V,M30,X,1,U2,2300,Z01,E,1998-11,4417203,A,F,,,P1M,,E,,,,,,,,,2,,,"Monetary aggregate M3, Stocks","Euro area (changing composition), Outstanding amounts at the end of the period (stocks), MFIs, central government and post office giro institutions reporting sector - Monetary aggregate M3, All currencies combined - Euro area (changing composition) counterpart, Non-MFIs excluding central government sector, denominated in Euro, data Working day and seasonally adjusted",EUR,6
BSI.M.U2.Y.V.M30.X.1.U2.2300.Z01.E,M,U2,Y,V,M30,X,1,U2,2300,Z01,E,1998-12,4422982,A,F,,,P1M,,E,,,,,,,,,2,,,"Monetary aggregate M3, Stocks","Euro area (changing composition), Outstanding amounts at the end of the period (stocks), MFIs, central government and post office giro institutions reporting sector - Monetary aggregate M3, All currencies combined - Euro area (changing composition) counterpart, Non-MFIs excluding central government sector, denominated in Euro, data Working day and seasonally adjusted",EUR,6
BSI.M.U2.Y.V.M30.X.1.U2.2300.Z01.E,M,U2,Y,V,M30,X,1,U2,2300,Z01,E,1999-01,4447197,A,F,,,P1M,,E,,,,,,,,,2,,,"Monetary aggregate M3, Stocks","Euro area (changing composition), Outstanding amounts at the end of the period (stocks), MFIs, central government and post office giro institutions reporting sector - Monetary aggregate M3, All currencies combined - Euro area (changing composition) counterpart, Non-MFIs excluding central government sector, denominated in Euro, data Working day and seasonally adjusted",EUR,6
BSI.M.U2.Y.V.M30.X.1.U2.2300.Z01.E,M,U2,Y,V,M30,X,1,U2,2300,Z01,E,1999-02,4436979,A,F,,,P1M,,E,,,,,,,,,2,,,"Monetary aggregate M3, Stocks","Euro area (changing composition), Outstanding amounts at the end of the period (stocks), MFIs, central government and post office giro institutions reporting sector - Monetary aggregate M3, All currencies combined - Euro area (changing composition) counterpart, Non-MFIs excluding central government sector, denominated in Euro, data Working day and seasonally adjusted",EUR,6
BSI.M.U2.Y.V.M30.X.1.U2.2300.Z01.E,M,U2,Y,V,M30,X,1,U2,2300,Z01,E,1999-03,4453500,A,F,,,P1M,,E,,,,,,,,,2,,,"Monetary aggregate M3, Stocks","Euro area (changing composition), Outstanding amounts at the end of the period (stocks), MFIs, central government and post office giro institutions reporting sector - Monetary aggregate M3, All currencies combined - Euro area (changing composition) counterpart, Non-MFIs excluding central government sector, denominated in Euro, data Working day and seasonally adjusted",EUR,6
BSI.M.U2.Y.V.M30.X.1.U2.2300.Z01.E,M,U2,Y,V,M30,X,1,U2,2300,Z01,E,1999-04,4488386,A,F,,,P1M,,E,,,,,,,,,2,,,"Monetary aggregate M3, Stocks","Euro area (changing composition), Outstanding amounts at the end of the period (stocks), MFIs, central government and post office giro institutions reporting sector - Monetary aggregate M3, All currencies combined - Euro area (changing composition) counterpart, Non-MFIs excluding central government sector, denominated in Euro, data Working day and seasonally adjusted",EUR,6
BSI.M.U2.Y.V.M30.X.1.U2.2300.Z01.E,M,U2,Y,V,M30,X,1,U2,2300,Z01,E,1999-05,4505279,A,F,,,P1M,,E,,,,,,,,,2,,,"Monetary aggregate M3, Stocks","Euro area (changing composition), Outstanding amounts at the end of the period (stocks), MFIs, central government and post office giro institutions reporting sector - Monetary aggregate M3, All currencies combined - Euro area (changing composition) counterpart, Non-MFIs excluding central government sector, denominated in Euro, data Working day and seasonally adjusted",EUR,6
BSI.M.U2.Y.V.M30.X.1.U2.2300.Z01.E,M,U2,Y,V,M30,X,1,U2,2300,Z01,E,1999-06,4537054,A,F,,,P1M,,E,,,,,,,,,2,,,"Monetary aggregate M3, Stocks","Euro area (changing composition), Outstanding amounts at the end of the period (stocks), MFIs, central government and post office giro institutions reporting sector - Monetary aggregate M3, All currencies combined - Euro area (changing composition) counterpart, Non-MFIs excluding central government sector, denominated in Euro, data Working day and seasonally adjusted",EUR,6
BSI.M.U2.Y.V.M30.X.1.U2.2300.Z01.E,M,U2,Y,V,M30,X,1,U2,2300,Z01,E,1999-07,4565970,A,F,,,P1M,,E,,,,,,,,,2,,,"Monetary aggregate M3, Stocks","Euro area (changing composition), Outstanding amounts at the end of the period (stocks), MFIs, central government and post office giro institutions reporting sector - Monetary aggregate M3, All currencies combined - Euro area (changing composition) counterpart, Non-MFIs excluding central government sector, denominated in Euro, data Working day and seasonally adjusted",EUR,6
BSI.M.U2.Y.V.M30.X.1.U2.2300.Z01.E,M,U2,Y,V,M30,X,1,U2,2300,Z01,E,1999-08,4572050,A,F,,,P1M,,E,,,,,,,,,2,,,"Monetary aggregate M3, Stocks","Euro area (changing composition), Outstanding amounts at the end of the period (stocks), MFIs, central government and post office giro institutions reporting sector - Monetary aggregate M3, All currencies combined - Euro area (changing composition) counterpart, Non-MFIs excluding central government sector, denominated in Euro, data Working day and seasonally adjusted",EUR,6
BSI.M.U2.Y.V.M30.X.1.U2.2300.Z01.E,M,U2,Y,V,M30,X,1,U2,2300,Z01,E,1999-09,4594744,A,F,,,P1M,,E,,,,,,,,,2,,,"Monetary aggregate M3, Stocks","Euro area (changing composition), Outstanding amounts at the end of the period (stocks), MFIs, central government and post office giro institutions reporting sector - Monetary aggregate M3, All currencies combined - Euro area (changing composition) counterpart, Non-MFIs excluding central government sector, denominated in Euro, data Working day and seasonally adjusted",EUR,6
BSI.M.U2.Y.V.M30.X.1.U2.2300.Z01.E,M,U2,Y,V,M30,X,1,U2,2300,Z01,E,1999-10,4616547,A,F,,,P1M,,E,,,,,,,,,2,,,"Monetary aggregate M3, Stocks","Euro area (changing composition), Outstanding amounts at the end of the period (stocks), MFIs, central government and post office giro institutions reporting sector - Monetary aggregate M3, All currencies combined - Euro area (changing composition) counterpart, Non-MFIs excluding central government sector, denominated in Euro, data Working day and seasonally adjusted",EUR,6
BSI.M.U2.Y.V.M30.X.1.U2.2300.Z01.E,M,U2,Y,V,M30,X,1,U2,2300,Z01,E,1999-11,4646110,A,F,,,P1M,,E,,,,,,,,,2,,,"Monetary aggregate M3, Stocks","Euro area (changing composition), Outstanding amounts at the end of the period (stocks), MFIs, central government and post office giro institutions reporting sector - Monetary aggregate M3, All currencies combined - Euro area (changing composition) counterpart, Non-MFIs excluding central government sector, denominated in Euro, data Working day and seasonally adjusted",EUR,6
BSI.M.U2.Y.V.M30.X.1.U2.2300.Z01.E,M,U2,Y,V,M30,X,1,U2,2300,Z01,E,1999-12,4667221,A,F,,,P1M,,E,,,,,,,,,2,,,"Monetary aggregate M3, Stocks","Euro area (changing composition), Outstanding amounts at the end of the period (stocks), MFIs, central government and post office giro institutions reporting sector - Monetary aggregate M3, All currencies combined - Euro area (changing composition) counterpart, Non-MFIs excluding central government sector, denominated in Euro, data Working day and seasonally adjusted",EUR,6
BSI.M.U2.Y.V.M30.X.1.U2.2300.Z01.E,M,U2,Y,V,M30,X,1,U2,2300,Z01,E,2000-01,4713205,A,F,,,P1M,,E,,,,,,,,,2,,,"Monetary aggregate M3, Stocks","Euro area (changing composition), Outstanding amounts at the end of the period (stocks), MFIs, central government and post office giro institutions reporting sector - Monetary aggregate M3, All currencies combined - Euro area (changing composition) counterpart, Non-MFIs excluding central government sector, denominated in Euro, data Working day and seasonally adjusted",EUR,6
BSI.M.U2.Y.V.M30.X.1.U2.2300.Z01.E,M,U2,Y,V,M30,X,1,U2,2300,Z01,E,2000-02,4735956,A,F,,,P1M,,E,,,,,,,,,2,,,"Monetary aggregate M3, Stocks","Euro area (changing composition), Outstanding amounts at the end of the period (stocks), MFIs, central government and post office giro institutions reporting sector - Monetary aggregate M3, All currencies combined - Euro area (changing composition) counterpart, Non-MFIs excluding central government sector, denominated in Euro, data Working day and seasonally adjusted",EUR,6
BSI.M.U2.Y.V.M30.X.1.U2.2300.Z01.E,M,U2,Y,V,M30,X,1,U2,2300,Z01,E,2000-03,4766006,A,F,,,P1M,,E,,,,,,,,,2,,,"Monetary aggregate M3, Stocks","Euro area (changing composition), Outstanding amounts at the end of the period (stocks), MFIs, central government and post office giro institutions reporting sector - Monetary aggregate M3, All currencies combined - Euro area (changing composition) counterpart, Non-MFIs excluding central government sector, denominated in Euro, data Working day and seasonally adjusted",EUR,6
BSI.M.U2.Y.V.M30.X.1.U2.2300.Z01.E,M,U2,Y,V,M30,X,1,U2,2300,Z01,E,2000-04,4802801,A,F,,,P1M,,E,,,,,,,,,2,,,"Monetary aggregate M3, Stocks","Euro area (changing composition), Outstanding amounts at the end of the period (stocks), MFIs, central government and post office giro institutions reporting sector - Monetary aggregate M3, All currencies combined - Euro area (changing composition) counterpart, Non-MFIs excluding central government sector, denominated in Euro, data Working day and seasonally adjusted",EUR,6
BSI.M.U2.Y.V.M30.X.1.U2.2300.Z01.E,M,U2,Y,V,M30,X,1,U2,2300,Z01,E,2000-05,4795425,A,F,,,P1M,,E,,,,,,,,,2,,,"Monetary aggregate M3, Stocks","Euro area (changing composition), Outstanding amounts at the end of the period (stocks), MFIs, central government and post office giro institutions reporting sector - Monetary aggregate M3, All currencies combined - Euro area (changing composition) counterpart, Non-MFIs excluding central government sector, denominated in Euro, data Working day and seasonally adjusted",EUR,6
BSI.M.U2.Y.V.M30.X.1.U2.2300.Z01.E,M,U2,Y,V,M30,X,1,U2,2300,Z01,E,2000-06,4788838,A,F,,,P1M,,E,,,,,,,,,2,,,"Monetary aggregate M3, Stocks","Euro area (changing composition), Outstanding amounts at the end of the period (stocks), MFIs, central government and post office giro institutions reporting sector - Monetary aggregate M3, All currencies combined - Euro area (changing composition) counterpart, Non-MFIs excluding central government sector, denominated in Euro, data Working day and seasonally adjusted",EUR,6
BSI.M.U2.Y.V.M30.X.1.U2.2300.Z01.E,M,U2,Y,V,M30,X,1,U2,2300,Z01,E,2000-07,4803137,A,F,,,P1M,,E,,,,,,,,,2,,,"Monetary aggregate M3, Stocks","Euro area (changing composition), Outstanding amounts at the end of the period (stocks), MFIs, central government and post office giro institutions reporting sector - Monetary aggregate M3, All currencies combined - Euro area (changing composition) counterpart, Non-MFIs excluding central government sector, denominated in Euro, data Working day and seasonally adjusted",EUR,6
BSI.M.U2.Y.V.M30.X.1.U2.2300.Z01.E,M,U2,Y,V,M30,X,1,U2,2300,Z01,E,2000-08,4828781,A,F,,,P1M,,E,,,,,,,,,2,,,"Monetary aggregate M3, Stocks","Euro area (changing composition), Outstanding amounts at the end of the period (stocks), MFIs, central government and post office giro institutions reporting sector - Monetary aggregate M3, All currencies combined - Euro area (changing composition) counterpart, Non-MFIs excluding central government sector, denominated in Euro, data Working day and seasonally adjusted",EUR,6
BSI.M.U2.Y.V.M30.X.1.U2.2300.Z01.E,M,U2,Y,V,M30,X,1,U2,2300,Z01,E,2000-09,4830524,A,F,,,P1M,,E,,,,,,,,,2,,,"Monetary aggregate M3, Stocks","Euro area (changing composition), Outstanding amounts at the end of the period (stocks), MFIs, central government and post office giro institutions reporting sector - Monetary aggregate M3, All currencies combined - Euro area (changing composition) counterpart, Non-MFIs excluding central government sector, denominated in Euro, data Working day and seasonally adjusted",EUR,6
BSI.M.U2.Y.V.M30.X.1.U2.2300.Z01.E,M,U2,Y,V,M30,X,1,U2,2300,Z01,E,2000-10,4847849,A,F,,,P1M,,E,,,,,,,,,2,,,"Monetary aggregate M3, Stocks","Euro area (changing composition), Outstanding amounts at the end of the period (stocks), MFIs, central government and post office giro institutions reporting sector - Monetary aggregate M3, All currencies combined - Euro area (changing composition) counterpart, Non-MFIs excluding central government sector, denominated in Euro, data Working day and seasonally adjusted",EUR,6
BSI.M.U2.Y.V.M30.X.1.U2.2300.Z01.E,M,U2,Y,V,M30,X,1,U2,2300,Z01,E,2000-11,4851550,A,F,,,P1M,,E,,,,,,,,,2,,,"Monetary aggregate M3, Stocks","Euro area (changing composition), Outstanding amounts at the end of the period (stocks), MFIs, central government and post office giro institutions reporting sector - Monetary aggregate M3, All currencies combined - Euro area (changing composition) counterpart, Non-MFIs excluding central government sector, denominated in Euro, data Working day and seasonally adjusted",EUR,6
BSI.M.U2.Y.V.M30.X.1.U2.2300.Z01.E,M,U2,Y,V,M30,X,1,U2,2300,Z01,E,2000-12,4859203,A,F,,,P1M,,E,,,,,,,,,2,,,"Monetary aggregate M3, Stocks","Euro area (changing composition), Outstanding amounts at the end of the period (stocks), MFIs, central government and post office giro institutions reporting sector - Monetary aggregate M3, All currencies combined - Euro area (changing composition) counterpart, Non-MFIs excluding central government sector, denominated in Euro, data Working day and seasonally adjusted",EUR,6
BSI.M.U2.Y.V.M30.X.1.U2.2300.Z01.E,M,U2,Y,V,M30,X,1,U2,2300,Z01,E,2001-01,5024537,A,F,,,P1M,,E,,,,,,,,,2,,,"Monetary aggregate M3, Stocks","Euro area (changing composition), Outstanding amounts at the end of the period (stocks), MFIs, central government and post office giro institutions reporting sector - Monetary aggregate M3, All currencies combined - Euro area (changing composition) counterpart, Non-MFIs excluding central government sector, denominated in Euro, data Working day and seasonally adjusted",EUR,6
BSI.M.U2.Y.V.M30.X.1.U2.2300.Z01.E,M,U2,Y,V,M30,X,1,U2,2300,Z01,E,2001-02,5049678,A,F,,,P1M,,E,,,,,,,,,2,,,"Monetary aggregate M3, Stocks","Euro area (changing composition), Outstanding amounts at the end of the period (stocks), MFIs, central government and post office giro institutions reporting sector - Monetary aggregate M3, All currencies combined - Euro area (changing composition) counterpart, Non-MFIs excluding central government sector, denominated in Euro, data Working day and seasonally adjusted",EUR,6
BSI.M.U2.Y.V.M30.X.1.U2.2300.Z01.E,M,U2,Y,V,M30,X,1,U2,2300,Z01,E,2001-03,5079966,A,F,,,P1M,,E,,,,,,,,,2,,,"Monetary aggregate M3, Stocks","Euro area (changing composition), Outstanding amounts at the end of the period (stocks), MFIs, central government and post office giro institutions reporting sector - Monetary aggregate M3, All currencies combined - Euro area (changing composition) counterpart, Non-MFIs excluding central government sector, denominated in Euro, data Working day and seasonally adjusted",EUR,6
BSI.M.U2.Y.V.M30.X.1.U2.2300.Z01.E,M,U2,Y,V,M30,X,1,U2,2300,Z01,E,2001-04,5111811,A,F,,,P1M,,E,,,,,,,,,2,,,"Monetary aggregate M3, Stocks","Euro area (changing composition), Outstanding amounts at the end of the period (stocks), MFIs, central government and post office giro institutions reporting sector - Monetary aggregate M3, All currencies combined - Euro area (changing composition) counterpart, Non-MFIs excluding central government sector, denominated in Euro, data Working day and seasonally adjusted",EUR,6
BSI.M.U2.Y.V.M30.X.1.U2.2300.Z01.E,M,U2,Y,V,M30,X,1,U2,2300,Z01,E,2001-05,5142003,A,F,,,P1M,,E,,,,,,,,,2,,,"Monetary aggregate M3, Stocks","Euro area (changing composition), Outstanding amounts at the end of the period (stocks), MFIs, central government and post office giro institutions reporting sector - Monetary aggregate M3, All currencies combined - Euro area (changing composition) counterpart, Non-MFIs excluding central government sector, denominated in Euro, data Working day and seasonally adjusted",EUR,6
BSI.M.U2.Y.V.M30.X.1.U2.2300.Z01.E,M,U2,Y,V,M30,X,1,U2,2300,Z01,E,2001-06,5192173,A,F,,,P1M,,E,,,,,,,,,2,,,"Monetary aggregate M3, Stocks","Euro area (changing composition), Outstanding amounts at the end of the period (stocks), MFIs, central government and post office giro institutions reporting sector - Monetary aggregate M3, All currencies combined - Euro area (changing composition) counterpart, Non-MFIs excluding central government sector, denominated in Euro, data Working day and seasonally adjusted",EUR,6
BSI.M.U2.Y.V.M30.X.1.U2.2300.Z01.E,M,U2,Y,V,M30,X,1,U2,2300,Z01,E,2001-07,5214090,A,F,,,P1M,,E,,,,,,,,,2,,,"Monetary aggregate M3, Stocks","Euro area (changing composition), Outstanding amounts at the end of the period (stocks), MFIs, central government and post office giro institutions reporting sector - Monetary aggregate M3, All currencies combined - Euro area (changing composition) counterpart, Non-MFIs excluding central government sector, denominated in Euro, data Working day and seasonally adjusted",EUR,6
BSI.M.U2.Y.V.M30.X.1.U2.2300.Z01.E,M,U2,Y,V,M30,X,1,U2,2300,Z01,E,2001-08,5249306,A,F,,,P1M,,E,,,,,,,,,2,,,"Monetary aggregate M3, Stocks","Euro area (changing composition), Outstanding amounts at the end of the period (stocks), MFIs, central government and post office giro institutions reporting sector - Monetary aggregate M3, All currencies combined - Euro area (changing composition) counterpart, Non-MFIs excluding central government sector, denominated in Euro, data Working day and seasonally adjusted",EUR,6
BSI.M.U2.Y.V.M30.X.1.U2.2300.Z01.E,M,U2,Y,V,M30,X,1,U2,2300,Z01,E,2001-09,5296229,A,F,,,P1M,,E,,,,,,,,,2,,,"Monetary aggregate M3, Stocks","Euro area (changing composition), Outstanding amounts at the end of the period (stocks), MFIs, central government and post office giro institutions reporting sector - Monetary aggregate M3, All currencies combined - Euro area (changing composition) counterpart, Non-MFIs excluding central government sector, denominated in Euro, data Working day and seasonally adjusted",EUR,6
BSI.M.U2.Y.V.M30.X.1.U2.2300.Z01.E,M,U2,Y,V,M30,X,1,U2,2300,Z01,E,2001-10,5334043,A,F,,,P1M,,E,,,,,,,,,2,,,"Monetary aggregate M3, Stocks","Euro area (changing composition), Outstanding amounts at the end of the period (stocks), MFIs, central government and post office giro institutions reporting sector - Monetary aggregate M3, All currencies combined - Euro area (changing composition) counterpart, Non-MFIs excluding central government sector, denominated in Euro, data Working day and seasonally adjusted",EUR,6
BSI.M.U2.Y.V.M30.X.1.U2.2300.Z01.E,M,U2,Y,V,M30,X,1,U2,2300,Z01,E,2001-11,5371237,A,F,,,P1M,,E,,,,,,,,,2,,,"Monetary aggregate M3, Stocks","Euro area (changing composition), Outstanding amounts at the end of the period (stocks), MFIs, central government and post office giro institutions reporting sector - Monetary aggregate M3, All currencies combined - Euro area (changing composition) counterpart, Non-MFIs excluding central government sector, denominated in Euro, data Working day and seasonally adjusted",EUR,6
BSI.M.U2.Y.V.M30.X.1.U2.2300.Z01.E,M,U2,Y,V,M30,X,1,U2,2300,Z01,E,2001-12,5402883,A,F,,,P1M,,E,,,,,,,,,2,,,"Monetary aggregate M3, Stocks","Euro area (changing composition), Outstanding amounts at the end of the period (stocks), MFIs, central government and post office giro institutions reporting sector - Monetary aggregate M3, All currencies combined - Euro area (changing composition) counterpart, Non-MFIs excluding central government sector, denominated in Euro, data Working day and seasonally adjusted",EUR,6
BSI.M.U2.Y.V.M30.X.1.U2.2300.Z01.E,M,U2,Y,V,M30,X,1,U2,2300,Z01,E,2002-01,5424797,A,F,,,P1M,,E,,,,,,,,,2,,,"Monetary aggregate M3, Stocks","Euro area (changing composition), Outstanding amounts at the end of the period (stocks), MFIs, central government and post office giro institutions reporting sector - Monetary aggregate M3, All currencies combined - Euro area (changing composition) counterpart, Non-MFIs excluding central government sector, denominated in Euro, data Working day and seasonally adjusted",EUR,6
BSI.M.U2.Y.V.M30.X.1.U2.2300.Z01.E,M,U2,Y,V,M30,X,1,U2,2300,Z01,E,2002-02,5431456,A,F,,,P1M,,E,,,,,,,,,2,,,"Monetary aggregate M3, Stocks","Euro area (changing composition), Outstanding amounts at the end of the period (stocks), MFIs, central government and post office giro institutions reporting sector - Monetary aggregate M3, All currencies combined - Euro area (changing composition) counterpart, Non-MFIs excluding central government sector, denominated in Euro, data Working day and seasonally adjusted",EUR,6
BSI.M.U2.Y.V.M30.X.1.U2.2300.Z01.E,M,U2,Y,V,M30,X,1,U2,2300,Z01,E,2002-03,5453968,A,F,,,P1M,,E,,,,,,,,,2,,,"Monetary aggregate M3, Stocks","Euro area (changing composition), Outstanding amounts at the end of the period (stocks), MFIs, central government and post office giro institutions reporting sector - Monetary aggregate M3, All currencies combined - Euro area (changing composition) counterpart, Non-MFIs excluding central government sector, denominated in Euro, data Working day and seasonally adjusted",EUR,6
BSI.M.U2.Y.V.M30.X.1.U2.2300.Z01.E,M,U2,Y,V,M30,X,1,U2,2300,Z01,E,2002-04,5482865,A,F,,,P1M,,E,,,,,,,,,2,,,"Monetary aggregate M3, Stocks","Euro area (changing composition), Outstanding amounts at the end of the period (stocks), MFIs, central government and post office giro institutions reporting sector - Monetary aggregate M3, All currencies combined - Euro area (changing composition) counterpart, Non-MFIs excluding central government sector, denominated in Euro, data Working day and seasonally adjusted",EUR,6
BSI.M.U2.Y.V.M30.X.1.U2.2300.Z01.E,M,U2,Y,V,M30,X,1,U2,2300,Z01,E,2002-05,5523451,A,F,,,P1M,,E,,,,,,,,,2,,,"Monetary aggregate M3, Stocks","Euro area (changing composition), Outstanding amounts at the end of the period (stocks), MFIs, central government and post office giro institutions reporting sector - Monetary aggregate M3, All currencies combined - Euro area (changing composition) counterpart, Non-MFIs excluding central government sector, denominated in Euro, data Working day and seasonally adjusted",EUR,6
BSI.M.U2.Y.V.M30.X.1.U2.2300.Z01.E,M,U2,Y,V,M30,X,1,U2,2300,Z01,E,2002-06,5539079,A,F,,,P1M,,E,,,,,,,,,2,,,"Monetary aggregate M3, Stocks","Euro area (changing composition), Outstanding amounts at the end of the period (stocks), MFIs, central government and post office giro institutions reporting sector - Monetary aggregate M3, All currencies combined - Euro area (changing composition) counterpart, Non-MFIs excluding central government sector, denominated in Euro, data Working day and seasonally adjusted",EUR,6
BSI.M.U2.Y.V.M30.X.1.U2.2300.Z01.E,M,U2,Y,V,M30,X,1,U2,2300,Z01,E,2002-07,5568190,A,F,,,P1M,,E,,,,,,,,,2,,,"Monetary aggregate M3, Stocks","Euro area (changing composition), Outstanding amounts at the end of the period (stocks), MFIs, central government and post office giro institutions reporting sector - Monetary aggregate M3, All currencies combined - Euro area (changing composition) counterpart, Non-MFIs excluding central government sector, denominated in Euro, data Working day and seasonally adjusted",EUR,6
BSI.M.U2.Y.V.M30.X.1.U2.2300.Z01.E,M,U2,Y,V,M30,X,1,U2,2300,Z01,E,2002-08,5606774,A,F,,,P1M,,E,,,,,,,,,2,,,"Monetary aggregate M3, Stocks","Euro area (changing composition), Outstanding amounts at the end of the period (stocks), MFIs, central government and post office giro institutions reporting sector - Monetary aggregate M3, All currencies combined - Euro area (changing composition) counterpart, Non-MFIs excluding central government sector, denominated in Euro, data Working day and seasonally adjusted",EUR,6
BSI.M.U2.Y.V.M30.X.1.U2.2300.Z01.E,M,U2,Y,V,M30,X,1,U2,2300,Z01,E,2002-09,5660669,A,F,,,P1M,,E,,,,,,,,,2,,,"Monetary aggregate M3, Stocks","Euro area (changing composition), Outstanding amounts at the end of the period (stocks), MFIs, central government and post office giro institutions reporting sector - Monetary aggregate M3, All currencies combined - Euro area (changing composition) counterpart, Non-MFIs excluding central government sector, denominated in Euro, data Working day and seasonally adjusted",EUR,6
BSI.M.U2.Y.V.M30.X.1.U2.2300.Z01.E,M,U2,Y,V,M30,X,1,U2,2300,Z01,E,2002-10,5680917,A,F,,,P1M,,E,,,,,,,,,2,,,"Monetary aggregate M3, Stocks","Euro area (changing composition), Outstanding amounts at the end of the period (stocks), MFIs, central government and post office giro institutions reporting sector - Monetary aggregate M3, All currencies combined - Euro area (changing composition) counterpart, Non-MFIs excluding central government sector, denominated in Euro, data Working day and seasonally adjusted",EUR,6
BSI.M.U2.Y.V.M30.X.1.U2.2300.Z01.E,M,U2,Y,V,M30,X,1,U2,2300,Z01,E,2002-11,5733178,A,F,,,P1M,,E,,,,,,,,,2,,,"Monetary aggregate M3, Stocks","Euro area (changing composition), Outstanding amounts at the end of the period (stocks), MFIs, central government and post office giro institutions reporting sector - Monetary aggregate M3, All currencies combined - Euro area (changing composition) counterpart, Non-MFIs excluding central government sector, denominated in Euro, data Working day and seasonally adjusted",EUR,6
BSI.M.U2.Y.V.M30.X.1.U2.2300.Z01.E,M,U2,Y,V,M30,X,1,U2,2300,Z01,E,2002-12,5767431,A,F,,,P1M,,E,,,,,,,,,2,,,"Monetary aggregate M3, Stocks","Euro area (changing composition), Outstanding amounts at the end of the period (stocks), MFIs, central government and post office giro institutions reporting sector - Monetary aggregate M3, All currencies combined - Euro area (changing composition) counterpart, Non-MFIs excluding central government sector, denominated in Euro, data Working day and seasonally adjusted",EUR,6
BSI.M.U2.Y.V.M30.X.1.U2.2300.Z01.E,M,U2,Y,V,M30,X,1,U2,2300,Z01,E,2003-01,5809186,A,F,,,P1M,,E,,,,,,,,,2,,,"Monetary aggregate M3, Stocks","Euro area (changing composition), Outstanding amounts at the end of the period (stocks), MFIs, central government and post office giro institutions reporting sector - Monetary aggregate M3, All currencies combined - Euro area (changing composition) counterpart, Non-MFIs excluding central government sector, denominated in Euro, data Working day and seasonally adjusted",EUR,6
BSI.M.U2.Y.V.M30.X.1.U2.2300.Z01.E,M,U2,Y,V,M30,X,1,U2,2300,Z01,E,2003-02,5857436,A,F,,,P1M,,E,,,,,,,,,2,,,"Monetary aggregate M3, Stocks","Euro area (changing composition), Outstanding amounts at the end of the period (stocks), MFIs, central government and post office giro institutions reporting sector - Monetary aggregate M3, All currencies combined - Euro area (changing composition) counterpart, Non-MFIs excluding central government sector, denominated in Euro, data Working day and seasonally adjusted",EUR,6
BSI.M.U2.Y.V.M30.X.1.U2.2300.Z01.E,M,U2,Y,V,M30,X,1,U2,2300,Z01,E,2003-03,5880069,A,F,,,P1M,,E,,,,,,,,,2,,,"Monetary aggregate M3, Stocks","Euro area (changing composition), Outstanding amounts at the end of the period (stocks), MFIs, central government and post office giro institutions reporting sector - Monetary aggregate M3, All currencies combined - Euro area (changing composition) counterpart, Non-MFIs excluding central government sector, denominated in Euro, data Working day and seasonally adjusted",EUR,6
BSI.M.U2.Y.V.M30.X.1.U2.2300.Z01.E,M,U2,Y,V,M30,X,1,U2,2300,Z01,E,2003-04,5957074,A,F,,,P1M,,E,,,,,,,,,2,,,"Monetary aggregate M3, Stocks","Euro area (changing composition), Outstanding amounts at the end of the period (stocks), MFIs, central government and post office giro institutions reporting sector - Monetary aggregate M3, All currencies combined - Euro area (changing composition) counterpart, Non-MFIs excluding central government sector, denominated in Euro, data Working day and seasonally adjusted",EUR,6
BSI.M.U2.Y.V.M30.X.1.U2.2300.Z01.E,M,U2,Y,V,M30,X,1,U2,2300,Z01,E,2003-05,5983094,A,F,,,P1M,,E,,,,,,,,,2,,,"Monetary aggregate M3, Stocks","Euro area (changing composition), Outstanding amounts at the end of the period (stocks), MFIs, central government and post office giro institutions reporting sector - Monetary aggregate M3, All currencies combined - Euro area (changing composition) counterpart, Non-MFIs excluding central government sector, denominated in Euro, data Working day and seasonally adjusted",EUR,6
BSI.M.U2.Y.V.M30.X.1.U2.2300.Z01.E,M,U2,Y,V,M30,X,1,U2,2300,Z01,E,2003-06,5990357,A,F,,,P1M,,E,,,,,,,,,2,,,"Monetary aggregate M3, Stocks","Euro area (changing composition), Outstanding amounts at the end of the period (stocks), MFIs, central government and post office giro institutions reporting sector - Monetary aggregate M3, All currencies combined - Euro area (changing composition) counterpart, Non-MFIs excluding central government sector, denominated in Euro, data Working day and seasonally adjusted",EUR,6
BSI.M.U2.Y.V.M30.X.1.U2.2300.Z01.E,M,U2,Y,V,M30,X,1,U2,2300,Z01,E,2003-07,6028830,A,F,,,P1M,,E,,,,,,,,,2,,,"Monetary aggregate M3, Stocks","Euro area (changing composition), Outstanding amounts at the end of the period (stocks), MFIs, central government and post office giro institutions reporting sector - Monetary aggregate M3, All currencies combined - Euro area (changing composition) counterpart, Non-MFIs excluding central government sector, denominated in Euro, data Working day and seasonally adjusted",EUR,6
BSI.M.U2.Y.V.M30.X.1.U2.2300.Z01.E,M,U2,Y,V,M30,X,1,U2,2300,Z01,E,2003-08,6054734,A,F,,,P1M,,E,,,,,,,,,2,,,"Monetary aggregate M3, Stocks","Euro area (changing composition), Outstanding amounts at the end of the period (stocks), MFIs, central government and post office giro institutions reporting sector - Monetary aggregate M3, All currencies combined - Euro area (changing composition) counterpart, Non-MFIs excluding central government sector, denominated in Euro, data Working day and seasonally adjusted",EUR,6
BSI.M.U2.Y.V.M30.X.1.U2.2300.Z01.E,M,U2,Y,V,M30,X,1,U2,2300,Z01,E,2003-09,6057142,A,F,,,P1M,,E,,,,,,,,,2,,,"Monetary aggregate M3, Stocks","Euro area (changing composition), Outstanding amounts at the end of the period (stocks), MFIs, central government and post office giro institutions reporting sector - Monetary aggregate M3, All currencies combined - Euro area (changing composition) counterpart, Non-MFIs excluding central government sector, denominated in Euro, data Working day and seasonally adjusted",EUR,6
BSI.M.U2.Y.V.M30.X.1.U2.2300.Z01.E,M,U2,Y,V,M30,X,1,U2,2300,Z01,E,2003-10,6110399,A,F,,,P1M,,E,,,,,,,,,2,,,"Monetary aggregate M3, Stocks","Euro area (changing composition), Outstanding amounts at the end of the period (stocks), MFIs, central government and post office giro institutions reporting sector - Monetary aggregate M3, All currencies combined - Euro area (changing composition) counterpart, Non-MFIs excluding central government sector, denominated in Euro, data Working day and seasonally adjusted",EUR,6
BSI.M.U2.Y.V.M30.X.1.U2.2300.Z01.E,M,U2,Y,V,M30,X,1,U2,2300,Z01,E,2003-11,6134302,A,F,,,P1M,,E,,,,,,,,,2,,,"Monetary aggregate M3, Stocks","Euro area (changing composition), Outstanding amounts at the end of the period (stocks), MFIs, central government and post office giro institutions reporting sector - Monetary aggregate M3, All currencies combined - Euro area (changing composition) counterpart, Non-MFIs excluding central government sector, denominated in Euro, data Working day and seasonally adjusted",EUR,6
BSI.M.U2.Y.V.M30.X.1.U2.2300.Z01.E,M,U2,Y,V,M30,X,1,U2,2300,Z01,E,2003-12,6148767,A,F,,,P1M,,E,,,,,,,,,2,,,"Monetary aggregate M3, Stocks","Euro area (changing composition), Outstanding amounts at the end of the period (stocks), MFIs, central government and post office giro institutions reporting sector - Monetary aggregate M3, All currencies combined - Euro area (changing composition) counterpart, Non-MFIs excluding central government sector, denominated in Euro, data Working day and seasonally adjusted",EUR,6
BSI.M.U2.Y.V.M30.X.1.U2.2300.Z01.E,M,U2,Y,V,M30,X,1,U2,2300,Z01,E,2004-01,6165335,A,F,,,P1M,,E,,,,,,,,,2,,,"Monetary aggregate M3, Stocks","Euro area (changing composition), Outstanding amounts at the end of the period (stocks), MFIs, central government and post office giro institutions reporting sector - Monetary aggregate M3, All currencies combined - Euro area (changing composition) counterpart, Non-MFIs excluding central government sector, denominated in Euro, data Working day and seasonally adjusted",EUR,6
BSI.M.U2.Y.V.M30.X.1.U2.2300.Z01.E,M,U2,Y,V,M30,X,1,U2,2300,Z01,E,2004-02,6201786,A,F,,,P1M,,E,,,,,,,,,2,,,"Monetary aggregate M3, Stocks","Euro area (changing composition), Outstanding amounts at the end of the period (stocks), MFIs, central government and post office giro institutions reporting sector - Monetary aggregate M3, All currencies combined - Euro area (changing composition) counterpart, Non-MFIs excluding central government sector, denominated in Euro, data Working day and seasonally adjusted",EUR,6
BSI.M.U2.Y.V.M30.X.1.U2.2300.Z01.E,M,U2,Y,V,M30,X,1,U2,2300,Z01,E,2004-03,6232560,A,F,,,P1M,,E,,,,,,,,,2,,,"Monetary aggregate M3, Stocks","Euro area (changing composition), Outstanding amounts at the end of the period (stocks), MFIs, central government and post office giro institutions reporting sector - Monetary aggregate M3, All currencies combined - Euro area (changing composition) counterpart, Non-MFIs excluding central government sector, denominated in Euro, data Working day and seasonally adjusted",EUR,6
BSI.M.U2.Y.V.M30.X.1.U2.2300.Z01.E,M,U2,Y,V,M30,X,1,U2,2300,Z01,E,2004-04,6260857,A,F,,,P1M,,E,,,,,,,,,2,,,"Monetary aggregate M3, Stocks","Euro area (changing composition), Outstanding amounts at the end of the period (stocks), MFIs, central government and post office giro institutions reporting sector - Monetary aggregate M3, All currencies combined - Euro area (changing composition) counterpart, Non-MFIs excluding central government sector, denominated in Euro, data Working day and seasonally adjusted",EUR,6
BSI.M.U2.Y.V.M30.X.1.U2.2300.Z01.E,M,U2,Y,V,M30,X,1,U2,2300,Z01,E,2004-05,6265034,A,F,,,P1M,,E,,,,,,,,,2,,,"Monetary aggregate M3, Stocks","Euro area (changing composition), Outstanding amounts at the end of the period (stocks), MFIs, central government and post office giro institutions reporting sector - Monetary aggregate M3, All currencies combined - Euro area (changing composition) counterpart, Non-MFIs excluding central government sector, denominated in Euro, data Working day and seasonally adjusted",EUR,6
BSI.M.U2.Y.V.M30.X.1.U2.2300.Z01.E,M,U2,Y,V,M30,X,1,U2,2300,Z01,E,2004-06,6315025,A,F,,,P1M,,E,,,,,,,,,2,,,"Monetary aggregate M3, Stocks","Euro area (changing composition), Outstanding amounts at the end of the period (stocks), MFIs, central government and post office giro institutions reporting sector - Monetary aggregate M3, All currencies combined - Euro area (changing composition) counterpart, Non-MFIs excluding central government sector, denominated in Euro, data Working day and seasonally adjusted",EUR,6
BSI.M.U2.Y.V.M30.X.1.U2.2300.Z01.E,M,U2,Y,V,M30,X,1,U2,2300,Z01,E,2004-07,6354328,A,F,,,P1M,,E,,,,,,,,,2,,,"Monetary aggregate M3, Stocks","Euro area (changing composition), Outstanding amounts at the end of the period (stocks), MFIs, central government and post office giro institutions reporting sector - Monetary aggregate M3, All currencies combined - Euro area (changing composition) counterpart, Non-MFIs excluding central government sector, denominated in Euro, data Working day and seasonally adjusted",EUR,6
BSI.M.U2.Y.V.M30.X.1.U2.2300.Z01.E,M,U2,Y,V,M30,X,1,U2,2300,Z01,E,2004-08,6375262,A,F,,,P1M,,E,,,,,,,,,2,,,"Monetary aggregate M3, Stocks","Euro area (changing composition), Outstanding amounts at the end of the period (stocks), MFIs, central government and post office giro institutions reporting sector - Monetary aggregate M3, All currencies combined - Euro area (changing composition) counterpart, Non-MFIs excluding central government sector, denominated in Euro, data Working day and seasonally adjusted",EUR,6
BSI.M.U2.Y.V.M30.X.1.U2.2300.Z01.E,M,U2,Y,V,M30,X,1,U2,2300,Z01,E,2004-09,6417367,A,F,,,P1M,,E,,,,,,,,,2,,,"Monetary aggregate M3, Stocks","Euro area (changing composition), Outstanding amounts at the end of the period (stocks), MFIs, central government and post office giro institutions reporting sector - Monetary aggregate M3, All currencies combined - Euro area (changing composition) counterpart, Non-MFIs excluding central government sector, denominated in Euro, data Working day and seasonally adjusted",EUR,6
BSI.M.U2.Y.V.M30.X.1.U2.2300.Z01.E,M,U2,Y,V,M30,X,1,U2,2300,Z01,E,2004-10,6461295,A,F,,,P1M,,E,,,,,,,,,2,,,"Monetary aggregate M3, Stocks","Euro area (changing composition), Outstanding amounts at the end of the period (stocks), MFIs, central government and post office giro institutions reporting sector - Monetary aggregate M3, All currencies combined - Euro area (changing composition) counterpart, Non-MFIs excluding central government sector, denominated in Euro, data Working day and seasonally adjusted",EUR,6
BSI.M.U2.Y.V.M30.X.1.U2.2300.Z01.E,M,U2,Y,V,M30,X,1,U2,2300,Z01,E,2004-11,6484681,A,F,,,P1M,,E,,,,,,,,,2,,,"Monetary aggregate M3, Stocks","Euro area (changing composition), Outstanding amounts at the end of the period (stocks), MFIs, central government and post office giro institutions reporting sector - Monetary aggregate M3, All currencies combined - Euro area (changing composition) counterpart, Non-MFIs excluding central government sector, denominated in Euro, data Working day and seasonally adjusted",EUR,6
BSI.M.U2.Y.V.M30.X.1.U2.2300.Z01.E,M,U2,Y,V,M30,X,1,U2,2300,Z01,E,2004-12,6540370,A,F,,,P1M,,E,,,,,,,,,2,,,"Monetary aggregate M3, Stocks","Euro area (changing composition), Outstanding amounts at the end of the period (stocks), MFIs, central government and post office giro institutions reporting sector - Monetary aggregate M3, All currencies combined - Euro area (changing composition) counterpart, Non-MFIs excluding central government sector, denominated in Euro, data Working day and seasonally adjusted",EUR,6
BSI.M.U2.Y.V.M30.X.1.U2.2300.Z01.E,M,U2,Y,V,M30,X,1,U2,2300,Z01,E,2005-01,6573488,A,F,,,P1M,,E,,,,,,,,,2,,,"Monetary aggregate M3, Stocks","Euro area (changing composition), Outstanding amounts at the end of the period (stocks), MFIs, central government and post office giro institutions reporting sector - Monetary aggregate M3, All currencies combined - Euro area (changing composition) counterpart, Non-MFIs excluding central government sector, denominated in Euro, data Working day and seasonally adjusted",EUR,6
BSI.M.U2.Y.V.M30.X.1.U2.2300.Z01.E,M,U2,Y,V,M30,X,1,U2,2300,Z01,E,2005-02,6608114,A,F,,,P1M,,E,,,,,,,,,2,,,"Monetary aggregate M3, Stocks","Euro area (changing composition), Outstanding amounts at the end of the period (stocks), MFIs, central government and post office giro institutions reporting sector - Monetary aggregate M3, All currencies combined - Euro area (changing composition) counterpart, Non-MFIs excluding central government sector, denominated in Euro, data Working day and seasonally adjusted",EUR,6
BSI.M.U2.Y.V.M30.X.1.U2.2300.Z01.E,M,U2,Y,V,M30,X,1,U2,2300,Z01,E,2005-03,6628904,A,F,,,P1M,,E,,,,,,,,,2,,,"Monetary aggregate M3, Stocks","Euro area (changing composition), Outstanding amounts at the end of the period (stocks), MFIs, central government and post office giro institutions reporting sector - Monetary aggregate M3, All currencies combined - Euro area (changing composition) counterpart, Non-MFIs excluding central government sector, denominated in Euro, data Working day and seasonally adjusted",EUR,6
BSI.M.U2.Y.V.M30.X.1.U2.2300.Z01.E,M,U2,Y,V,M30,X,1,U2,2300,Z01,E,2005-04,6682171,A,F,,,P1M,,E,,,,,,,,,2,,,"Monetary aggregate M3, Stocks","Euro area (changing composition), Outstanding amounts at the end of the period (stocks), MFIs, central government and post office giro institutions reporting sector - Monetary aggregate M3, All currencies combined - Euro area (changing composition) counterpart, Non-MFIs excluding central government sector, denominated in Euro, data Working day and seasonally adjusted",EUR,6
BSI.M.U2.Y.V.M30.X.1.U2.2300.Z01.E,M,U2,Y,V,M30,X,1,U2,2300,Z01,E,2005-05,6731012,A,F,,,P1M,,E,,,,,,,,,2,,,"Monetary aggregate M3, Stocks","Euro area (changing composition), Outstanding amounts at the end of the period (stocks), MFIs, central government and post office giro institutions reporting sector - Monetary aggregate M3, All currencies combined - Euro area (changing composition) counterpart, Non-MFIs excluding central government sector, denominated in Euro, data Working day and seasonally adjusted",EUR,6
BSI.M.U2.Y.V.M30.X.1.U2.2300.Z01.E,M,U2,Y,V,M30,X,1,U2,2300,Z01,E,2005-06,6807158,A,F,,,P1M,,E,,,,,,,,,2,,,"Monetary aggregate M3, Stocks","Euro area (changing composition), Outstanding amounts at the end of the period (stocks), MFIs, central government and post office giro institutions reporting sector - Monetary aggregate M3, All currencies combined - Euro area (changing composition) counterpart, Non-MFIs excluding central government sector, denominated in Euro, data Working day and seasonally adjusted",EUR,6
BSI.M.U2.Y.V.M30.X.1.U2.2300.Z01.E,M,U2,Y,V,M30,X,1,U2,2300,Z01,E,2005-07,6876098,A,F,,,P1M,,E,,,,,,,,,2,,,"Monetary aggregate M3, Stocks","Euro area (changing composition), Outstanding amounts at the end of the period (stocks), MFIs, central government and post office giro institutions reporting sector - Monetary aggregate M3, All currencies combined - Euro area (changing composition) counterpart, Non-MFIs excluding central government sector, denominated in Euro, data Working day and seasonally adjusted",EUR,6
BSI.M.U2.Y.V.M30.X.1.U2.2300.Z01.E,M,U2,Y,V,M30,X,1,U2,2300,Z01,E,2005-08,6910851,A,F,,,P1M,,E,,,,,,,,,2,,,"Monetary aggregate M3, Stocks","Euro area (changing composition), Outstanding amounts at the end of the period (stocks), MFIs, central government and post office giro institutions reporting sector - Monetary aggregate M3, All currencies combined - Euro area (changing composition) counterpart, Non-MFIs excluding central government sector, denominated in Euro, data Working day and seasonally adjusted",EUR,6
BSI.M.U2.Y.V.M30.X.1.U2.2300.Z01.E,M,U2,Y,V,M30,X,1,U2,2300,Z01,E,2005-09,6972348,A,F,,,P1M,,E,,,,,,,,,2,,,"Monetary aggregate M3, Stocks","Euro area (changing composition), Outstanding amounts at the end of the period (stocks), MFIs, central government and post office giro institutions reporting sector - Monetary aggregate M3, All currencies combined - Euro area (changing composition) counterpart, Non-MFIs excluding central government sector, denominated in Euro, data Working day and seasonally adjusted",EUR,6
BSI.M.U2.Y.V.M30.X.1.U2.2300.Z01.E,M,U2,Y,V,M30,X,1,U2,2300,Z01,E,2005-10,6991045,A,F,,,P1M,,E,,,,,,,,,2,,,"Monetary aggregate M3, Stocks","Euro area (changing composition), Outstanding amounts at the end of the period (stocks), MFIs, central government and post office giro institutions reporting sector - Monetary aggregate M3, All currencies combined - Euro area (changing composition) counterpart, Non-MFIs excluding central government sector, denominated in Euro, data Working day and seasonally adjusted",EUR,6
BSI.M.U2.Y.V.M30.X.1.U2.2300.Z01.E,M,U2,Y,V,M30,X,1,U2,2300,Z01,E,2005-11,7026011,A,F,,,P1M,,E,,,,,,,,,2,,,"Monetary aggregate M3, Stocks","Euro area (changing composition), Outstanding amounts at the end of the period (stocks), MFIs, central government and post office giro institutions reporting sector - Monetary aggregate M3, All currencies combined - Euro area (changing composition) counterpart, Non-MFIs excluding central government sector, denominated in Euro, data Working day and seasonally adjusted",EUR,6
BSI.M.U2.Y.V.M30.X.1.U2.2300.Z01.E,M,U2,Y,V,M30,X,1,U2,2300,Z01,E,2005-12,7087688,A,F,,,P1M,,E,,,,,,,,,2,,,"Monetary aggregate M3, Stocks","Euro area (changing composition), Outstanding amounts at the end of the period (stocks), MFIs, central government and post office giro institutions reporting sector - Monetary aggregate M3, All currencies combined - Euro area (changing composition) counterpart, Non-MFIs excluding central government sector, denominated in Euro, data Working day and seasonally adjusted",EUR,6
BSI.M.U2.Y.V.M30.X.1.U2.2300.Z01.E,M,U2,Y,V,M30,X,1,U2,2300,Z01,E,2006-01,7120559,A,F,,,P1M,,E,,,,,,,,,2,,,"Monetary aggregate M3, Stocks","Euro area (changing composition), Outstanding amounts at the end of the period (stocks), MFIs, central government and post office giro institutions reporting sector - Monetary aggregate M3, All currencies combined - Euro area (changing composition) counterpart, Non-MFIs excluding central government sector, denominated in Euro, data Working day and seasonally adjusted",EUR,6
BSI.M.U2.Y.V.M30.X.1.U2.2300.Z01.E,M,U2,Y,V,M30,X,1,U2,2300,Z01,E,2006-02,7170882,A,F,,,P1M,,E,,,,,,,,,2,,,"Monetary aggregate M3, Stocks","Euro area (changing composition), Outstanding amounts at the end of the period (stocks), MFIs, central government and post office giro institutions reporting sector - Monetary aggregate M3, All currencies combined - Euro area (changing composition) counterpart, Non-MFIs excluding central government sector, denominated in Euro, data Working day and seasonally adjusted",EUR,6
BSI.M.U2.Y.V.M30.X.1.U2.2300.Z01.E,M,U2,Y,V,M30,X,1,U2,2300,Z01,E,2006-03,7221902,A,F,,,P1M,,E,,,,,,,,,2,,,"Monetary aggregate M3, Stocks","Euro area (changing composition), Outstanding amounts at the end of the period (stocks), MFIs, central government and post office giro institutions reporting sector - Monetary aggregate M3, All currencies combined - Euro area (changing composition) counterpart, Non-MFIs excluding central government sector, denominated in Euro, data Working day and seasonally adjusted",EUR,6
BSI.M.U2.Y.V.M30.X.1.U2.2300.Z01.E,M,U2,Y,V,M30,X,1,U2,2300,Z01,E,2006-04,7303181,A,F,,,P1M,,E,,,,,,,,,2,,,"Monetary aggregate M3, Stocks","Euro area (changing composition), Outstanding amounts at the end of the period (stocks), MFIs, central government and post office giro institutions reporting sector - Monetary aggregate M3, All currencies combined - Euro area (changing composition) counterpart, Non-MFIs excluding central government sector, denominated in Euro, data Working day and seasonally adjusted",EUR,6
BSI.M.U2.Y.V.M30.X.1.U2.2300.Z01.E,M,U2,Y,V,M30,X,1,U2,2300,Z01,E,2006-05,7347101,A,F,,,P1M,,E,,,,,,,,,2,,,"Monetary aggregate M3, Stocks","Euro area (changing composition), Outstanding amounts at the end of the period (stocks), MFIs, central government and post office giro institutions reporting sector - Monetary aggregate M3, All currencies combined - Euro area (changing composition) counterpart, Non-MFIs excluding central government sector, denominated in Euro, data Working day and seasonally adjusted",EUR,6
BSI.M.U2.Y.V.M30.X.1.U2.2300.Z01.E,M,U2,Y,V,M30,X,1,U2,2300,Z01,E,2006-06,7384631,A,F,,,P1M,,E,,,,,,,,,2,,,"Monetary aggregate M3, Stocks","Euro area (changing composition), Outstanding amounts at the end of the period (stocks), MFIs, central government and post office giro institutions reporting sector - Monetary aggregate M3, All currencies combined - Euro area (changing composition) counterpart, Non-MFIs excluding central government sector, denominated in Euro, data Working day and seasonally adjusted",EUR,6
BSI.M.U2.Y.V.M30.X.1.U2.2300.Z01.E,M,U2,Y,V,M30,X,1,U2,2300,Z01,E,2006-07,7403368,A,F,,,P1M,,E,,,,,,,,,2,,,"Monetary aggregate M3, Stocks","Euro area (changing composition), Outstanding amounts at the end of the period (stocks), MFIs, central government and post office giro institutions reporting sector - Monetary aggregate M3, All currencies combined - Euro area (changing composition) counterpart, Non-MFIs excluding central government sector, denominated in Euro, data Working day and seasonally adjusted",EUR,6
BSI.M.U2.Y.V.M30.X.1.U2.2300.Z01.E,M,U2,Y,V,M30,X,1,U2,2300,Z01,E,2006-08,7475572,A,F,,,P1M,,E,,,,,,,,,2,,,"Monetary aggregate M3, Stocks","Euro area (changing composition), Outstanding amounts at the end of the period (stocks), MFIs, central government and post office giro institutions reporting sector - Monetary aggregate M3, All currencies combined - Euro area (changing composition) counterpart, Non-MFIs excluding central government sector, denominated in Euro, data Working day and seasonally adjusted",EUR,6
BSI.M.U2.Y.V.M30.X.1.U2.2300.Z01.E,M,U2,Y,V,M30,X,1,U2,2300,Z01,E,2006-09,7573385,A,F,,,P1M,,E,,,,,,,,,2,,,"Monetary aggregate M3, Stocks","Euro area (changing composition), Outstanding amounts at the end of the period (stocks), MFIs, central government and post office giro institutions reporting sector - Monetary aggregate M3, All currencies combined - Euro area (changing composition) counterpart, Non-MFIs excluding central government sector, denominated in Euro, data Working day and seasonally adjusted",EUR,6
BSI.M.U2.Y.V.M30.X.1.U2.2300.Z01.E,M,U2,Y,V,M30,X,1,U2,2300,Z01,E,2006-10,7598494,A,F,,,P1M,,E,,,,,,,,,2,,,"Monetary aggregate M3, Stocks","Euro area (changing composition), Outstanding amounts at the end of the period (stocks), MFIs, central government and post office giro institutions reporting sector - Monetary aggregate M3, All currencies combined - Euro area (changing composition) counterpart, Non-MFIs excluding central government sector, denominated in Euro, data Working day and seasonally adjusted",EUR,6
BSI.M.U2.Y.V.M30.X.1.U2.2300.Z01.E,M,U2,Y,V,M30,X,1,U2,2300,Z01,E,2006-11,7652322,A,F,,,P1M,,E,,,,,,,,,2,,,"Monetary aggregate M3, Stocks","Euro area (changing composition), Outstanding amounts at the end of the period (stocks), MFIs, central government and post office giro institutions reporting sector - Monetary aggregate M3, All currencies combined - Euro area (changing composition) counterpart, Non-MFIs excluding central government sector, denominated in Euro, data Working day and seasonally adjusted",EUR,6
BSI.M.U2.Y.V.M30.X.1.U2.2300.Z01.E,M,U2,Y,V,M30,X,1,U2,2300,Z01,E,2006-12,7753569,A,F,,,P1M,,E,,,,,,,,,2,,,"Monetary aggregate M3, Stocks","Euro area (changing composition), Outstanding amounts at the end of the period (stocks), MFIs, central government and post office giro institutions reporting sector - Monetary aggregate M3, All currencies combined - Euro area (changing composition) counterpart, Non-MFIs excluding central government sector, denominated in Euro, data Working day and seasonally adjusted",EUR,6
BSI.M.U2.Y.V.M30.X.1.U2.2300.Z01.E,M,U2,Y,V,M30,X,1,U2,2300,Z01,E,2007-01,7838901,A,F,,,P1M,,E,,,,,,,,,2,,,"Monetary aggregate M3, Stocks","Euro area (changing composition), Outstanding amounts at the end of the period (stocks), MFIs, central government and post office giro institutions reporting sector - Monetary aggregate M3, All currencies combined - Euro area (changing composition) counterpart, Non-MFIs excluding central government sector, denominated in Euro, data Working day and seasonally adjusted",EUR,6
BSI.M.U2.Y.V.M30.X.1.U2.2300.Z01.E,M,U2,Y,V,M30,X,1,U2,2300,Z01,E,2007-02,7889608,A,F,,,P1M,,E,,,,,,,,,2,,,"Monetary aggregate M3, Stocks","Euro area (changing composition), Outstanding amounts at the end of the period (stocks), MFIs, central government and post office giro institutions reporting sector - Monetary aggregate M3, All currencies combined - Euro area (changing composition) counterpart, Non-MFIs excluding central government sector, denominated in Euro, data Working day and seasonally adjusted",EUR,6
BSI.M.U2.Y.V.M30.X.1.U2.2300.Z01.E,M,U2,Y,V,M30,X,1,U2,2300,Z01,E,2007-03,8008864,A,F,,,P1M,,E,,,,,,,,,2,,,"Monetary aggregate M3, Stocks","Euro area (changing composition), Outstanding amounts at the end of the period (stocks), MFIs, central government and post office giro institutions reporting sector - Monetary aggregate M3, All currencies combined - Euro area (changing composition) counterpart, Non-MFIs excluding central government sector, denominated in Euro, data Working day and seasonally adjusted",EUR,6
BSI.M.U2.Y.V.M30.X.1.U2.2300.Z01.E,M,U2,Y,V,M30,X,1,U2,2300,Z01,E,2007-04,8032194,A,F,,,P1M,,E,,,,,,,,,2,,,"Monetary aggregate M3, Stocks","Euro area (changing composition), Outstanding amounts at the end of the period (stocks), MFIs, central government and post office giro institutions reporting sector - Monetary aggregate M3, All currencies combined - Euro area (changing composition) counterpart, Non-MFIs excluding central government sector, denominated in Euro, data Working day and seasonally adjusted",EUR,6
BSI.M.U2.Y.V.M30.X.1.U2.2300.Z01.E,M,U2,Y,V,M30,X,1,U2,2300,Z01,E,2007-05,8131881,A,F,,,P1M,,E,,,,,,,,,2,,,"Monetary aggregate M3, Stocks","Euro area (changing composition), Outstanding amounts at the end of the period (stocks), MFIs, central government and post office giro institutions reporting sector - Monetary aggregate M3, All currencies combined - Euro area (changing composition) counterpart, Non-MFIs excluding central government sector, denominated in Euro, data Working day and seasonally adjusted",EUR,6
BSI.M.U2.Y.V.M30.X.1.U2.2300.Z01.E,M,U2,Y,V,M30,X,1,U2,2300,Z01,E,2007-06,8206302,A,F,,,P1M,,E,,,,,,,,,2,,,"Monetary aggregate M3, Stocks","Euro area (changing composition), Outstanding amounts at the end of the period (stocks), MFIs, central government and post office giro institutions reporting sector - Monetary aggregate M3, All currencies combined - Euro area (changing composition) counterpart, Non-MFIs excluding central government sector, denominated in Euro, data Working day and seasonally adjusted",EUR,6
BSI.M.U2.Y.V.M30.X.1.U2.2300.Z01.E,M,U2,Y,V,M30,X,1,U2,2300,Z01,E,2007-07,8290084,A,F,,,P1M,,E,,,,,,,,,2,,,"Monetary aggregate M3, Stocks","Euro area (changing composition), Outstanding amounts at the end of the period (stocks), MFIs, central government and post office giro institutions reporting sector - Monetary aggregate M3, All currencies combined - Euro area (changing composition) counterpart, Non-MFIs excluding central government sector, denominated in Euro, data Working day and seasonally adjusted",EUR,6
BSI.M.U2.Y.V.M30.X.1.U2.2300.Z01.E,M,U2,Y,V,M30,X,1,U2,2300,Z01,E,2007-08,8344331,A,F,,,P1M,,E,,,,,,,,,2,,,"Monetary aggregate M3, Stocks","Euro area (changing composition), Outstanding amounts at the end of the period (stocks), MFIs, central government and post office giro institutions reporting sector - Monetary aggregate M3, All currencies combined - Euro area (changing composition) counterpart, Non-MFIs excluding central government sector, denominated in Euro, data Working day and seasonally adjusted",EUR,6
BSI.M.U2.Y.V.M30.X.1.U2.2300.Z01.E,M,U2,Y,V,M30,X,1,U2,2300,Z01,E,2007-09,8418602,A,F,,,P1M,,E,,,,,,,,,2,,,"Monetary aggregate M3, Stocks","Euro area (changing composition), Outstanding amounts at the end of the period (stocks), MFIs, central government and post office giro institutions reporting sector - Monetary aggregate M3, All currencies combined - Euro area (changing composition) counterpart, Non-MFIs excluding central government sector, denominated in Euro, data Working day and seasonally adjusted",EUR,6
BSI.M.U2.Y.V.M30.X.1.U2.2300.Z01.E,M,U2,Y,V,M30,X,1,U2,2300,Z01,E,2007-10,8541400,A,F,,,P1M,,E,,,,,,,,,2,,,"Monetary aggregate M3, Stocks","Euro area (changing composition), Outstanding amounts at the end of the period (stocks), MFIs, central government and post office giro institutions reporting sector - Monetary aggregate M3, All currencies combined - Euro area (changing composition) counterpart, Non-MFIs excluding central government sector, denominated in Euro, data Working day and seasonally adjusted",EUR,6
BSI.M.U2.Y.V.M30.X.1.U2.2300.Z01.E,M,U2,Y,V,M30,X,1,U2,2300,Z01,E,2007-11,8631497,A,F,,,P1M,,E,,,,,,,,,2,,,"Monetary aggregate M3, Stocks","Euro area (changing composition), Outstanding amounts at the end of the period (stocks), MFIs, central government and post office giro institutions reporting sector - Monetary aggregate M3, All currencies combined - Euro area (changing composition) counterpart, Non-MFIs excluding central government sector, denominated in Euro, data Working day and seasonally adjusted",EUR,6
BSI.M.U2.Y.V.M30.X.1.U2.2300.Z01.E,M,U2,Y,V,M30,X,1,U2,2300,Z01,E,2007-12,8647959,A,F,,,P1M,,E,,,,,,,,,2,,,"Monetary aggregate M3, Stocks","Euro area (changing composition), Outstanding amounts at the end of the period (stocks), MFIs, central government and post office giro institutions reporting sector - Monetary aggregate M3, All currencies combined - Euro area (changing composition) counterpart, Non-MFIs excluding central government sector, denominated in Euro, data Working day and seasonally adjusted",EUR,6
BSI.M.U2.Y.V.M30.X.1.U2.2300.Z01.E,M,U2,Y,V,M30,X,1,U2,2300,Z01,E,2008-01,8793038,A,F,,,P1M,,E,,,,,,,,,2,,,"Monetary aggregate M3, Stocks","Euro area (changing composition), Outstanding amounts at the end of the period (stocks), MFIs, central government and post office giro institutions reporting sector - Monetary aggregate M3, All currencies combined - Euro area (changing composition) counterpart, Non-MFIs excluding central government sector, denominated in Euro, data Working day and seasonally adjusted",EUR,6
BSI.M.U2.Y.V.M30.X.1.U2.2300.Z01.E,M,U2,Y,V,M30,X,1,U2,2300,Z01,E,2008-02,8843329,A,F,,,P1M,,E,,,,,,,,,2,,,"Monetary aggregate M3, Stocks","Euro area (changing composition), Outstanding amounts at the end of the period (stocks), MFIs, central government and post office giro institutions reporting sector - Monetary aggregate M3, All currencies combined - Euro area (changing composition) counterpart, Non-MFIs excluding central government sector, denominated in Euro, data Working day and seasonally adjusted",EUR,6
BSI.M.U2.Y.V.M30.X.1.U2.2300.Z01.E,M,U2,Y,V,M30,X,1,U2,2300,Z01,E,2008-03,8867136,A,F,,,P1M,,E,,,,,,,,,2,,,"Monetary aggregate M3, Stocks","Euro area (changing composition), Outstanding amounts at the end of the period (stocks), MFIs, central government and post office giro institutions reporting sector - Monetary aggregate M3, All currencies combined - Euro area (changing composition) counterpart, Non-MFIs excluding central government sector, denominated in Euro, data Working day and seasonally adjusted",EUR,6
BSI.M.U2.Y.V.M30.X.1.U2.2300.Z01.E,M,U2,Y,V,M30,X,1,U2,2300,Z01,E,2008-04,8940964,A,F,,,P1M,,E,,,,,,,,,2,,,"Monetary aggregate M3, Stocks","Euro area (changing composition), Outstanding amounts at the end of the period (stocks), MFIs, central government and post office giro institutions reporting sector - Monetary aggregate M3, All currencies combined - Euro area (changing composition) counterpart, Non-MFIs excluding central government sector, denominated in Euro, data Working day and seasonally adjusted",EUR,6
BSI.M.U2.Y.V.M30.X.1.U2.2300.Z01.E,M,U2,Y,V,M30,X,1,U2,2300,Z01,E,2008-05,9020742,A,F,,,P1M,,E,,,,,,,,,2,,,"Monetary aggregate M3, Stocks","Euro area (changing composition), Outstanding amounts at the end of the period (stocks), MFIs, central government and post office giro institutions reporting sector - Monetary aggregate M3, All currencies combined - Euro area (changing composition) counterpart, Non-MFIs excluding central government sector, denominated in Euro, data Working day and seasonally adjusted",EUR,6
BSI.M.U2.Y.V.M30.X.1.U2.2300.Z01.E,M,U2,Y,V,M30,X,1,U2,2300,Z01,E,2008-06,9044137,A,F,,,P1M,,E,,,,,,,,,2,,,"Monetary aggregate M3, Stocks","Euro area (changing composition), Outstanding amounts at the end of the period (stocks), MFIs, central government and post office giro institutions reporting sector - Monetary aggregate M3, All currencies combined - Euro area (changing composition) counterpart, Non-MFIs excluding central government sector, denominated in Euro, data Working day and seasonally adjusted",EUR,6
BSI.M.U2.Y.V.M30.X.1.U2.2300.Z01.E,M,U2,Y,V,M30,X,1,U2,2300,Z01,E,2008-07,9107460,A,F,,,P1M,,E,,,,,,,,,2,,,"Monetary aggregate M3, Stocks","Euro area (changing composition), Outstanding amounts at the end of the period (stocks), MFIs, central government and post office giro institutions reporting sector - Monetary aggregate M3, All currencies combined - Euro area (changing composition) counterpart, Non-MFIs excluding central government sector, denominated in Euro, data Working day and seasonally adjusted",EUR,6
BSI.M.U2.Y.V.M30.X.1.U2.2300.Z01.E,M,U2,Y,V,M30,X,1,U2,2300,Z01,E,2008-08,9143592,A,F,,,P1M,,E,,,,,,,,,2,,,"Monetary aggregate M3, Stocks","Euro area (changing composition), Outstanding amounts at the end of the period (stocks), MFIs, central government and post office giro institutions reporting sector - Monetary aggregate M3, All currencies combined - Euro area (changing composition) counterpart, Non-MFIs excluding central government sector, denominated in Euro, data Working day and seasonally adjusted",EUR,6
BSI.M.U2.Y.V.M30.X.1.U2.2300.Z01.E,M,U2,Y,V,M30,X,1,U2,2300,Z01,E,2008-09,9224888,A,F,,,P1M,,E,,,,,,,,,2,,,"Monetary aggregate M3, Stocks","Euro area (changing composition), Outstanding amounts at the end of the period (stocks), MFIs, central government and post office giro institutions reporting sector - Monetary aggregate M3, All currencies combined - Euro area (changing composition) counterpart, Non-MFIs excluding central government sector, denominated in Euro, data Working day and seasonally adjusted",EUR,6
BSI.M.U2.Y.V.M30.X.1.U2.2300.Z01.E,M,U2,Y,V,M30,X,1,U2,2300,Z01,E,2008-10,9369285,A,F,,,P1M,,E,,,,,,,,,2,,,"Monetary aggregate M3, Stocks","Euro area (changing composition), Outstanding amounts at the end of the period (stocks), MFIs, central government and post office giro institutions reporting sector - Monetary aggregate M3, All currencies combined - Euro area (changing composition) counterpart, Non-MFIs excluding central government sector, denominated in Euro, data Working day and seasonally adjusted",EUR,6
BSI.M.U2.Y.V.M30.X.1.U2.2300.Z01.E,M,U2,Y,V,M30,X,1,U2,2300,Z01,E,2008-11,9387004,A,F,,,P1M,,E,,,,,,,,,2,,,"Monetary aggregate M3, Stocks","Euro area (changing composition), Outstanding amounts at the end of the period (stocks), MFIs, central government and post office giro institutions reporting sector - Monetary aggregate M3, All currencies combined - Euro area (changing composition) counterpart, Non-MFIs excluding central government sector, denominated in Euro, data Working day and seasonally adjusted",EUR,6
BSI.M.U2.Y.V.M30.X.1.U2.2300.Z01.E,M,U2,Y,V,M30,X,1,U2,2300,Z01,E,2008-12,9402372,A,F,,,P1M,,E,,,,,,,,,2,,,"Monetary aggregate M3, Stocks","Euro area (changing composition), Outstanding amounts at the end of the period (stocks), MFIs, central government and post office giro institutions reporting sector - Monetary aggregate M3, All currencies combined - Euro area (changing composition) counterpart, Non-MFIs excluding central government sector, denominated in Euro, data Working day and seasonally adjusted",EUR,6
BSI.M.U2.Y.V.M30.X.1.U2.2300.Z01.E,M,U2,Y,V,M30,X,1,U2,2300,Z01,E,2009-01,9402776,A,F,,,P1M,,E,,,,,,,,,2,,,"Monetary aggregate M3, Stocks","Euro area (changing composition), Outstanding amounts at the end of the period (stocks), MFIs, central government and post office giro institutions reporting sector - Monetary aggregate M3, All currencies combined - Euro area (changing composition) counterpart, Non-MFIs excluding central government sector, denominated in Euro, data Working day and seasonally adjusted",EUR,6
BSI.M.U2.Y.V.M30.X.1.U2.2300.Z01.E,M,U2,Y,V,M30,X,1,U2,2300,Z01,E,2009-02,9436867,A,F,,,P1M,,E,,,,,,,,,2,,,"Monetary aggregate M3, Stocks","Euro area (changing composition), Outstanding amounts at the end of the period (stocks), MFIs, central government and post office giro institutions reporting sector - Monetary aggregate M3, All currencies combined - Euro area (changing composition) counterpart, Non-MFIs excluding central government sector, denominated in Euro, data Working day and seasonally adjusted",EUR,6
BSI.M.U2.Y.V.M30.X.1.U2.2300.Z01.E,M,U2,Y,V,M30,X,1,U2,2300,Z01,E,2009-03,9403303,A,F,,,P1M,,E,,,,,,,,,2,,,"Monetary aggregate M3, Stocks","Euro area (changing composition), Outstanding amounts at the end of the period (stocks), MFIs, central government and post office giro institutions reporting sector - Monetary aggregate M3, All currencies combined - Euro area (changing composition) counterpart, Non-MFIs excluding central government sector, denominated in Euro, data Working day and seasonally adjusted",EUR,6
BSI.M.U2.Y.V.M30.X.1.U2.2300.Z01.E,M,U2,Y,V,M30,X,1,U2,2300,Z01,E,2009-04,9451115,A,F,,,P1M,,E,,,,,,,,,2,,,"Monetary aggregate M3, Stocks","Euro area (changing composition), Outstanding amounts at the end of the period (stocks), MFIs, central government and post office giro institutions reporting sector - Monetary aggregate M3, All currencies combined - Euro area (changing composition) counterpart, Non-MFIs excluding central government sector, denominated in Euro, data Working day and seasonally adjusted",EUR,6
BSI.M.U2.Y.V.M30.X.1.U2.2300.Z01.E,M,U2,Y,V,M30,X,1,U2,2300,Z01,E,2009-05,9421585,A,F,,,P1M,,E,,,,,,,,,2,,,"Monetary aggregate M3, Stocks","Euro area (changing composition), Outstanding amounts at the end of the period (stocks), MFIs, central government and post office giro institutions reporting sector - Monetary aggregate M3, All currencies combined - Euro area (changing composition) counterpart, Non-MFIs excluding central government sector, denominated in Euro, data Working day and seasonally adjusted",EUR,6
BSI.M.U2.Y.V.M30.X.1.U2.2300.Z01.E,M,U2,Y,V,M30,X,1,U2,2300,Z01,E,2009-06,9428787,A,F,,,P1M,,E,,,,,,,,,2,,,"Monetary aggregate M3, Stocks","Euro area (changing composition), Outstanding amounts at the end of the period (stocks), MFIs, central government and post office giro institutions reporting sector - Monetary aggregate M3, All currencies combined - Euro area (changing composition) counterpart, Non-MFIs excluding central government sector, denominated in Euro, data Working day and seasonally adjusted",EUR,6
BSI.M.U2.Y.V.M30.X.1.U2.2300.Z01.E,M,U2,Y,V,M30,X,1,U2,2300,Z01,E,2009-07,9433131,A,F,,,P1M,,E,,,,,,,,,2,,,"Monetary aggregate M3, Stocks","Euro area (changing composition), Outstanding amounts at the end of the period (stocks), MFIs, central government and post office giro institutions reporting sector - Monetary aggregate M3, All currencies combined - Euro area (changing composition) counterpart, Non-MFIs excluding central government sector, denominated in Euro, data Working day and seasonally adjusted",EUR,6
BSI.M.U2.Y.V.M30.X.1.U2.2300.Z01.E,M,U2,Y,V,M30,X,1,U2,2300,Z01,E,2009-08,9387590,A,F,,,P1M,,E,,,,,,,,,2,,,"Monetary aggregate M3, Stocks","Euro area (changing composition), Outstanding amounts at the end of the period (stocks), MFIs, central government and post office giro institutions reporting sector - Monetary aggregate M3, All currencies combined - Euro area (changing composition) counterpart, Non-MFIs excluding central government sector, denominated in Euro, data Working day and seasonally adjusted",EUR,6
BSI.M.U2.Y.V.M30.X.1.U2.2300.Z01.E,M,U2,Y,V,M30,X,1,U2,2300,Z01,E,2009-09,9414236,A,F,,,P1M,,E,,,,,,,,,2,,,"Monetary aggregate M3, Stocks","Euro area (changing composition), Outstanding amounts at the end of the period (stocks), MFIs, central government and post office giro institutions reporting sector - Monetary aggregate M3, All currencies combined - Euro area (changing composition) counterpart, Non-MFIs excluding central government sector, denominated in Euro, data Working day and seasonally adjusted",EUR,6
BSI.M.U2.Y.V.M30.X.1.U2.2300.Z01.E,M,U2,Y,V,M30,X,1,U2,2300,Z01,E,2009-10,9383509,A,F,,,P1M,,E,,,,,,,,,2,,,"Monetary aggregate M3, Stocks","Euro area (changing composition), Outstanding amounts at the end of the period (stocks), MFIs, central government and post office giro institutions reporting sector - Monetary aggregate M3, All currencies combined - Euro area (changing composition) counterpart, Non-MFIs excluding central government sector, denominated in Euro, data Working day and seasonally adjusted",EUR,6
BSI.M.U2.Y.V.M30.X.1.U2.2300.Z01.E,M,U2,Y,V,M30,X,1,U2,2300,Z01,E,2009-11,9354834,A,F,,,P1M,,E,,,,,,,,,2,,,"Monetary aggregate M3, Stocks","Euro area (changing composition), Outstanding amounts at the end of the period (stocks), MFIs, central government and post office giro institutions reporting sector - Monetary aggregate M3, All currencies combined - Euro area (changing composition) counterpart, Non-MFIs excluding central government sector, denominated in Euro, data Working day and seasonally adjusted",EUR,6
BSI.M.U2.Y.V.M30.X.1.U2.2300.Z01.E,M,U2,Y,V,M30,X,1,U2,2300,Z01,E,2009-12,9349315,A,F,,,P1M,,E,,,,,,,,,2,,,"Monetary aggregate M3, Stocks","Euro area (changing composition), Outstanding amounts at the end of the period (stocks), MFIs, central government and post office giro institutions reporting sector - Monetary aggregate M3, All currencies combined - Euro area (changing composition) counterpart, Non-MFIs excluding central government sector, denominated in Euro, data Working day and seasonally adjusted",EUR,6
BSI.M.U2.Y.V.M30.X.1.U2.2300.Z01.E,M,U2,Y,V,M30,X,1,U2,2300,Z01,E,2010-01,9324051,A,F,,,P1M,,E,,,,,,,,,2,,,"Monetary aggregate M3, Stocks","Euro area (changing composition), Outstanding amounts at the end of the period (stocks), MFIs, central government and post office giro institutions reporting sector - Monetary aggregate M3, All currencies combined - Euro area (changing composition) counterpart, Non-MFIs excluding central government sector, denominated in Euro, data Working day and seasonally adjusted",EUR,6
BSI.M.U2.Y.V.M30.X.1.U2.2300.Z01.E,M,U2,Y,V,M30,X,1,U2,2300,Z01,E,2010-02,9323604,A,F,,,P1M,,E,,,,,,,,,2,,,"Monetary aggregate M3, Stocks","Euro area (changing composition), Outstanding amounts at the end of the period (stocks), MFIs, central government and post office giro institutions reporting sector - Monetary aggregate M3, All currencies combined - Euro area (changing composition) counterpart, Non-MFIs excluding central government sector, denominated in Euro, data Working day and seasonally adjusted",EUR,6
BSI.M.U2.Y.V.M30.X.1.U2.2300.Z01.E,M,U2,Y,V,M30,X,1,U2,2300,Z01,E,2010-03,9332304,A,F,,,P1M,,E,,,,,,,,,2,,,"Monetary aggregate M3, Stocks","Euro area (changing composition), Outstanding amounts at the end of the period (stocks), MFIs, central government and post office giro institutions reporting sector - Monetary aggregate M3, All currencies combined - Euro area (changing composition) counterpart, Non-MFIs excluding central government sector, denominated in Euro, data Working day and seasonally adjusted",EUR,6
BSI.M.U2.Y.V.M30.X.1.U2.2300.Z01.E,M,U2,Y,V,M30,X,1,U2,2300,Z01,E,2010-04,9377955,A,F,,,P1M,,E,,,,,,,,,2,,,"Monetary aggregate M3, Stocks","Euro area (changing composition), Outstanding amounts at the end of the period (stocks), MFIs, central government and post office giro institutions reporting sector - Monetary aggregate M3, All currencies combined - Euro area (changing composition) counterpart, Non-MFIs excluding central government sector, denominated in Euro, data Working day and seasonally adjusted",EUR,6
BSI.M.U2.Y.V.M30.X.1.U2.2300.Z01.E,M,U2,Y,V,M30,X,1,U2,2300,Z01,E,2010-05,9388633,A,F,,,P1M,,E,,,,,,,,,2,,,"Monetary aggregate M3, Stocks","Euro area (changing composition), Outstanding amounts at the end of the period (stocks), MFIs, central government and post office giro institutions reporting sector - Monetary aggregate M3, All currencies combined - Euro area (changing composition) counterpart, Non-MFIs excluding central government sector, denominated in Euro, data Working day and seasonally adjusted",EUR,6
BSI.M.U2.Y.V.M30.X.1.U2.2300.Z01.E,M,U2,Y,V,M30,X,1,U2,2300,Z01,E,2010-06,9240895,A,F,,,P1M,,E,,,,,,,,,2,,,"Monetary aggregate M3, Stocks","Euro area (changing composition), Outstanding amounts at the end of the period (stocks), MFIs, central government and post office giro institutions reporting sector - Monetary aggregate M3, All currencies combined - Euro area (changing composition) counterpart, Non-MFIs excluding central government sector, denominated in Euro, data Working day and seasonally adjusted",EUR,6
BSI.M.U2.Y.V.M30.X.1.U2.2300.Z01.E,M,U2,Y,V,M30,X,1,U2,2300,Z01,E,2010-07,9234411,A,F,,,P1M,,E,,,,,,,,,2,,,"Monetary aggregate M3, Stocks","Euro area (changing composition), Outstanding amounts at the end of the period (stocks), MFIs, central government and post office giro institutions reporting sector - Monetary aggregate M3, All currencies combined - Euro area (changing composition) counterpart, Non-MFIs excluding central government sector, denominated in Euro, data Working day and seasonally adjusted",EUR,6
BSI.M.U2.Y.V.M30.X.1.U2.2300.Z01.E,M,U2,Y,V,M30,X,1,U2,2300,Z01,E,2010-08,9264711,A,F,,,P1M,,E,,,,,,,,,2,,,"Monetary aggregate M3, Stocks","Euro area (changing composition), Outstanding amounts at the end of the period (stocks), MFIs, central government and post office giro institutions reporting sector - Monetary aggregate M3, All currencies combined - Euro area (changing composition) counterpart, Non-MFIs excluding central government sector, denominated in Euro, data Working day and seasonally adjusted",EUR,6
BSI.M.U2.Y.V.M30.X.1.U2.2300.Z01.E,M,U2,Y,V,M30,X,1,U2,2300,Z01,E,2010-09,9272702,A,F,,,P1M,,E,,,,,,,,,2,,,"Monetary aggregate M3, Stocks","Euro area (changing composition), Outstanding amounts at the end of the period (stocks), MFIs, central government and post office giro institutions reporting sector - Monetary aggregate M3, All currencies combined - Euro area (changing composition) counterpart, Non-MFIs excluding central government sector, denominated in Euro, data Working day and seasonally adjusted",EUR,6
BSI.M.U2.Y.V.M30.X.1.U2.2300.Z01.E,M,U2,Y,V,M30,X,1,U2,2300,Z01,E,2010-10,9268660,A,F,,,P1M,,E,,,,,,,,,2,,,"Monetary aggregate M3, Stocks","Euro area (changing composition), Outstanding amounts at the end of the period (stocks), MFIs, central government and post office giro institutions reporting sector - Monetary aggregate M3, All currencies combined - Euro area (changing composition) counterpart, Non-MFIs excluding central government sector, denominated in Euro, data Working day and seasonally adjusted",EUR,6
BSI.M.U2.Y.V.M30.X.1.U2.2300.Z01.E,M,U2,Y,V,M30,X,1,U2,2300,Z01,E,2010-11,9287184,A,F,,,P1M,,E,,,,,,,,,2,,,"Monetary aggregate M3, Stocks","Euro area (changing composition), Outstanding amounts at the end of the period (stocks), MFIs, central government and post office giro institutions reporting sector - Monetary aggregate M3, All currencies combined - Euro area (changing composition) counterpart, Non-MFIs excluding central government sector, denominated in Euro, data Working day and seasonally adjusted",EUR,6
BSI.M.U2.Y.V.M30.X.1.U2.2300.Z01.E,M,U2,Y,V,M30,X,1,U2,2300,Z01,E,2010-12,9298808,A,F,,,P1M,,E,,,,,,,,,2,,,"Monetary aggregate M3, Stocks","Euro area (changing composition), Outstanding amounts at the end of the period (stocks), MFIs, central government and post office giro institutions reporting sector - Monetary aggregate M3, All currencies combined - Euro area (changing composition) counterpart, Non-MFIs excluding central government sector, denominated in Euro, data Working day and seasonally adjusted",EUR,6
BSI.M.U2.Y.V.M30.X.1.U2.2300.Z01.E,M,U2,Y,V,M30,X,1,U2,2300,Z01,E,2011-01,9318798,A,F,,,P1M,,E,,,,,,,,,2,,,"Monetary aggregate M3, Stocks","Euro area (changing composition), Outstanding amounts at the end of the period (stocks), MFIs, central government and post office giro institutions reporting sector - Monetary aggregate M3, All currencies combined - Euro area (changing composition) counterpart, Non-MFIs excluding central government sector, denominated in Euro, data Working day and seasonally adjusted",EUR,6
BSI.M.U2.Y.V.M30.X.1.U2.2300.Z01.E,M,U2,Y,V,M30,X,1,U2,2300,Z01,E,2011-02,9327053,A,F,,,P1M,,E,,,,,,,,,2,,,"Monetary aggregate M3, Stocks","Euro area (changing composition), Outstanding amounts at the end of the period (stocks), MFIs, central government and post office giro institutions reporting sector - Monetary aggregate M3, All currencies combined - Euro area (changing composition) counterpart, Non-MFIs excluding central government sector, denominated in Euro, data Working day and seasonally adjusted",EUR,6
BSI.M.U2.Y.V.M30.X.1.U2.2300.Z01.E,M,U2,Y,V,M30,X,1,U2,2300,Z01,E,2011-03,9345311,A,F,,,P1M,,E,,,,,,,,,2,,,"Monetary aggregate M3, Stocks","Euro area (changing composition), Outstanding amounts at the end of the period (stocks), MFIs, central government and post office giro institutions reporting sector - Monetary aggregate M3, All currencies combined - Euro area (changing composition) counterpart, Non-MFIs excluding central government sector, denominated in Euro, data Working day and seasonally adjusted",EUR,6
BSI.M.U2.Y.V.M30.X.1.U2.2300.Z01.E,M,U2,Y,V,M30,X,1,U2,2300,Z01,E,2011-04,9350480,A,F,,,P1M,,E,,,,,,,,,2,,,"Monetary aggregate M3, Stocks","Euro area (changing composition), Outstanding amounts at the end of the period (stocks), MFIs, central government and post office giro institutions reporting sector - Monetary aggregate M3, All currencies combined - Euro area (changing composition) counterpart, Non-MFIs excluding central government sector, denominated in Euro, data Working day and seasonally adjusted",EUR,6
BSI.M.U2.Y.V.M30.X.1.U2.2300.Z01.E,M,U2,Y,V,M30,X,1,U2,2300,Z01,E,2011-05,9369117,A,F,,,P1M,,E,,,,,,,,,2,,,"Monetary aggregate M3, Stocks","Euro area (changing composition), Outstanding amounts at the end of the period (stocks), MFIs, central government and post office giro institutions reporting sector - Monetary aggregate M3, All currencies combined - Euro area (changing composition) counterpart, Non-MFIs excluding central government sector, denominated in Euro, data Working day and seasonally adjusted",EUR,6
BSI.M.U2.Y.V.M30.X.1.U2.2300.Z01.E,M,U2,Y,V,M30,X,1,U2,2300,Z01,E,2011-06,9386874,A,F,,,P1M,,E,,,,,,,,,2,,,"Monetary aggregate M3, Stocks","Euro area (changing composition), Outstanding amounts at the end of the period (stocks), MFIs, central government and post office giro institutions reporting sector - Monetary aggregate M3, All currencies combined - Euro area (changing composition) counterpart, Non-MFIs excluding central government sector, denominated in Euro, data Working day and seasonally adjusted",EUR,6
BSI.M.U2.Y.V.M30.X.1.U2.2300.Z01.E,M,U2,Y,V,M30,X,1,U2,2300,Z01,E,2011-07,9390737,A,F,,,P1M,,E,,,,,,,,,2,,,"Monetary aggregate M3, Stocks","Euro area (changing composition), Outstanding amounts at the end of the period (stocks), MFIs, central government and post office giro institutions reporting sector - Monetary aggregate M3, All currencies combined - Euro area (changing composition) counterpart, Non-MFIs excluding central government sector, denominated in Euro, data Working day and seasonally adjusted",EUR,6
BSI.M.U2.Y.V.M30.X.1.U2.2300.Z01.E,M,U2,Y,V,M30,X,1,U2,2300,Z01,E,2011-08,9461608,A,F,,,P1M,,E,,,,,,,,,2,,,"Monetary aggregate M3, Stocks","Euro area (changing composition), Outstanding amounts at the end of the period (stocks), MFIs, central government and post office giro institutions reporting sector - Monetary aggregate M3, All currencies combined - Euro area (changing composition) counterpart, Non-MFIs excluding central government sector, denominated in Euro, data Working day and seasonally adjusted",EUR,6
BSI.M.U2.Y.V.M30.X.1.U2.2300.Z01.E,M,U2,Y,V,M30,X,1,U2,2300,Z01,E,2011-09,9494473,A,F,,,P1M,,E,,,,,,,,,2,,,"Monetary aggregate M3, Stocks","Euro area (changing composition), Outstanding amounts at the end of the period (stocks), MFIs, central government and post office giro institutions reporting sector - Monetary aggregate M3, All currencies combined - Euro area (changing composition) counterpart, Non-MFIs excluding central government sector, denominated in Euro, data Working day and seasonally adjusted",EUR,6
BSI.M.U2.Y.V.M30.X.1.U2.2300.Z01.E,M,U2,Y,V,M30,X,1,U2,2300,Z01,E,2011-10,9454437,A,F,,,P1M,,E,,,,,,,,,2,,,"Monetary aggregate M3, Stocks","Euro area (changing composition), Outstanding amounts at the end of the period (stocks), MFIs, central government and post office giro institutions reporting sector - Monetary aggregate M3, All currencies combined - Euro area (changing composition) counterpart, Non-MFIs excluding central government sector, denominated in Euro, data Working day and seasonally adjusted",EUR,6
BSI.M.U2.Y.V.M30.X.1.U2.2300.Z01.E,M,U2,Y,V,M30,X,1,U2,2300,Z01,E,2011-11,9471859,A,F,,,P1M,,E,,,,,,,,,2,,,"Monetary aggregate M3, Stocks","Euro area (changing composition), Outstanding amounts at the end of the period (stocks), MFIs, central government and post office giro institutions reporting sector - Monetary aggregate M3, All currencies combined - Euro area (changing composition) counterpart, Non-MFIs excluding central government sector, denominated in Euro, data Working day and seasonally adjusted",EUR,6
BSI.M.U2.Y.V.M30.X.1.U2.2300.Z01.E,M,U2,Y,V,M30,X,1,U2,2300,Z01,E,2011-12,9498551,A,F,,,P1M,,E,,,,,,,,,2,,,"Monetary aggregate M3, Stocks","Euro area (changing composition), Outstanding amounts at the end of the period (stocks), MFIs, central government and post office giro institutions reporting sector - Monetary aggregate M3, All currencies combined - Euro area (changing composition) counterpart, Non-MFIs excluding central government sector, denominated in Euro, data Working day and seasonally adjusted",EUR,6
BSI.M.U2.Y.V.M30.X.1.U2.2300.Z01.E,M,U2,Y,V,M30,X,1,U2,2300,Z01,E,2012-01,9508245,A,F,,,P1M,,E,,,,,,,,,2,,,"Monetary aggregate M3, Stocks","Euro area (changing composition), Outstanding amounts at the end of the period (stocks), MFIs, central government and post office giro institutions reporting sector - Monetary aggregate M3, All currencies combined - Euro area (changing composition) counterpart, Non-MFIs excluding central government sector, denominated in Euro, data Working day and seasonally adjusted",EUR,6
BSI.M.U2.Y.V.M30.X.1.U2.2300.Z01.E,M,U2,Y,V,M30,X,1,U2,2300,Z01,E,2012-02,9535017,A,F,,,P1M,,E,,,,,,,,,2,,,"Monetary aggregate M3, Stocks","Euro area (changing composition), Outstanding amounts at the end of the period (stocks), MFIs, central government and post office giro institutions reporting sector - Monetary aggregate M3, All currencies combined - Euro area (changing composition) counterpart, Non-MFIs excluding central government sector, denominated in Euro, data Working day and seasonally adjusted",EUR,6
BSI.M.U2.Y.V.M30.X.1.U2.2300.Z01.E,M,U2,Y,V,M30,X,1,U2,2300,Z01,E,2012-03,9610720,A,F,,,P1M,,E,,,,,,,,,2,,,"Monetary aggregate M3, Stocks","Euro area (changing composition), Outstanding amounts at the end of the period (stocks), MFIs, central government and post office giro institutions reporting sector - Monetary aggregate M3, All currencies combined - Euro area (changing composition) counterpart, Non-MFIs excluding central government sector, denominated in Euro, data Working day and seasonally adjusted",EUR,6
BSI.M.U2.Y.V.M30.X.1.U2.2300.Z01.E,M,U2,Y,V,M30,X,1,U2,2300,Z01,E,2012-04,9575598,A,F,,,P1M,,E,,,,,,,,,2,,,"Monetary aggregate M3, Stocks","Euro area (changing composition), Outstanding amounts at the end of the period (stocks), MFIs, central government and post office giro institutions reporting sector - Monetary aggregate M3, All currencies combined - Euro area (changing composition) counterpart, Non-MFIs excluding central government sector, denominated in Euro, data Working day and seasonally adjusted",EUR,6
BSI.M.U2.Y.V.M30.X.1.U2.2300.Z01.E,M,U2,Y,V,M30,X,1,U2,2300,Z01,E,2012-05,9627462,A,F,,,P1M,,E,,,,,,,,,2,,,"Monetary aggregate M3, Stocks","Euro area (changing composition), Outstanding amounts at the end of the period (stocks), MFIs, central government and post office giro institutions reporting sector - Monetary aggregate M3, All currencies combined - Euro area (changing composition) counterpart, Non-MFIs excluding central government sector, denominated in Euro, data Working day and seasonally adjusted",EUR,6
BSI.M.U2.Y.V.M30.X.1.U2.2300.Z01.E,M,U2,Y,V,M30,X,1,U2,2300,Z01,E,2012-06,9658453,A,F,,,P1M,,E,,,,,,,,,2,,,"Monetary aggregate M3, Stocks","Euro area (changing composition), Outstanding amounts at the end of the period (stocks), MFIs, central government and post office giro institutions reporting sector - Monetary aggregate M3, All currencies combined - Euro area (changing composition) counterpart, Non-MFIs excluding central government sector, denominated in Euro, data Working day and seasonally adjusted",EUR,6
BSI.M.U2.Y.V.M30.X.1.U2.2300.Z01.E,M,U2,Y,V,M30,X,1,U2,2300,Z01,E,2012-07,9705253,A,F,,,P1M,,E,,,,,,,,,2,,,"Monetary aggregate M3, Stocks","Euro area (changing composition), Outstanding amounts at the end of the period (stocks), MFIs, central government and post office giro institutions reporting sector - Monetary aggregate M3, All currencies combined - Euro area (changing composition) counterpart, Non-MFIs excluding central government sector, denominated in Euro, data Working day and seasonally adjusted",EUR,6
BSI.M.U2.Y.V.M30.X.1.U2.2300.Z01.E,M,U2,Y,V,M30,X,1,U2,2300,Z01,E,2012-08,9697121,A,F,,,P1M,,E,,,,,,,,,2,,,"Monetary aggregate M3, Stocks","Euro area (changing composition), Outstanding amounts at the end of the period (stocks), MFIs, central government and post office giro institutions reporting sector - Monetary aggregate M3, All currencies combined - Euro area (changing composition) counterpart, Non-MFIs excluding central government sector, denominated in Euro, data Working day and seasonally adjusted",EUR,6
BSI.M.U2.Y.V.M30.X.1.U2.2300.Z01.E,M,U2,Y,V,M30,X,1,U2,2300,Z01,E,2012-09,9713753,A,F,,,P1M,,E,,,,,,,,,2,,,"Monetary aggregate M3, Stocks","Euro area (changing composition), Outstanding amounts at the end of the period (stocks), MFIs, central government and post office giro institutions reporting sector - Monetary aggregate M3, All currencies combined - Euro area (changing composition) counterpart, Non-MFIs excluding central government sector, denominated in Euro, data Working day and seasonally adjusted",EUR,6
BSI.M.U2.Y.V.M30.X.1.U2.2300.Z01.E,M,U2,Y,V,M30,X,1,U2,2300,Z01,E,2012-10,9774469,A,F,,,P1M,,E,,,,,,,,,2,,,"Monetary aggregate M3, Stocks","Euro area (changing composition), Outstanding amounts at the end of the period (stocks), MFIs, central government and post office giro institutions reporting sector - Monetary aggregate M3, All currencies combined - Euro area (changing composition) counterpart, Non-MFIs excluding central government sector, denominated in Euro, data Working day and seasonally adjusted",EUR,6
BSI.M.U2.Y.V.M30.X.1.U2.2300.Z01.E,M,U2,Y,V,M30,X,1,U2,2300,Z01,E,2012-11,9777752,A,F,,,P1M,,E,,,,,,,,,2,,,"Monetary aggregate M3, Stocks","Euro area (changing composition), Outstanding amounts at the end of the period (stocks), MFIs, central government and post office giro institutions reporting sector - Monetary aggregate M3, All currencies combined - Euro area (changing composition) counterpart, Non-MFIs excluding central government sector, denominated in Euro, data Working day and seasonally adjusted",EUR,6
BSI.M.U2.Y.V.M30.X.1.U2.2300.Z01.E,M,U2,Y,V,M30,X,1,U2,2300,Z01,E,2012-12,9785187,A,F,,,P1M,,E,,,,,,,,,2,,,"Monetary aggregate M3, Stocks","Euro area (changing composition), Outstanding amounts at the end of the period (stocks), MFIs, central government and post office giro institutions reporting sector - Monetary aggregate M3, All currencies combined - Euro area (changing composition) counterpart, Non-MFIs excluding central government sector, denominated in Euro, data Working day and seasonally adjusted",EUR,6
BSI.M.U2.Y.V.M30.X.1.U2.2300.Z01.E,M,U2,Y,V,M30,X,1,U2,2300,Z01,E,2013-01,9767605,A,F,,,P1M,,E,,,,,,,,,2,,,"Monetary aggregate M3, Stocks","Euro area (changing composition), Outstanding amounts at the end of the period (stocks), MFIs, central government and post office giro institutions reporting sector - Monetary aggregate M3, All currencies combined - Euro area (changing composition) counterpart, Non-MFIs excluding central government sector, denominated in Euro, data Working day and seasonally adjusted",EUR,6
BSI.M.U2.Y.V.M30.X.1.U2.2300.Z01.E,M,U2,Y,V,M30,X,1,U2,2300,Z01,E,2013-02,9784933,A,F,,,P1M,,E,,,,,,,,,2,,,"Monetary aggregate M3, Stocks","Euro area (changing composition), Outstanding amounts at the end of the period (stocks), MFIs, central government and post office giro institutions reporting sector - Monetary aggregate M3, All currencies combined - Euro area (changing composition) counterpart, Non-MFIs excluding central government sector, denominated in Euro, data Working day and seasonally adjusted",EUR,6
BSI.M.U2.Y.V.M30.X.1.U2.2300.Z01.E,M,U2,Y,V,M30,X,1,U2,2300,Z01,E,2013-03,9803199,A,F,,,P1M,,E,,,,,,,,,2,,,"Monetary aggregate M3, Stocks","Euro area (changing composition), Outstanding amounts at the end of the period (stocks), MFIs, central government and post office giro institutions reporting sector - Monetary aggregate M3, All currencies combined - Euro area (changing composition) counterpart, Non-MFIs excluding central government sector, denominated in Euro, data Working day and seasonally adjusted",EUR,6
BSI.M.U2.Y.V.M30.X.1.U2.2300.Z01.E,M,U2,Y,V,M30,X,1,U2,2300,Z01,E,2013-04,9822063,A,F,,,P1M,,E,,,,,,,,,2,,,"Monetary aggregate M3, Stocks","Euro area (changing composition), Outstanding amounts at the end of the period (stocks), MFIs, central government and post office giro institutions reporting sector - Monetary aggregate M3, All currencies combined - Euro area (changing composition) counterpart, Non-MFIs excluding central government sector, denominated in Euro, data Working day and seasonally adjusted",EUR,6
BSI.M.U2.Y.V.M30.X.1.U2.2300.Z01.E,M,U2,Y,V,M30,X,1,U2,2300,Z01,E,2013-05,9837477,A,F,,,P1M,,E,,,,,,,,,2,,,"Monetary aggregate M3, Stocks","Euro area (changing composition), Outstanding amounts at the end of the period (stocks), MFIs, central government and post office giro institutions reporting sector - Monetary aggregate M3, All currencies combined - Euro area (changing composition) counterpart, Non-MFIs excluding central government sector, denominated in Euro, data Working day and seasonally adjusted",EUR,6
BSI.M.U2.Y.V.M30.X.1.U2.2300.Z01.E,M,U2,Y,V,M30,X,1,U2,2300,Z01,E,2013-06,9818212,A,F,,,P1M,,E,,,,,,,,,2,,,"Monetary aggregate M3, Stocks","Euro area (changing composition), Outstanding amounts at the end of the period (stocks), MFIs, central government and post office giro institutions reporting sector - Monetary aggregate M3, All currencies combined - Euro area (changing composition) counterpart, Non-MFIs excluding central government sector, denominated in Euro, data Working day and seasonally adjusted",EUR,6
BSI.M.U2.Y.V.M30.X.1.U2.2300.Z01.E,M,U2,Y,V,M30,X,1,U2,2300,Z01,E,2013-07,9832329,A,F,,,P1M,,E,,,,,,,,,2,,,"Monetary aggregate M3, Stocks","Euro area (changing composition), Outstanding amounts at the end of the period (stocks), MFIs, central government and post office giro institutions reporting sector - Monetary aggregate M3, All currencies combined - Euro area (changing composition) counterpart, Non-MFIs excluding central government sector, denominated in Euro, data Working day and seasonally adjusted",EUR,6
BSI.M.U2.Y.V.M30.X.1.U2.2300.Z01.E,M,U2,Y,V,M30,X,1,U2,2300,Z01,E,2013-08,9874715,A,F,,,P1M,,E,,,,,,,,,2,,,"Monetary aggregate M3, Stocks","Euro area (changing composition), Outstanding amounts at the end of the period (stocks), MFIs, central government and post office giro institutions reporting sector - Monetary aggregate M3, All currencies combined - Euro area (changing composition) counterpart, Non-MFIs excluding central government sector, denominated in Euro, data Working day and seasonally adjusted",EUR,6
BSI.M.U2.Y.V.M30.X.1.U2.2300.Z01.E,M,U2,Y,V,M30,X,1,U2,2300,Z01,E,2013-09,9868977,A,F,,,P1M,,E,,,,,,,,,2,,,"Monetary aggregate M3, Stocks","Euro area (changing composition), Outstanding amounts at the end of the period (stocks), MFIs, central government and post office giro institutions reporting sector - Monetary aggregate M3, All currencies combined - Euro area (changing composition) counterpart, Non-MFIs excluding central government sector, denominated in Euro, data Working day and seasonally adjusted",EUR,6
BSI.M.U2.Y.V.M30.X.1.U2.2300.Z01.E,M,U2,Y,V,M30,X,1,U2,2300,Z01,E,2013-10,9877942,A,F,,,P1M,,E,,,,,,,,,2,,,"Monetary aggregate M3, Stocks","Euro area (changing composition), Outstanding amounts at the end of the period (stocks), MFIs, central government and post office giro institutions reporting sector - Monetary aggregate M3, All currencies combined - Euro area (changing composition) counterpart, Non-MFIs excluding central government sector, denominated in Euro, data Working day and seasonally adjusted",EUR,6
BSI.M.U2.Y.V.M30.X.1.U2.2300.Z01.E,M,U2,Y,V,M30,X,1,U2,2300,Z01,E,2013-11,9885297,A,F,,,P1M,,E,,,,,,,,,2,,,"Monetary aggregate M3, Stocks","Euro area (changing composition), Outstanding amounts at the end of the period (stocks), MFIs, central government and post office giro institutions reporting sector - Monetary aggregate M3, All currencies combined - Euro area (changing composition) counterpart, Non-MFIs excluding central government sector, denominated in Euro, data Working day and seasonally adjusted",EUR,6
BSI.M.U2.Y.V.M30.X.1.U2.2300.Z01.E,M,U2,Y,V,M30,X,1,U2,2300,Z01,E,2013-12,9832650,A,F,,,P1M,,E,,,,,,,,,2,,,"Monetary aggregate M3, Stocks","Euro area (changing composition), Outstanding amounts at the end of the period (stocks), MFIs, central government and post office giro institutions reporting sector - Monetary aggregate M3, All currencies combined - Euro area (changing composition) counterpart, Non-MFIs excluding central government sector, denominated in Euro, data Working day and seasonally adjusted",EUR,6
BSI.M.U2.Y.V.M30.X.1.U2.2300.Z01.E,M,U2,Y,V,M30,X,1,U2,2300,Z01,E,2014-01,9874481,A,F,,,P1M,,E,,,,,,,,,2,,,"Monetary aggregate M3, Stocks","Euro area (changing composition), Outstanding amounts at the end of the period (stocks), MFIs, central government and post office giro institutions reporting sector - Monetary aggregate M3, All currencies combined - Euro area (changing composition) counterpart, Non-MFIs excluding central government sector, denominated in Euro, data Working day and seasonally adjusted",EUR,6
BSI.M.U2.Y.V.M30.X.1.U2.2300.Z01.E,M,U2,Y,V,M30,X,1,U2,2300,Z01,E,2014-02,9896754,A,F,,,P1M,,E,,,,,,,,,2,,,"Monetary aggregate M3, Stocks","Euro area (changing composition), Outstanding amounts at the end of the period (stocks), MFIs, central government and post office giro institutions reporting sector - Monetary aggregate M3, All currencies combined - Euro area (changing composition) counterpart, Non-MFIs excluding central government sector, denominated in Euro, data Working day and seasonally adjusted",EUR,6
BSI.M.U2.Y.V.M30.X.1.U2.2300.Z01.E,M,U2,Y,V,M30,X,1,U2,2300,Z01,E,2014-03,9891849,A,F,,,P1M,,E,,,,,,,,,2,,,"Monetary aggregate M3, Stocks","Euro area (changing composition), Outstanding amounts at the end of the period (stocks), MFIs, central government and post office giro institutions reporting sector - Monetary aggregate M3, All currencies combined - Euro area (changing composition) counterpart, Non-MFIs excluding central government sector, denominated in Euro, data Working day and seasonally adjusted",EUR,6
BSI.M.U2.Y.V.M30.X.1.U2.2300.Z01.E,M,U2,Y,V,M30,X,1,U2,2300,Z01,E,2014-04,9879815,A,F,,,P1M,,E,,,,,,,,,2,,,"Monetary aggregate M3, Stocks","Euro area (changing composition), Outstanding amounts at the end of the period (stocks), MFIs, central government and post office giro institutions reporting sector - Monetary aggregate M3, All currencies combined - Euro area (changing composition) counterpart, Non-MFIs excluding central government sector, denominated in Euro, data Working day and seasonally adjusted",EUR,6
BSI.M.U2.Y.V.M30.X.1.U2.2300.Z01.E,M,U2,Y,V,M30,X,1,U2,2300,Z01,E,2014-05,9941588,A,F,,,P1M,,E,,,,,,,,,2,,,"Monetary aggregate M3, Stocks","Euro area (changing composition), Outstanding amounts at the end of the period (stocks), MFIs, central government and post office giro institutions reporting sector - Monetary aggregate M3, All currencies combined - Euro area (changing composition) counterpart, Non-MFIs excluding central government sector, denominated in Euro, data Working day and seasonally adjusted",EUR,6
BSI.M.U2.Y.V.M30.X.1.U2.2300.Z01.E,M,U2,Y,V,M30,X,1,U2,2300,Z01,E,2014-06,9973532,A,F,,,P1M,,E,,,,,,,,,2,,,"Monetary aggregate M3, Stocks","Euro area (changing composition), Outstanding amounts at the end of the period (stocks), MFIs, central government and post office giro institutions reporting sector - Monetary aggregate M3, All currencies combined - Euro area (changing composition) counterpart, Non-MFIs excluding central government sector, denominated in Euro, data Working day and seasonally adjusted",EUR,6
BSI.M.U2.Y.V.M30.X.1.U2.2300.Z01.E,M,U2,Y,V,M30,X,1,U2,2300,Z01,E,2014-07,10007330,A,F,,,P1M,,E,,,,,,,,,2,,,"Monetary aggregate M3, Stocks","Euro area (changing composition), Outstanding amounts at the end of the period (stocks), MFIs, central government and post office giro institutions reporting sector - Monetary aggregate M3, All currencies combined - Euro area (changing composition) counterpart, Non-MFIs excluding central government sector, denominated in Euro, data Working day and seasonally adjusted",EUR,6
BSI.M.U2.Y.V.M30.X.1.U2.2300.Z01.E,M,U2,Y,V,M30,X,1,U2,2300,Z01,E,2014-08,10049824,A,F,,,P1M,,E,,,,,,,,,2,,,"Monetary aggregate M3, Stocks","Euro area (changing composition), Outstanding amounts at the end of the period (stocks), MFIs, central government and post office giro institutions reporting sector - Monetary aggregate M3, All currencies combined - Euro area (changing composition) counterpart, Non-MFIs excluding central government sector, denominated in Euro, data Working day and seasonally adjusted",EUR,6
BSI.M.U2.Y.V.M30.X.1.U2.2300.Z01.E,M,U2,Y,V,M30,X,1,U2,2300,Z01,E,2014-09,10098645,A,F,,,P1M,,E,,,,,,,,,2,,,"Monetary aggregate M3, Stocks","Euro area (changing composition), Outstanding amounts at the end of the period (stocks), MFIs, central government and post office giro institutions reporting sector - Monetary aggregate M3, All currencies combined - Euro area (changing composition) counterpart, Non-MFIs excluding central government sector, denominated in Euro, data Working day and seasonally adjusted",EUR,6
BSI.M.U2.Y.V.M30.X.1.U2.2300.Z01.E,M,U2,Y,V,M30,X,1,U2,2300,Z01,E,2014-10,10125070,A,F,,,P1M,,E,,,,,,,,,2,,,"Monetary aggregate M3, Stocks","Euro area (changing composition), Outstanding amounts at the end of the period (stocks), MFIs, central government and post office giro institutions reporting sector - Monetary aggregate M3, All currencies combined - Euro area (changing composition) counterpart, Non-MFIs excluding central government sector, denominated in Euro, data Working day and seasonally adjusted",EUR,6
BSI.M.U2.Y.V.M30.X.1.U2.2300.Z01.E,M,U2,Y,V,M30,X,1,U2,2300,Z01,E,2014-11,10184921,A,F,,,P1M,,E,,,,,,,,,2,,,"Monetary aggregate M3, Stocks","Euro area (changing composition), Outstanding amounts at the end of the period (stocks), MFIs, central government and post office giro institutions reporting sector - Monetary aggregate M3, All currencies combined - Euro area (changing composition) counterpart, Non-MFIs excluding central government sector, denominated in Euro, data Working day and seasonally adjusted",EUR,6
BSI.M.U2.Y.V.M30.X.1.U2.2300.Z01.E,M,U2,Y,V,M30,X,1,U2,2300,Z01,E,2014-12,10326597,A,F,,,P1M,,E,,,,,,,,,2,,,"Monetary aggregate M3, Stocks","Euro area (changing composition), Outstanding amounts at the end of the period (stocks), MFIs, central government and post office giro institutions reporting sector - Monetary aggregate M3, All currencies combined - Euro area (changing composition) counterpart, Non-MFIs excluding central government sector, denominated in Euro, data Working day and seasonally adjusted",EUR,6
BSI.M.U2.Y.V.M30.X.1.U2.2300.Z01.E,M,U2,Y,V,M30,X,1,U2,2300,Z01,E,2015-01,10405448,A,F,,,P1M,,E,,,,,,,,,2,,,"Monetary aggregate M3, Stocks","Euro area (changing composition), Outstanding amounts at the end of the period (stocks), MFIs, central government and post office giro institutions reporting sector - Monetary aggregate M3, All currencies combined - Euro area (changing composition) counterpart, Non-MFIs excluding central government sector, denominated in Euro, data Working day and seasonally adjusted",EUR,6
BSI.M.U2.Y.V.M30.X.1.U2.2300.Z01.E,M,U2,Y,V,M30,X,1,U2,2300,Z01,E,2015-02,10438257,A,F,,,P1M,,E,,,,,,,,,2,,,"Monetary aggregate M3, Stocks","Euro area (changing composition), Outstanding amounts at the end of the period (stocks), MFIs, central government and post office giro institutions reporting sector - Monetary aggregate M3, All currencies combined - Euro area (changing composition) counterpart, Non-MFIs excluding central government sector, denominated in Euro, data Working day and seasonally adjusted",EUR,6
BSI.M.U2.Y.V.M30.X.1.U2.2300.Z01.E,M,U2,Y,V,M30,X,1,U2,2300,Z01,E,2015-03,10475465,A,F,,,P1M,,E,,,,,,,,,2,,,"Monetary aggregate M3, Stocks","Euro area (changing composition), Outstanding amounts at the end of the period (stocks), MFIs, central government and post office giro institutions reporting sector - Monetary aggregate M3, All currencies combined - Euro area (changing composition) counterpart, Non-MFIs excluding central government sector, denominated in Euro, data Working day and seasonally adjusted",EUR,6
BSI.M.U2.Y.V.M30.X.1.U2.2300.Z01.E,M,U2,Y,V,M30,X,1,U2,2300,Z01,E,2015-04,10545103,A,F,,,P1M,,E,,,,,,,,,2,,,"Monetary aggregate M3, Stocks","Euro area (changing composition), Outstanding amounts at the end of the period (stocks), MFIs, central government and post office giro institutions reporting sector - Monetary aggregate M3, All currencies combined - Euro area (changing composition) counterpart, Non-MFIs excluding central government sector, denominated in Euro, data Working day and seasonally adjusted",EUR,6
BSI.M.U2.Y.V.M30.X.1.U2.2300.Z01.E,M,U2,Y,V,M30,X,1,U2,2300,Z01,E,2015-05,10561797,A,F,,,P1M,,E,,,,,,,,,2,,,"Monetary aggregate M3, Stocks","Euro area (changing composition), Outstanding amounts at the end of the period (stocks), MFIs, central government and post office giro institutions reporting sector - Monetary aggregate M3, All currencies combined - Euro area (changing composition) counterpart, Non-MFIs excluding central government sector, denominated in Euro, data Working day and seasonally adjusted",EUR,6
BSI.M.U2.Y.V.M30.X.1.U2.2300.Z01.E,M,U2,Y,V,M30,X,1,U2,2300,Z01,E,2015-06,10582758,A,F,,,P1M,,E,,,,,,,,,2,,,"Monetary aggregate M3, Stocks","Euro area (changing composition), Outstanding amounts at the end of the period (stocks), MFIs, central government and post office giro institutions reporting sector - Monetary aggregate M3, All currencies combined - Euro area (changing composition) counterpart, Non-MFIs excluding central government sector, denominated in Euro, data Working day and seasonally adjusted",EUR,6
BSI.M.U2.Y.V.M30.X.1.U2.2300.Z01.E,M,U2,Y,V,M30,X,1,U2,2300,Z01,E,2015-07,10656208,A,F,,,P1M,,E,,,,,,,,,2,,,"Monetary aggregate M3, Stocks","Euro area (changing composition), Outstanding amounts at the end of the period (stocks), MFIs, central government and post office giro institutions reporting sector - Monetary aggregate M3, All currencies combined - Euro area (changing composition) counterpart, Non-MFIs excluding central government sector, denominated in Euro, data Working day and seasonally adjusted",EUR,6
BSI.M.U2.Y.V.M30.X.1.U2.2300.Z01.E,M,U2,Y,V,M30,X,1,U2,2300,Z01,E,2015-08,10662405,A,F,,,P1M,,E,,,,,,,,,2,,,"Monetary aggregate M3, Stocks","Euro area (changing composition), Outstanding amounts at the end of the period (stocks), MFIs, central government and post office giro institutions reporting sector - Monetary aggregate M3, All currencies combined - Euro area (changing composition) counterpart, Non-MFIs excluding central government sector, denominated in Euro, data Working day and seasonally adjusted",EUR,6
BSI.M.U2.Y.V.M30.X.1.U2.2300.Z01.E,M,U2,Y,V,M30,X,1,U2,2300,Z01,E,2015-09,10694197,A,F,,,P1M,,E,,,,,,,,,2,,,"Monetary aggregate M3, Stocks","Euro area (changing composition), Outstanding amounts at the end of the period (stocks), MFIs, central government and post office giro institutions reporting sector - Monetary aggregate M3, All currencies combined - Euro area (changing composition) counterpart, Non-MFIs excluding central government sector, denominated in Euro, data Working day and seasonally adjusted",EUR,6
BSI.M.U2.Y.V.M30.X.1.U2.2300.Z01.E,M,U2,Y,V,M30,X,1,U2,2300,Z01,E,2015-10,10780760,A,F,,,P1M,,E,,,,,,,,,2,,,"Monetary aggregate M3, Stocks","Euro area (changing composition), Outstanding amounts at the end of the period (stocks), MFIs, central government and post office giro institutions reporting sector - Monetary aggregate M3, All currencies combined - Euro area (changing composition) counterpart, Non-MFIs excluding central government sector, denominated in Euro, data Working day and seasonally adjusted",EUR,6
BSI.M.U2.Y.V.M30.X.1.U2.2300.Z01.E,M,U2,Y,V,M30,X,1,U2,2300,Z01,E,2015-11,10836416,A,F,,,P1M,,E,,,,,,,,,2,,,"Monetary aggregate M3, Stocks","Euro area (changing composition), Outstanding amounts at the end of the period (stocks), MFIs, central government and post office giro institutions reporting sector - Monetary aggregate M3, All currencies combined - Euro area (changing composition) counterpart, Non-MFIs excluding central government sector, denominated in Euro, data Working day and seasonally adjusted",EUR,6
BSI.M.U2.Y.V.M30.X.1.U2.2300.Z01.E,M,U2,Y,V,M30,X,1,U2,2300,Z01,E,2015-12,10842557,A,F,,,P1M,,E,,,,,,,,,2,,,"Monetary aggregate M3, Stocks","Euro area (changing composition), Outstanding amounts at the end of the period (stocks), MFIs, central government and post office giro institutions reporting sector - Monetary aggregate M3, All currencies combined - Euro area (changing composition) counterpart, Non-MFIs excluding central government sector, denominated in Euro, data Working day and seasonally adjusted",EUR,6
BSI.M.U2.Y.V.M30.X.1.U2.2300.Z01.E,M,U2,Y,V,M30,X,1,U2,2300,Z01,E,2016-01,10909372,A,F,,,P1M,,E,,,,,,,,,2,,,"Monetary aggregate M3, Stocks","Euro area (changing composition), Outstanding amounts at the end of the period (stocks), MFIs, central government and post office giro institutions reporting sector - Monetary aggregate M3, All currencies combined - Euro area (changing composition) counterpart, Non-MFIs excluding central government sector, denominated in Euro, data Working day and seasonally adjusted",EUR,6
BSI.M.U2.Y.V.M30.X.1.U2.2300.Z01.E,M,U2,Y,V,M30,X,1,U2,2300,Z01,E,2016-02,10976218,A,F,,,P1M,,E,,,,,,,,,2,,,"Monetary aggregate M3, Stocks","Euro area (changing composition), Outstanding amounts at the end of the period (stocks), MFIs, central government and post office giro institutions reporting sector - Monetary aggregate M3, All currencies combined - Euro area (changing composition) counterpart, Non-MFIs excluding central government sector, denominated in Euro, data Working day and seasonally adjusted",EUR,6
BSI.M.U2.Y.V.M30.X.1.U2.2300.Z01.E,M,U2,Y,V,M30,X,1,U2,2300,Z01,E,2016-03,10986982,A,F,,,P1M,,E,,,,,,,,,2,,,"Monetary aggregate M3, Stocks","Euro area (changing composition), Outstanding amounts at the end of the period (stocks), MFIs, central government and post office giro institutions reporting sector - Monetary aggregate M3, All currencies combined - Euro area (changing composition) counterpart, Non-MFIs excluding central government sector, denominated in Euro, data Working day and seasonally adjusted",EUR,6
BSI.M.U2.Y.V.M30.X.1.U2.2300.Z01.E,M,U2,Y,V,M30,X,1,U2,2300,Z01,E,2016-04,11039392,A,F,,,P1M,,E,,,,,,,,,2,,,"Monetary aggregate M3, Stocks","Euro area (changing composition), Outstanding amounts at the end of the period (stocks), MFIs, central government and post office giro institutions reporting sector - Monetary aggregate M3, All currencies combined - Euro area (changing composition) counterpart, Non-MFIs excluding central government sector, denominated in Euro, data Working day and seasonally adjusted",EUR,6
BSI.M.U2.Y.V.M30.X.1.U2.2300.Z01.E,M,U2,Y,V,M30,X,1,U2,2300,Z01,E,2016-05,11084382,A,F,,,P1M,,E,,,,,,,,,2,,,"Monetary aggregate M3, Stocks","Euro area (changing composition), Outstanding amounts at the end of the period (stocks), MFIs, central government and post office giro institutions reporting sector - Monetary aggregate M3, All currencies combined - Euro area (changing composition) counterpart, Non-MFIs excluding central government sector, denominated in Euro, data Working day and seasonally adjusted",EUR,6
BSI.M.U2.Y.V.M30.X.1.U2.2300.Z01.E,M,U2,Y,V,M30,X,1,U2,2300,Z01,E,2016-06,11119739,A,F,,,P1M,,E,,,,,,,,,2,,,"Monetary aggregate M3, Stocks","Euro area (changing composition), Outstanding amounts at the end of the period (stocks), MFIs, central government and post office giro institutions reporting sector - Monetary aggregate M3, All currencies combined - Euro area (changing composition) counterpart, Non-MFIs excluding central government sector, denominated in Euro, data Working day and seasonally adjusted",EUR,6
BSI.M.U2.Y.V.M30.X.1.U2.2300.Z01.E,M,U2,Y,V,M30,X,1,U2,2300,Z01,E,2016-07,11178145,A,F,,,P1M,,E,,,,,,,,,2,,,"Monetary aggregate M3, Stocks","Euro area (changing composition), Outstanding amounts at the end of the period (stocks), MFIs, central government and post office giro institutions reporting sector - Monetary aggregate M3, All currencies combined - Euro area (changing composition) counterpart, Non-MFIs excluding central government sector, denominated in Euro, data Working day and seasonally adjusted",EUR,6
BSI.M.U2.Y.V.M30.X.1.U2.2300.Z01.E,M,U2,Y,V,M30,X,1,U2,2300,Z01,E,2016-08,11199036,A,F,,,P1M,,E,,,,,,,,,2,,,"Monetary aggregate M3, Stocks","Euro area (changing composition), Outstanding amounts at the end of the period (stocks), MFIs, central government and post office giro institutions reporting sector - Monetary aggregate M3, All currencies combined - Euro area (changing composition) counterpart, Non-MFIs excluding central government sector, denominated in Euro, data Working day and seasonally adjusted",EUR,6
BSI.M.U2.Y.V.M30.X.1.U2.2300.Z01.E,M,U2,Y,V,M30,X,1,U2,2300,Z01,E,2016-09,11240372,A,F,,,P1M,,E,,,,,,,,,2,,,"Monetary aggregate M3, Stocks","Euro area (changing composition), Outstanding amounts at the end of the period (stocks), MFIs, central government and post office giro institutions reporting sector - Monetary aggregate M3, All currencies combined - Euro area (changing composition) counterpart, Non-MFIs excluding central government sector, denominated in Euro, data Working day and seasonally adjusted",EUR,6
BSI.M.U2.Y.V.M30.X.1.U2.2300.Z01.E,M,U2,Y,V,M30,X,1,U2,2300,Z01,E,2016-10,11263126,A,F,,,P1M,,E,,,,,,,,,2,,,"Monetary aggregate M3, Stocks","Euro area (changing composition), Outstanding amounts at the end of the period (stocks), MFIs, central government and post office giro institutions reporting sector - Monetary aggregate M3, All currencies combined - Euro area (changing composition) counterpart, Non-MFIs excluding central government sector, denominated in Euro, data Working day and seasonally adjusted",EUR,6
BSI.M.U2.Y.V.M30.X.1.U2.2300.Z01.E,M,U2,Y,V,M30,X,1,U2,2300,Z01,E,2016-11,11337510,A,F,,,P1M,,E,,,,,,,,,2,,,"Monetary aggregate M3, Stocks","Euro area (changing composition), Outstanding amounts at the end of the period (stocks), MFIs, central government and post office giro institutions reporting sector - Monetary aggregate M3, All currencies combined - Euro area (changing composition) counterpart, Non-MFIs excluding central government sector, denominated in Euro, data Working day and seasonally adjusted",EUR,6
BSI.M.U2.Y.V.M30.X.1.U2.2300.Z01.E,M,U2,Y,V,M30,X,1,U2,2300,Z01,E,2016-12,11382913,A,F,,,P1M,,E,,,,,,,,,2,,,"Monetary aggregate M3, Stocks","Euro area (changing composition), Outstanding amounts at the end of the period (stocks), MFIs, central government and post office giro institutions reporting sector - Monetary aggregate M3, All currencies combined - Euro area (changing composition) counterpart, Non-MFIs excluding central government sector, denominated in Euro, data Working day and seasonally adjusted",EUR,6
BSI.M.U2.Y.V.M30.X.1.U2.2300.Z01.E,M,U2,Y,V,M30,X,1,U2,2300,Z01,E,2017-01,11439966,A,F,,,P1M,,E,,,,,,,,,2,,,"Monetary aggregate M3, Stocks","Euro area (changing composition), Outstanding amounts at the end of the period (stocks), MFIs, central government and post office giro institutions reporting sector - Monetary aggregate M3, All currencies combined - Euro area (changing composition) counterpart, Non-MFIs excluding central government sector, denominated in Euro, data Working day and seasonally adjusted",EUR,6
BSI.M.U2.Y.V.M30.X.1.U2.2300.Z01.E,M,U2,Y,V,M30,X,1,U2,2300,Z01,E,2017-02,11491550,A,F,,,P1M,,E,,,,,,,,,2,,,"Monetary aggregate M3, Stocks","Euro area (changing composition), Outstanding amounts at the end of the period (stocks), MFIs, central government and post office giro institutions reporting sector - Monetary aggregate M3, All currencies combined - Euro area (changing composition) counterpart, Non-MFIs excluding central government sector, denominated in Euro, data Working day and seasonally adjusted",EUR,6
BSI.M.U2.Y.V.M30.X.1.U2.2300.Z01.E,M,U2,Y,V,M30,X,1,U2,2300,Z01,E,2017-03,11581144,A,F,,,P1M,,E,,,,,,,,,2,,,"Monetary aggregate M3, Stocks","Euro area (changing composition), Outstanding amounts at the end of the period (stocks), MFIs, central government and post office giro institutions reporting sector - Monetary aggregate M3, All currencies combined - Euro area (changing composition) counterpart, Non-MFIs excluding central government sector, denominated in Euro, data Working day and seasonally adjusted",EUR,6
BSI.M.U2.Y.V.M30.X.1.U2.2300.Z01.E,M,U2,Y,V,M30,X,1,U2,2300,Z01,E,2017-04,11578021,A,F,,,P1M,,E,,,,,,,,,2,,,"Monetary aggregate M3, Stocks","Euro area (changing composition), Outstanding amounts at the end of the period (stocks), MFIs, central government and post office giro institutions reporting sector - Monetary aggregate M3, All currencies combined - Euro area (changing composition) counterpart, Non-MFIs excluding central government sector, denominated in Euro, data Working day and seasonally adjusted",EUR,6
BSI.M.U2.Y.V.M30.X.1.U2.2300.Z01.E,M,U2,Y,V,M30,X,1,U2,2300,Z01,E,2017-05,11607575,A,F,,,P1M,,E,,,,,,,,,2,,,"Monetary aggregate M3, Stocks","Euro area (changing composition), Outstanding amounts at the end of the period (stocks), MFIs, central government and post office giro institutions reporting sector - Monetary aggregate M3, All currencies combined - Euro area (changing composition) counterpart, Non-MFIs excluding central government sector, denominated in Euro, data Working day and seasonally adjusted",EUR,6
BSI.M.U2.Y.V.M30.X.1.U2.2300.Z01.E,M,U2,Y,V,M30,X,1,U2,2300,Z01,E,2017-06,11652740,A,F,,,P1M,,E,,,,,,,,,2,,,"Monetary aggregate M3, Stocks","Euro area (changing composition), Outstanding amounts at the end of the period (stocks), MFIs, central government and post office giro institutions reporting sector - Monetary aggregate M3, All currencies combined - Euro area (changing composition) counterpart, Non-MFIs excluding central government sector, denominated in Euro, data Working day and seasonally adjusted",EUR,6
BSI.M.U2.Y.V.M30.X.1.U2.2300.Z01.E,M,U2,Y,V,M30,X,1,U2,2300,Z01,E,2017-07,11668038,A,F,,,P1M,,E,,,,,,,,,2,,,"Monetary aggregate M3, Stocks","Euro area (changing composition), Outstanding amounts at the end of the period (stocks), MFIs, central government and post office giro institutions reporting sector - Monetary aggregate M3, All currencies combined - Euro area (changing composition) counterpart, Non-MFIs excluding central government sector, denominated in Euro, data Working day and seasonally adjusted",EUR,6
BSI.M.U2.Y.V.M30.X.1.U2.2300.Z01.E,M,U2,Y,V,M30,X,1,U2,2300,Z01,E,2017-08,11736671,A,F,,,P1M,,E,,,,,,,,,2,,,"Monetary aggregate M3, Stocks","Euro area (changing composition), Outstanding amounts at the end of the period (stocks), MFIs, central government and post office giro institutions reporting sector - Monetary aggregate M3, All currencies combined - Euro area (changing composition) counterpart, Non-MFIs excluding central government sector, denominated in Euro, data Working day and seasonally adjusted",EUR,6
BSI.M.U2.Y.V.M30.X.1.U2.2300.Z01.E,M,U2,Y,V,M30,X,1,U2,2300,Z01,E,2017-09,11773187,A,F,,,P1M,,E,,,,,,,,,2,,,"Monetary aggregate M3, Stocks","Euro area (changing composition), Outstanding amounts at the end of the period (stocks), MFIs, central government and post office giro institutions reporting sector - Monetary aggregate M3, All currencies combined - Euro area (changing composition) counterpart, Non-MFIs excluding central government sector, denominated in Euro, data Working day and seasonally adjusted",EUR,6
BSI.M.U2.Y.V.M30.X.1.U2.2300.Z01.E,M,U2,Y,V,M30,X,1,U2,2300,Z01,E,2017-10,11804155,A,F,,,P1M,,E,,,,,,,,,2,,,"Monetary aggregate M3, Stocks","Euro area (changing composition), Outstanding amounts at the end of the period (stocks), MFIs, central government and post office giro institutions reporting sector - Monetary aggregate M3, All currencies combined - Euro area (changing composition) counterpart, Non-MFIs excluding central government sector, denominated in Euro, data Working day and seasonally adjusted",EUR,6
BSI.M.U2.Y.V.M30.X.1.U2.2300.Z01.E,M,U2,Y,V,M30,X,1,U2,2300,Z01,E,2017-11,11849209,A,F,,,P1M,,E,,,,,,,,,2,,,"Monetary aggregate M3, Stocks","Euro area (changing composition), Outstanding amounts at the end of the period (stocks), MFIs, central government and post office giro institutions reporting sector - Monetary aggregate M3, All currencies combined - Euro area (changing composition) counterpart, Non-MFIs excluding central government sector, denominated in Euro, data Working day and seasonally adjusted",EUR,6
BSI.M.U2.Y.V.M30.X.1.U2.2300.Z01.E,M,U2,Y,V,M30,X,1,U2,2300,Z01,E,2017-12,11858924,A,F,,,P1M,,E,,,,,,,,,2,,,"Monetary aggregate M3, Stocks","Euro area (changing composition), Outstanding amounts at the end of the period (stocks), MFIs, central government and post office giro institutions reporting sector - Monetary aggregate M3, All currencies combined - Euro area (changing composition) counterpart, Non-MFIs excluding central government sector, denominated in Euro, data Working day and seasonally adjusted",EUR,6
BSI.M.U2.Y.V.M30.X.1.U2.2300.Z01.E,M,U2,Y,V,M30,X,1,U2,2300,Z01,E,2018-01,11911325,A,F,,,P1M,,E,,,,,,,,,2,,,"Monetary aggregate M3, Stocks","Euro area (changing composition), Outstanding amounts at the end of the period (stocks), MFIs, central government and post office giro institutions reporting sector - Monetary aggregate M3, All currencies combined - Euro area (changing composition) counterpart, Non-MFIs excluding central government sector, denominated in Euro, data Working day and seasonally adjusted",EUR,6
BSI.M.U2.Y.V.M30.X.1.U2.2300.Z01.E,M,U2,Y,V,M30,X,1,U2,2300,Z01,E,2018-02,11920032,A,F,,,P1M,,E,,,,,,,,,2,,,"Monetary aggregate M3, Stocks","Euro area (changing composition), Outstanding amounts at the end of the period (stocks), MFIs, central government and post office giro institutions reporting sector - Monetary aggregate M3, All currencies combined - Euro area (changing composition) counterpart, Non-MFIs excluding central government sector, denominated in Euro, data Working day and seasonally adjusted",EUR,6
BSI.M.U2.Y.V.M30.X.1.U2.2300.Z01.E,M,U2,Y,V,M30,X,1,U2,2300,Z01,E,2018-03,11947263,A,F,,,P1M,,E,,,,,,,,,2,,,"Monetary aggregate M3, Stocks","Euro area (changing composition), Outstanding amounts at the end of the period (stocks), MFIs, central government and post office giro institutions reporting sector - Monetary aggregate M3, All currencies combined - Euro area (changing composition) counterpart, Non-MFIs excluding central government sector, denominated in Euro, data Working day and seasonally adjusted",EUR,6
BSI.M.U2.Y.V.M30.X.1.U2.2300.Z01.E,M,U2,Y,V,M30,X,1,U2,2300,Z01,E,2018-04,11997443,A,F,,,P1M,,E,,,,,,,,,2,,,"Monetary aggregate M3, Stocks","Euro area (changing composition), Outstanding amounts at the end of the period (stocks), MFIs, central government and post office giro institutions reporting sector - Monetary aggregate M3, All currencies combined - Euro area (changing composition) counterpart, Non-MFIs excluding central government sector, denominated in Euro, data Working day and seasonally adjusted",EUR,6
BSI.M.U2.Y.V.M30.X.1.U2.2300.Z01.E,M,U2,Y,V,M30,X,1,U2,2300,Z01,E,2018-05,12070821,A,F,,,P1M,,E,,,,,,,,,2,,,"Monetary aggregate M3, Stocks","Euro area (changing composition), Outstanding amounts at the end of the period (stocks), MFIs, central government and post office giro institutions reporting sector - Monetary aggregate M3, All currencies combined - Euro area (changing composition) counterpart, Non-MFIs excluding central government sector, denominated in Euro, data Working day and seasonally adjusted",EUR,6
BSI.M.U2.Y.V.M30.X.1.U2.2300.Z01.E,M,U2,Y,V,M30,X,1,U2,2300,Z01,E,2018-06,12149385,A,F,,,P1M,,E,,,,,,,,,2,,,"Monetary aggregate M3, Stocks","Euro area (changing composition), Outstanding amounts at the end of the period (stocks), MFIs, central government and post office giro institutions reporting sector - Monetary aggregate M3, All currencies combined - Euro area (changing composition) counterpart, Non-MFIs excluding central government sector, denominated in Euro, data Working day and seasonally adjusted",EUR,6
BSI.M.U2.Y.V.M30.X.1.U2.2300.Z01.E,M,U2,Y,V,M30,X,1,U2,2300,Z01,E,2018-07,12133882,A,F,,,P1M,,E,,,,,,,,,2,,,"Monetary aggregate M3, Stocks","Euro area (changing composition), Outstanding amounts at the end of the period (stocks), MFIs, central government and post office giro institutions reporting sector - Monetary aggregate M3, All currencies combined - Euro area (changing composition) counterpart, Non-MFIs excluding central government sector, denominated in Euro, data Working day and seasonally adjusted",EUR,6
BSI.M.U2.Y.V.M30.X.1.U2.2300.Z01.E,M,U2,Y,V,M30,X,1,U2,2300,Z01,E,2018-08,12159092,A,F,,,P1M,,E,,,,,,,,,2,,,"Monetary aggregate M3, Stocks","Euro area (changing composition), Outstanding amounts at the end of the period (stocks), MFIs, central government and post office giro institutions reporting sector - Monetary aggregate M3, All currencies combined - Euro area (changing composition) counterpart, Non-MFIs excluding central government sector, denominated in Euro, data Working day and seasonally adjusted",EUR,6
BSI.M.U2.Y.V.M30.X.1.U2.2300.Z01.E,M,U2,Y,V,M30,X,1,U2,2300,Z01,E,2018-09,12193756,A,F,,,P1M,,E,,,,,,,,,2,,,"Monetary aggregate M3, Stocks","Euro area (changing composition), Outstanding amounts at the end of the period (stocks), MFIs, central government and post office giro institutions reporting sector - Monetary aggregate M3, All currencies combined - Euro area (changing composition) counterpart, Non-MFIs excluding central government sector, denominated in Euro, data Working day and seasonally adjusted",EUR,6
BSI.M.U2.Y.V.M30.X.1.U2.2300.Z01.E,M,U2,Y,V,M30,X,1,U2,2300,Z01,E,2018-10,12261279,A,F,,,P1M,,E,,,,,,,,,2,,,"Monetary aggregate M3, Stocks","Euro area (changing composition), Outstanding amounts at the end of the period (stocks), MFIs, central government and post office giro institutions reporting sector - Monetary aggregate M3, All currencies combined - Euro area (changing composition) counterpart, Non-MFIs excluding central government sector, denominated in Euro, data Working day and seasonally adjusted",EUR,6
BSI.M.U2.Y.V.M30.X.1.U2.2300.Z01.E,M,U2,Y,V,M30,X,1,U2,2300,Z01,E,2018-11,12301413,A,F,,,P1M,,E,,,,,,,,,2,,,"Monetary aggregate M3, Stocks","Euro area (changing composition), Outstanding amounts at the end of the period (stocks), MFIs, central government and post office giro institutions reporting sector - Monetary aggregate M3, All currencies combined - Euro area (changing composition) counterpart, Non-MFIs excluding central government sector, denominated in Euro, data Working day and seasonally adjusted",EUR,6
BSI.M.U2.Y.V.M30.X.1.U2.2300.Z01.E,M,U2,Y,V,M30,X,1,U2,2300,Z01,E,2018-12,12366854,A,F,,,P1M,,E,,,,,,,,,2,,,"Monetary aggregate M3, Stocks","Euro area (changing composition), Outstanding amounts at the end of the period (stocks), MFIs, central government and post office giro institutions reporting sector - Monetary aggregate M3, All currencies combined - Euro area (changing composition) counterpart, Non-MFIs excluding central government sector, denominated in Euro, data Working day and seasonally adjusted",EUR,6
BSI.M.U2.Y.V.M30.X.1.U2.2300.Z01.E,M,U2,Y,V,M30,X,1,U2,2300,Z01,E,2019-01,12401877,A,F,,,P1M,,E,,,,,,,,,2,,,"Monetary aggregate M3, Stocks","Euro area (changing composition), Outstanding amounts at the end of the period (stocks), MFIs, central government and post office giro institutions reporting sector - Monetary aggregate M3, All currencies combined - Euro area (changing composition) counterpart, Non-MFIs excluding central government sector, denominated in Euro, data Working day and seasonally adjusted",EUR,6
BSI.M.U2.Y.V.M30.X.1.U2.2300.Z01.E,M,U2,Y,V,M30,X,1,U2,2300,Z01,E,2019-02,12455465,A,F,,,P1M,,E,,,,,,,,,2,,,"Monetary aggregate M3, Stocks","Euro area (changing composition), Outstanding amounts at the end of the period (stocks), MFIs, central government and post office giro institutions reporting sector - Monetary aggregate M3, All currencies combined - Euro area (changing composition) counterpart, Non-MFIs excluding central government sector, denominated in Euro, data Working day and seasonally adjusted",EUR,6
BSI.M.U2.Y.V.M30.X.1.U2.2300.Z01.E,M,U2,Y,V,M30,X,1,U2,2300,Z01,E,2019-03,12535380,A,F,,,P1M,,E,,,,,,,,,2,,,"Monetary aggregate M3, Stocks","Euro area (changing composition), Outstanding amounts at the end of the period (stocks), MFIs, central government and post office giro institutions reporting sector - Monetary aggregate M3, All currencies combined - Euro area (changing composition) counterpart, Non-MFIs excluding central government sector, denominated in Euro, data Working day and seasonally adjusted",EUR,6
BSI.M.U2.Y.V.M30.X.1.U2.2300.Z01.E,M,U2,Y,V,M30,X,1,U2,2300,Z01,E,2019-04,12606448,A,F,,,P1M,,E,,,,,,,,,2,,,"Monetary aggregate M3, Stocks","Euro area (changing composition), Outstanding amounts at the end of the period (stocks), MFIs, central government and post office giro institutions reporting sector - Monetary aggregate M3, All currencies combined - Euro area (changing composition) counterpart, Non-MFIs excluding central government sector, denominated in Euro, data Working day and seasonally adjusted",EUR,6
BSI.M.U2.Y.V.M30.X.1.U2.2300.Z01.E,M,U2,Y,V,M30,X,1,U2,2300,Z01,E,2019-05,12675932,A,F,,,P1M,,E,,,,,,,,,2,,,"Monetary aggregate M3, Stocks","Euro area (changing composition), Outstanding amounts at the end of the period (stocks), MFIs, central government and post office giro institutions reporting sector - Monetary aggregate M3, All currencies combined - Euro area (changing composition) counterpart, Non-MFIs excluding central government sector, denominated in Euro, data Working day and seasonally adjusted",EUR,6
BSI.M.U2.Y.V.M30.X.1.U2.2300.Z01.E,M,U2,Y,V,M30,X,1,U2,2300,Z01,E,2019-06,12714933,A,F,,,P1M,,E,,,,,,,,,2,,,"Monetary aggregate M3, Stocks","Euro area (changing composition), Outstanding amounts at the end of the period (stocks), MFIs, central government and post office giro institutions reporting sector - Monetary aggregate M3, All currencies combined - Euro area (changing composition) counterpart, Non-MFIs excluding central government sector, denominated in Euro, data Working day and seasonally adjusted",EUR,6
BSI.M.U2.Y.V.M30.X.1.U2.2300.Z01.E,M,U2,Y,V,M30,X,1,U2,2300,Z01,E,2019-07,12783995,A,F,,,P1M,,E,,,,,,,,,2,,,"Monetary aggregate M3, Stocks","Euro area (changing composition), Outstanding amounts at the end of the period (stocks), MFIs, central government and post office giro institutions reporting sector - Monetary aggregate M3, All currencies combined - Euro area (changing composition) counterpart, Non-MFIs excluding central government sector, denominated in Euro, data Working day and seasonally adjusted",EUR,6
BSI.M.U2.Y.V.M30.X.1.U2.2300.Z01.E,M,U2,Y,V,M30,X,1,U2,2300,Z01,E,2019-08,12889241,A,F,,,P1M,,E,,,,,,,,,2,,,"Monetary aggregate M3, Stocks","Euro area (changing composition), Outstanding amounts at the end of the period (stocks), MFIs, central government and post office giro institutions reporting sector - Monetary aggregate M3, All currencies combined - Euro area (changing composition) counterpart, Non-MFIs excluding central government sector, denominated in Euro, data Working day and seasonally adjusted",EUR,6
BSI.M.U2.Y.V.M30.X.1.U2.2300.Z01.E,M,U2,Y,V,M30,X,1,U2,2300,Z01,E,2019-09,12922101,A,F,,,P1M,,E,,,,,,,,,2,,,"Monetary aggregate M3, Stocks","Euro area (changing composition), Outstanding amounts at the end of the period (stocks), MFIs, central government and post office giro institutions reporting sector - Monetary aggregate M3, All currencies combined - Euro area (changing composition) counterpart, Non-MFIs excluding central government sector, denominated in Euro, data Working day and seasonally adjusted",EUR,6
BSI.M.U2.Y.V.M30.X.1.U2.2300.Z01.E,M,U2,Y,V,M30,X,1,U2,2300,Z01,E,2019-10,12976186,A,F,,,P1M,,E,,,,,,,,,2,,,"Monetary aggregate M3, Stocks","Euro area (changing composition), Outstanding amounts at the end of the period (stocks), MFIs, central government and post office giro institutions reporting sector - Monetary aggregate M3, All currencies combined - Euro area (changing composition) counterpart, Non-MFIs excluding central government sector, denominated in Euro, data Working day and seasonally adjusted",EUR,6
BSI.M.U2.Y.V.M30.X.1.U2.2300.Z01.E,M,U2,Y,V,M30,X,1,U2,2300,Z01,E,2019-11,13005269,A,F,,,P1M,,E,,,,,,,,,2,,,"Monetary aggregate M3, Stocks","Euro area (changing composition), Outstanding amounts at the end of the period (stocks), MFIs, central government and post office giro institutions reporting sector - Monetary aggregate M3, All currencies combined - Euro area (changing composition) counterpart, Non-MFIs excluding central government sector, denominated in Euro, data Working day and seasonally adjusted",EUR,6
BSI.M.U2.Y.V.M30.X.1.U2.2300.Z01.E,M,U2,Y,V,M30,X,1,U2,2300,Z01,E,2019-12,12978873,A,F,,,P1M,,E,,,,,,,,,2,,,"Monetary aggregate M3, Stocks","Euro area (changing composition), Outstanding amounts at the end of the period (stocks), MFIs, central government and post office giro institutions reporting sector - Monetary aggregate M3, All currencies combined - Euro area (changing composition) counterpart, Non-MFIs excluding central government sector, denominated in Euro, data Working day and seasonally adjusted",EUR,6
BSI.M.U2.Y.V.M30.X.1.U2.2300.Z01.E,M,U2,Y,V,M30,X,1,U2,2300,Z01,E,2020-01,13053446,A,F,,,P1M,,E,,,,,,,,,2,,,"Monetary aggregate M3, Stocks","Euro area (changing composition), Outstanding amounts at the end of the period (stocks), MFIs, central government and post office giro institutions reporting sector - Monetary aggregate M3, All currencies combined - Euro area (changing composition) counterpart, Non-MFIs excluding central government sector, denominated in Euro, data Working day and seasonally adjusted",EUR,6
BSI.M.U2.Y.V.M30.X.1.U2.2300.Z01.E,M,U2,Y,V,M30,X,1,U2,2300,Z01,E,2020-02,13139917,A,F,,,P1M,,E,,,,,,,,,2,,,"Monetary aggregate M3, Stocks","Euro area (changing composition), Outstanding amounts at the end of the period (stocks), MFIs, central government and post office giro institutions reporting sector - Monetary aggregate M3, All currencies combined - Euro area (changing composition) counterpart, Non-MFIs excluding central government sector, denominated in Euro, data Working day and seasonally adjusted",EUR,6
BSI.M.U2.Y.V.M30.X.1.U2.2300.Z01.E,M,U2,Y,V,M30,X,1,U2,2300,Z01,E,2020-03,13487080,A,F,,,P1M,,E,,,,,,,,,2,,,"Monetary aggregate M3, Stocks","Euro area (changing composition), Outstanding amounts at the end of the period (stocks), MFIs, central government and post office giro institutions reporting sector - Monetary aggregate M3, All currencies combined - Euro area (changing composition) counterpart, Non-MFIs excluding central government sector, denominated in Euro, data Working day and seasonally adjusted",EUR,6
BSI.M.U2.Y.V.M30.X.1.U2.2300.Z01.E,M,U2,Y,V,M30,X,1,U2,2300,Z01,E,2020-04,13643802,A,F,,,P1M,,E,,,,,,,,,2,,,"Monetary aggregate M3, Stocks","Euro area (changing composition), Outstanding amounts at the end of the period (stocks), MFIs, central government and post office giro institutions reporting sector - Monetary aggregate M3, All currencies combined - Euro area (changing composition) counterpart, Non-MFIs excluding central government sector, denominated in Euro, data Working day and seasonally adjusted",EUR,6
BSI.M.U2.Y.V.M30.X.1.U2.2300.Z01.E,M,U2,Y,V,M30,X,1,U2,2300,Z01,E,2020-05,13800035,A,F,,,P1M,,E,,,,,,,,,2,,,"Monetary aggregate M3, Stocks","Euro area (changing composition), Outstanding amounts at the end of the period (stocks), MFIs, central government and post office giro institutions reporting sector - Monetary aggregate M3, All currencies combined - Euro area (changing composition) counterpart, Non-MFIs excluding central government sector, denominated in Euro, data Working day and seasonally adjusted",EUR,6
BSI.M.U2.Y.V.M30.X.1.U2.2300.Z01.E,M,U2,Y,V,M30,X,1,U2,2300,Z01,E,2020-06,13908789,A,F,,,P1M,,E,,,,,,,,,2,,,"Monetary aggregate M3, Stocks","Euro area (changing composition), Outstanding amounts at the end of the period (stocks), MFIs, central government and post office giro institutions reporting sector - Monetary aggregate M3, All currencies combined - Euro area (changing composition) counterpart, Non-MFIs excluding central government sector, denominated in Euro, data Working day and seasonally adjusted",EUR,6
BSI.M.U2.Y.V.M30.X.1.U2.2300.Z01.E,M,U2,Y,V,M30,X,1,U2,2300,Z01,E,2020-07,13991504,A,F,,,P1M,,E,,,,,,,,,2,,,"Monetary aggregate M3, Stocks","Euro area (changing composition), Outstanding amounts at the end of the period (stocks), MFIs, central government and post office giro institutions reporting sector - Monetary aggregate M3, All currencies combined - Euro area (changing composition) counterpart, Non-MFIs excluding central government sector, denominated in Euro, data Working day and seasonally adjusted",EUR,6
BSI.M.U2.Y.V.M30.X.1.U2.2300.Z01.E,M,U2,Y,V,M30,X,1,U2,2300,Z01,E,2020-08,14036505,A,F,,,P1M,,E,,,,,,,,,2,,,"Monetary aggregate M3, Stocks","Euro area (changing composition), Outstanding amounts at the end of the period (stocks), MFIs, central government and post office giro institutions reporting sector - Monetary aggregate M3, All currencies combined - Euro area (changing composition) counterpart, Non-MFIs excluding central government sector, denominated in Euro, data Working day and seasonally adjusted",EUR,6
BSI.M.U2.Y.V.M30.X.1.U2.2300.Z01.E,M,U2,Y,V,M30,X,1,U2,2300,Z01,E,2020-09,14153097,A,F,,,P1M,,E,,,,,,,,,2,,,"Monetary aggregate M3, Stocks","Euro area (changing composition), Outstanding amounts at the end of the period (stocks), MFIs, central government and post office giro institutions reporting sector - Monetary aggregate M3, All currencies combined - Euro area (changing composition) counterpart, Non-MFIs excluding central government sector, denominated in Euro, data Working day and seasonally adjusted",EUR,6
BSI.M.U2.Y.V.M30.X.1.U2.2300.Z01.E,M,U2,Y,V,M30,X,1,U2,2300,Z01,E,2020-10,14252609,A,F,,,P1M,,E,,,,,,,,,2,,,"Monetary aggregate M3, Stocks","Euro area (changing composition), Outstanding amounts at the end of the period (stocks), MFIs, central government and post office giro institutions reporting sector - Monetary aggregate M3, All currencies combined - Euro area (changing composition) counterpart, Non-MFIs excluding central government sector, denominated in Euro, data Working day and seasonally adjusted",EUR,6
BSI.M.U2.Y.V.M30.X.1.U2.2300.Z01.E,M,U2,Y,V,M30,X,1,U2,2300,Z01,E,2020-11,14349923,A,F,,,P1M,,E,,,,,,,,,2,,,"Monetary aggregate M3, Stocks","Euro area (changing composition), Outstanding amounts at the end of the period (stocks), MFIs, central government and post office giro institutions reporting sector - Monetary aggregate M3, All currencies combined - Euro area (changing composition) counterpart, Non-MFIs excluding central government sector, denominated in Euro, data Working day and seasonally adjusted",EUR,6
BSI.M.U2.Y.V.M30.X.1.U2.2300.Z01.E,M,U2,Y,V,M30,X,1,U2,2300,Z01,E,2020-12,14474148,A,F,,,P1M,,E,,,,,,,,,2,,,"Monetary aggregate M3, Stocks","Euro area (changing composition), Outstanding amounts at the end of the period (stocks), MFIs, central government and post office giro institutions reporting sector - Monetary aggregate M3, All currencies combined - Euro area (changing composition) counterpart, Non-MFIs excluding central government sector, denominated in Euro, data Working day and seasonally adjusted",EUR,6
BSI.M.U2.Y.V.M30.X.1.U2.2300.Z01.E,M,U2,Y,V,M30,X,1,U2,2300,Z01,E,2021-01,14581177,A,F,,,P1M,,E,,,,,,,,,2,,,"Monetary aggregate M3, Stocks","Euro area (changing composition), Outstanding amounts at the end of the period (stocks), MFIs, central government and post office giro institutions reporting sector - Monetary aggregate M3, All currencies combined - Euro area (changing composition) counterpart, Non-MFIs excluding central government sector, denominated in Euro, data Working day and seasonally adjusted",EUR,6
BSI.M.U2.Y.V.M30.X.1.U2.2300.Z01.E,M,U2,Y,V,M30,X,1,U2,2300,Z01,E,2021-02,14661741,A,F,,,P1M,,E,,,,,,,,,2,,,"Monetary aggregate M3, Stocks","Euro area (changing composition), Outstanding amounts at the end of the period (stocks), MFIs, central government and post office giro institutions reporting sector - Monetary aggregate M3, All currencies combined - Euro area (changing composition) counterpart, Non-MFIs excluding central government sector, denominated in Euro, data Working day and seasonally adjusted",EUR,6
BSI.M.U2.Y.V.M30.X.1.U2.2300.Z01.E,M,U2,Y,V,M30,X,1,U2,2300,Z01,E,2021-03,14758346,A,F,,,P1M,,E,,,,,,,,,2,,,"Monetary aggregate M3, Stocks","Euro area (changing composition), Outstanding amounts at the end of the period (stocks), MFIs, central government and post office giro institutions reporting sector - Monetary aggregate M3, All currencies combined - Euro area (changing composition) counterpart, Non-MFIs excluding central government sector, denominated in Euro, data Working day and seasonally adjusted",EUR,6
BSI.M.U2.Y.V.M30.X.1.U2.2300.Z01.E,M,U2,Y,V,M30,X,1,U2,2300,Z01,E,2021-04,14811976,A,F,,,P1M,,E,,,,,,,,,2,,,"Monetary aggregate M3, Stocks","Euro area (changing composition), Outstanding amounts at the end of the period (stocks), MFIs, central government and post office giro institutions reporting sector - Monetary aggregate M3, All currencies combined - Euro area (changing composition) counterpart, Non-MFIs excluding central government sector, denominated in Euro, data Working day and seasonally adjusted",EUR,6
BSI.M.U2.Y.V.M30.X.1.U2.2300.Z01.E,M,U2,Y,V,M30,X,1,U2,2300,Z01,E,2021-05,14908470,A,F,,,P1M,,E,,,,,,,,,2,,,"Monetary aggregate M3, Stocks","Euro area (changing composition), Outstanding amounts at the end of the period (stocks), MFIs, central government and post office giro institutions reporting sector - Monetary aggregate M3, All currencies combined - Euro area (changing composition) counterpart, Non-MFIs excluding central government sector, denominated in Euro, data Working day and seasonally adjusted",EUR,6
BSI.M.U2.Y.V.M30.X.1.U2.2300.Z01.E,M,U2,Y,V,M30,X,1,U2,2300,Z01,E,2021-06,14988989,A,F,,,P1M,,E,,,,,,,,,2,,,"Monetary aggregate M3, Stocks","Euro area (changing composition), Outstanding amounts at the end of the period (stocks), MFIs, central government and post office giro institutions reporting sector - Monetary aggregate M3, All currencies combined - Euro area (changing composition) counterpart, Non-MFIs excluding central government sector, denominated in Euro, data Working day and seasonally adjusted",EUR,6
BSI.M.U2.Y.V.M30.X.1.U2.2300.Z01.E,M,U2,Y,V,M30,X,1,U2,2300,Z01,E,2021-07,15108437,A,F,,,P1M,,E,,,,,,,,,2,,,"Monetary aggregate M3, Stocks","Euro area (changing composition), Outstanding amounts at the end of the period (stocks), MFIs, central government and post office giro institutions reporting sector - Monetary aggregate M3, All currencies combined - Euro area (changing composition) counterpart, Non-MFIs excluding central government sector, denominated in Euro, data Working day and seasonally adjusted",EUR,6
BSI.M.U2.Y.V.M30.X.1.U2.2300.Z01.E,M,U2,Y,V,M30,X,1,U2,2300,Z01,E,2021-08,15200168,A,F,,,P1M,,E,,,,,,,,,2,,,"Monetary aggregate M3, Stocks","Euro area (changing composition), Outstanding amounts at the end of the period (stocks), MFIs, central government and post office giro institutions reporting sector - Monetary aggregate M3, All currencies combined - Euro area (changing composition) counterpart, Non-MFIs excluding central government sector, denominated in Euro, data Working day and seasonally adjusted",EUR,6
BSI.M.U2.Y.V.M30.X.1.U2.2300.Z01.E,M,U2,Y,V,M30,X,1,U2,2300,Z01,E,2021-09,15257471,A,F,,,P1M,,E,,,,,,,,,2,,,"Monetary aggregate M3, Stocks","Euro area (changing composition), Outstanding amounts at the end of the period (stocks), MFIs, central government and post office giro institutions reporting sector - Monetary aggregate M3, All currencies combined - Euro area (changing composition) counterpart, Non-MFIs excluding central government sector, denominated in Euro, data Working day and seasonally adjusted",EUR,6
BSI.M.U2.Y.V.M30.X.1.U2.2300.Z01.E,M,U2,Y,V,M30,X,1,U2,2300,Z01,E,2021-10,15362016,A,F,,,P1M,,E,,,,,,,,,2,,,"Monetary aggregate M3, Stocks","Euro area (changing composition), Outstanding amounts at the end of the period (stocks), MFIs, central government and post office giro institutions reporting sector - Monetary aggregate M3, All currencies combined - Euro area (changing composition) counterpart, Non-MFIs excluding central government sector, denominated in Euro, data Working day and seasonally adjusted",EUR,6
BSI.M.U2.Y.V.M30.X.1.U2.2300.Z01.E,M,U2,Y,V,M30,X,1,U2,2300,Z01,E,2021-11,15415034,A,F,,,P1M,,E,,,,,,,,,2,,,"Monetary aggregate M3, Stocks","Euro area (changing composition), Outstanding amounts at the end of the period (stocks), MFIs, central government and post office giro institutions reporting sector - Monetary aggregate M3, All currencies combined - Euro area (changing composition) counterpart, Non-MFIs excluding central government sector, denominated in Euro, data Working day and seasonally adjusted",EUR,6
BSI.M.U2.Y.V.M30.X.1.U2.2300.Z01.E,M,U2,Y,V,M30,X,1,U2,2300,Z01,E,2021-12,15491108,A,F,,,P1M,,E,,,,,,,,,2,,,"Monetary aggregate M3, Stocks","Euro area (changing composition), Outstanding amounts at the end of the period (stocks), MFIs, central government and post office giro institutions reporting sector - Monetary aggregate M3, All currencies combined - Euro area (changing composition) counterpart, Non-MFIs excluding central government sector, denominated in Euro, data Working day and seasonally adjusted",EUR,6
BSI.M.U2.Y.V.M30.X.1.U2.2300.Z01.E,M,U2,Y,V,M30,X,1,U2,2300,Z01,E,2022-01,15600173,A,F,,,P1M,,E,,,,,,,,,2,,,"Monetary aggregate M3, Stocks","Euro area (changing composition), Outstanding amounts at the end of the period (stocks), MFIs, central government and post office giro institutions reporting sector - Monetary aggregate M3, All currencies combined - Euro area (changing composition) counterpart, Non-MFIs excluding central government sector, denominated in Euro, data Working day and seasonally adjusted",EUR,6
BSI.M.U2.Y.V.M30.X.1.U2.2300.Z01.E,M,U2,Y,V,M30,X,1,U2,2300,Z01,E,2022-02,15662745,A,F,,,P1M,,E,,,,,,,,,2,,,"Monetary aggregate M3, Stocks","Euro area (changing composition), Outstanding amounts at the end of the period (stocks), MFIs, central government and post office giro institutions reporting sector - Monetary aggregate M3, All currencies combined - Euro area (changing composition) counterpart, Non-MFIs excluding central government sector, denominated in Euro, data Working day and seasonally adjusted",EUR,6
BSI.M.U2.Y.V.M30.X.1.U2.2300.Z01.E,M,U2,Y,V,M30,X,1,U2,2300,Z01,E,2022-03,15725823,A,F,,,P1M,,E,,,,,,,,,2,,,"Monetary aggregate M3, Stocks","Euro area (changing composition), Outstanding amounts at the end of the period (stocks), MFIs, central government and post office giro institutions reporting sector - Monetary aggregate M3, All currencies combined - Euro area (changing composition) counterpart, Non-MFIs excluding central government sector, denominated in Euro, data Working day and seasonally adjusted",EUR,6
BSI.M.U2.Y.V.M30.X.1.U2.2300.Z01.E,M,U2,Y,V,M30,X,1,U2,2300,Z01,E,2022-04,15799313,A,F,,,P1M,,E,,,,,,,,,2,,,"Monetary aggregate M3, Stocks","Euro area (changing composition), Outstanding amounts at the end of the period (stocks), MFIs, central government and post office giro institutions reporting sector - Monetary aggregate M3, All currencies combined - Euro area (changing composition) counterpart, Non-MFIs excluding central government sector, denominated in Euro, data Working day and seasonally adjusted",EUR,6
BSI.M.U2.Y.V.M30.X.1.U2.2300.Z01.E,M,U2,Y,V,M30,X,1,U2,2300,Z01,E,2022-05,15850610,A,F,,,P1M,,E,,,,,,,,,2,,,"Monetary aggregate M3, Stocks","Euro area (changing composition), Outstanding amounts at the end of the period (stocks), MFIs, central government and post office giro institutions reporting sector - Monetary aggregate M3, All currencies combined - Euro area (changing composition) counterpart, Non-MFIs excluding central government sector, denominated in Euro, data Working day and seasonally adjusted",EUR,6
BSI.M.U2.Y.V.M30.X.1.U2.2300.Z01.E,M,U2,Y,V,M30,X,1,U2,2300,Z01,E,2022-06,15933450,A,F,,,P1M,,E,,,,,,,,,2,,,"Monetary aggregate M3, Stocks","Euro area (changing composition), Outstanding amounts at the end of the period (stocks), MFIs, central government and post office giro institutions reporting sector - Monetary aggregate M3, All currencies combined - Euro area (changing composition) counterpart, Non-MFIs excluding central government sector, denominated in Euro, data Working day and seasonally adjusted",EUR,6
BSI.M.U2.Y.V.M30.X.1.U2.2300.Z01.E,M,U2,Y,V,M30,X,1,U2,2300,Z01,E,2022-07,15994541,A,F,,,P1M,,E,,,,,,,,,2,,,"Monetary aggregate M3, Stocks","Euro area (changing composition), Outstanding amounts at the end of the period (stocks), MFIs, central government and post office giro institutions reporting sector - Monetary aggregate M3, All currencies combined - Euro area (changing composition) counterpart, Non-MFIs excluding central government sector, denominated in Euro, data Working day and seasonally adjusted",EUR,6
BSI.M.U2.Y.V.M30.X.1.U2.2300.Z01.E,M,U2,Y,V,M30,X,1,U2,2300,Z01,E,2022-08,16144166,A,F,,,P1M,,E,,,,,,,,,2,,,"Monetary aggregate M3, Stocks","Euro area (changing composition), Outstanding amounts at the end of the period (stocks), MFIs, central government and post office giro institutions reporting sector - Monetary aggregate M3, All currencies combined - Euro area (changing composition) counterpart, Non-MFIs excluding central government sector, denominated in Euro, data Working day and seasonally adjusted",EUR,6
BSI.M.U2.Y.V.M30.X.1.U2.2300.Z01.E,M,U2,Y,V,M30,X,1,U2,2300,Z01,E,2022-09,16198828,A,F,,,P1M,,E,,,,,,,,,2,,,"Monetary aggregate M3, Stocks","Euro area (changing composition), Outstanding amounts at the end of the period (stocks), MFIs, central government and post office giro institutions reporting sector - Monetary aggregate M3, All currencies combined - Euro area (changing composition) counterpart, Non-MFIs excluding central government sector, denominated in Euro, data Working day and seasonally adjusted",EUR,6
BSI.M.U2.Y.V.M30.X.1.U2.2300.Z01.E,M,U2,Y,V,M30,X,1,U2,2300,Z01,E,2022-10,16146148,A,F,,,P1M,,E,,,,,,,,,2,,,"Monetary aggregate M3, Stocks","Euro area (changing composition), Outstanding amounts at the end of the period (stocks), MFIs, central government and post office giro institutions reporting sector - Monetary aggregate M3, All currencies combined - Euro area (changing composition) counterpart, Non-MFIs excluding central government sector, denominated in Euro, data Working day and seasonally adjusted",EUR,6
BSI.M.U2.Y.V.M30.X.1.U2.2300.Z01.E,M,U2,Y,V,M30,X,1,U2,2300,Z01,E,2022-11,16131928,A,F,,,P1M,,E,,,,,,,,,2,,,"Monetary aggregate M3, Stocks","Euro area (changing composition), Outstanding amounts at the end of the period (stocks), MFIs, central government and post office giro institutions reporting sector - Monetary aggregate M3, All currencies combined - Euro area (changing composition) counterpart, Non-MFIs excluding central government sector, denominated in Euro, data Working day and seasonally adjusted",EUR,6
BSI.M.U2.Y.V.M30.X.1.U2.2300.Z01.E,M,U2,Y,V,M30,X,1,U2,2300,Z01,E,2022-12,16050319,A,F,,,P1M,,E,,,,,,,,,2,,,"Monetary aggregate M3, Stocks","Euro area (changing composition), Outstanding amounts at the end of the period (stocks), MFIs, central government and post office giro institutions reporting sector - Monetary aggregate M3, All currencies combined - Euro area (changing composition) counterpart, Non-MFIs excluding central government sector, denominated in Euro, data Working day and seasonally adjusted",EUR,6
BSI.M.U2.Y.V.M30.X.1.U2.2300.Z01.E,M,U2,Y,V,M30,X,1,U2,2300,Z01,E,2023-01,16073998,A,F,,,P1M,,E,,,,,,,,,2,,,"Monetary aggregate M3, Stocks","Euro area (changing composition), Outstanding amounts at the end of the period (stocks), MFIs, central government and post office giro institutions reporting sector - Monetary aggregate M3, All currencies combined - Euro area (changing composition) counterpart, Non-MFIs excluding central government sector, denominated in Euro, data Working day and seasonally adjusted",EUR,6
BSI.M.U2.Y.V.M30.X.1.U2.2300.Z01.E,M,U2,Y,V,M30,X,1,U2,2300,Z01,E,2023-02,16063035,A,F,,,P1M,,E,,,,,,,,,2,,,"Monetary aggregate M3, Stocks","Euro area (changing composition), Outstanding amounts at the end of the period (stocks), MFIs, central government and post office giro institutions reporting sector - Monetary aggregate M3, All currencies combined - Euro area (changing composition) counterpart, Non-MFIs excluding central government sector, denominated in Euro, data Working day and seasonally adjusted",EUR,6
BSI.M.U2.Y.V.M30.X.1.U2.2300.Z01.E,M,U2,Y,V,M30,X,1,U2,2300,Z01,E,2023-03,16032723,A,F,,,P1M,,E,,,,,,,,,2,,,"Monetary aggregate M3, Stocks","Euro area (changing composition), Outstanding amounts at the end of the period (stocks), MFIs, central government and post office giro institutions reporting sector - Monetary aggregate M3, All currencies combined - Euro area (changing composition) counterpart, Non-MFIs excluding central government sector, denominated in Euro, data Working day and seasonally adjusted",EUR,6
BSI.M.U2.Y.V.M30.X.1.U2.2300.Z01.E,M,U2,Y,V,M30,X,1,U2,2300,Z01,E,2023-04,15982626,A,F,,,P1M,,E,,,,,,,,,2,,,"Monetary aggregate M3, Stocks","Euro area (changing composition), Outstanding amounts at the end of the period (stocks), MFIs, central government and post office giro institutions reporting sector - Monetary aggregate M3, All currencies combined - Euro area (changing composition) counterpart, Non-MFIs excluding central government sector, denominated in Euro, data Working day and seasonally adjusted",EUR,6
BSI.M.U2.Y.V.M30.X.1.U2.2300.Z01.E,M,U2,Y,V,M30,X,1,U2,2300,Z01,E,2023-05,16000621,A,F,,,P1M,,E,,,,,,,,,2,,,"Monetary aggregate M3, Stocks","Euro area (changing composition), Outstanding amounts at the end of the period (stocks), MFIs, central government and post office giro institutions reporting sector - Monetary aggregate M3, All currencies combined - Euro area (changing composition) counterpart, Non-MFIs excluding central government sector, denominated in Euro, data Working day and seasonally adjusted",EUR,6
BSI.M.U2.Y.V.M30.X.1.U2.2300.Z01.E,M,U2,Y,V,M30,X,1,U2,2300,Z01,E,2023-06,15981758,A,F,,,P1M,,E,,,,,,,,,2,,,"Monetary aggregate M3, Stocks","Euro area (changing composition), Outstanding amounts at the end of the period (stocks), MFIs, central government and post office giro institutions reporting sector - Monetary aggregate M3, All currencies combined - Euro area (changing composition) counterpart, Non-MFIs excluding central government sector, denominated in Euro, data Working day and seasonally adjusted",EUR,6
BSI.M.U2.Y.V.M30.X.1.U2.2300.Z01.E,M,U2,Y,V,M30,X,1,U2,2300,Z01,E,2023-07,15964723,A,F,,,P1M,,E,,,,,,,,,2,,,"Monetary aggregate M3, Stocks","Euro area (changing composition), Outstanding amounts at the end of the period (stocks), MFIs, central government and post office giro institutions reporting sector - Monetary aggregate M3, All currencies combined - Euro area (changing composition) counterpart, Non-MFIs excluding central government sector, denominated in Euro, data Working day and seasonally adjusted",EUR,6
BSI.M.U2.Y.V.M30.X.1.U2.2300.Z01.E,M,U2,Y,V,M30,X,1,U2,2300,Z01,E,2023-08,15956557,A,F,,,P1M,,E,,,,,,,,,2,,,"Monetary aggregate M3, Stocks","Euro area (changing composition), Outstanding amounts at the end of the period (stocks), MFIs, central government and post office giro institutions reporting sector - Monetary aggregate M3, All currencies combined - Euro area (changing composition) counterpart, Non-MFIs excluding central government sector, denominated in Euro, data Working day and seasonally adjusted",EUR,6
BSI.M.U2.Y.V.M30.X.1.U2.2300.Z01.E,M,U2,Y,V,M30,X,1,U2,2300,Z01,E,2023-09,15991602,A,F,,,P1M,,E,,,,,,,,,2,,,"Monetary aggregate M3, Stocks","Euro area (changing composition), Outstanding amounts at the end of the period (stocks), MFIs, central government and post office giro institutions reporting sector - Monetary aggregate M3, All currencies combined - Euro area (changing composition) counterpart, Non-MFIs excluding central government sector, denominated in Euro, data Working day and seasonally adjusted",EUR,6
BSI.M.U2.Y.V.M30.X.1.U2.2300.Z01.E,M,U2,Y,V,M30,X,1,U2,2300,Z01,E,2023-10,15983253,A,F,,,P1M,,E,,,,,,,,,2,,,"Monetary aggregate M3, Stocks","Euro area (changing composition), Outstanding amounts at the end of the period (stocks), MFIs, central government and post office giro institutions reporting sector - Monetary aggregate M3, All currencies combined - Euro area (changing composition) counterpart, Non-MFIs excluding central government sector, denominated in Euro, data Working day and seasonally adjusted",EUR,6
BSI.M.U2.Y.V.M30.X.1.U2.2300.Z01.E,M,U2,Y,V,M30,X,1,U2,2300,Z01,E,2023-11,15998330,A,F,,,P1M,,E,,,,,,,,,2,,,"Monetary aggregate M3, Stocks","Euro area (changing composition), Outstanding amounts at the end of the period (stocks), MFIs, central government and post office giro institutions reporting sector - Monetary aggregate M3, All currencies combined - Euro area (changing composition) counterpart, Non-MFIs excluding central government sector, denominated in Euro, data Working day and seasonally adjusted",EUR,6
BSI.M.U2.Y.V.M30.X.1.U2.2300.Z01.E,M,U2,Y,V,M30,X,1,U2,2300,Z01,E,2023-12,16099691,A,F,,,P1M,,E,,,,,,,,,2,,,"Monetary aggregate M3, Stocks","Euro area (changing composition), Outstanding amounts at the end of the period (stocks), MFIs, central government and post office giro institutions reporting sector - Monetary aggregate M3, All currencies combined - Euro area (changing composition) counterpart, Non-MFIs excluding central government sector, denominated in Euro, data Working day and seasonally adjusted",EUR,6
BSI.M.U2.Y.V.M30.X.1.U2.2300.Z01.E,M,U2,Y,V,M30,X,1,U2,2300,Z01,E,2024-01,16093073,A,F,,,P1M,,E,,,,,,,,,2,,,"Monetary aggregate M3, Stocks","Euro area (changing composition), Outstanding amounts at the end of the period (stocks), MFIs, central government and post office giro institutions reporting sector - Monetary aggregate M3, All currencies combined - Euro area (changing composition) counterpart, Non-MFIs excluding central government sector, denominated in Euro, data Working day and seasonally adjusted",EUR,6
BSI.M.U2.Y.V.M30.X.1.U2.2300.Z01.E,M,U2,Y,V,M30,X,1,U2,2300,Z01,E,2024-02,16115213,A,F,,,P1M,,E,,,,,,,,,2,,,"Monetary aggregate M3, Stocks","Euro area (changing composition), Outstanding amounts at the end of the period (stocks), MFIs, central government and post office giro institutions reporting sector - Monetary aggregate M3, All currencies combined - Euro area (changing composition) counterpart, Non-MFIs excluding central government sector, denominated in Euro, data Working day and seasonally adjusted",EUR,6
BSI.M.U2.Y.V.M30.X.1.U2.2300.Z01.E,M,U2,Y,V,M30,X,1,U2,2300,Z01,E,2024-03,16168055,A,F,,,P1M,,E,,,,,,,,,2,,,"Monetary aggregate M3, Stocks","Euro area (changing composition), Outstanding amounts at the end of the period (stocks), MFIs, central government and post office giro institutions reporting sector - Monetary aggregate M3, All currencies combined - Euro area (changing composition) counterpart, Non-MFIs excluding central government sector, denominated in Euro, data Working day and seasonally adjusted",EUR,6
BSI.M.U2.Y.V.M30.X.1.U2.2300.Z01.E,M,U2,Y,V,M30,X,1,U2,2300,Z01,E,2024-04,16211159,A,F,,,P1M,,E,,,,,,,,,2,,,"Monetary aggregate M3, Stocks","Euro area (changing composition), Outstanding amounts at the end of the period (stocks), MFIs, central government and post office giro institutions reporting sector - Monetary aggregate M3, All currencies combined - Euro area (changing composition) counterpart, Non-MFIs excluding central government sector, denominated in Euro, data Working day and seasonally adjusted",EUR,6
BSI.M.U2.Y.V.M30.X.1.U2.2300.Z01.E,M,U2,Y,V,M30,X,1,U2,2300,Z01,E,2024-05,16240524,A,F,,,P1M,,E,,,,,,,,,2,,,"Monetary aggregate M3, Stocks","Euro area (changing composition), Outstanding amounts at the end of the period (stocks), MFIs, central government and post office giro institutions reporting sector - Monetary aggregate M3, All currencies combined - Euro area (changing composition) counterpart, Non-MFIs excluding central government sector, denominated in Euro, data Working day and seasonally adjusted",EUR,6
BSI.M.U2.Y.V.M30.X.1.U2.2300.Z01.E,M,U2,Y,V,M30,X,1,U2,2300,Z01,E,2024-06,16364787,A,F,,,P1M,,E,,,,,,,,,2,,,"Monetary aggregate M3, Stocks","Euro area (changing composition), Outstanding amounts at the end of the period (stocks), MFIs, central government and post office giro institutions reporting sector - Monetary aggregate M3, All currencies combined - Euro area (changing composition) counterpart, Non-MFIs excluding central government sector, denominated in Euro, data Working day and seasonally adjusted",EUR,6
BSI.M.U2.Y.V.M30.X.1.U2.2300.Z01.E,M,U2,Y,V,M30,X,1,U2,2300,Z01,E,2024-07,16371192,A,F,,,P1M,,E,,,,,,,,,2,,,"Monetary aggregate M3, Stocks","Euro area (changing composition), Outstanding amounts at the end of the period (stocks), MFIs, central government and post office giro institutions reporting sector - Monetary aggregate M3, All currencies combined - Euro area (changing composition) counterpart, Non-MFIs excluding central government sector, denominated in Euro, data Working day and seasonally adjusted",EUR,6
BSI.M.U2.Y.V.M30.X.1.U2.2300.Z01.E,M,U2,Y,V,M30,X,1,U2,2300,Z01,E,2024-08,16469939,A,F,,,P1M,,E,,,,,,,,,2,,,"Monetary aggregate M3, Stocks","Euro area (changing composition), Outstanding amounts at the end of the period (stocks), MFIs, central government and post office giro institutions reporting sector - Monetary aggregate M3, All currencies combined - Euro area (changing composition) counterpart, Non-MFIs excluding central government sector, denominated in Euro, data Working day and seasonally adjusted",EUR,6
BSI.M.U2.Y.V.M30.X.1.U2.2300.Z01.E,M,U2,Y,V,M30,X,1,U2,2300,Z01,E,2024-09,16546403,A,F,,,P1M,,E,,,,,,,,,2,,,"Monetary aggregate M3, Stocks","Euro area (changing composition), Outstanding amounts at the end of the period (stocks), MFIs, central government and post office giro institutions reporting sector - Monetary aggregate M3, All currencies combined - Euro area (changing composition) counterpart, Non-MFIs excluding central government sector, denominated in Euro, data Working day and seasonally adjusted",EUR,6
BSI.M.U2.Y.V.M30.X.1.U2.2300.Z01.E,M,U2,Y,V,M30,X,1,U2,2300,Z01,E,2024-10,16581667,A,F,,,P1M,,E,,,,,,,,,2,,,"Monetary aggregate M3, Stocks","Euro area (changing composition), Outstanding amounts at the end of the period (stocks), MFIs, central government and post office giro institutions reporting sector - Monetary aggregate M3, All currencies combined - Euro area (changing composition) counterpart, Non-MFIs excluding central government sector, denominated in Euro, data Working day and seasonally adjusted",EUR,6
BSI.M.U2.Y.V.M30.X.1.U2.2300.Z01.E,M,U2,Y,V,M30,X,1,U2,2300,Z01,E,2024-11,16684867,A,F,,,P1M,,E,,,,,,,,,2,,,"Monetary aggregate M3, Stocks","Euro area (changing composition), Outstanding amounts at the end of the period (stocks), MFIs, central government and post office giro institutions reporting sector - Monetary aggregate M3, All currencies combined - Euro area (changing composition) counterpart, Non-MFIs excluding central government sector, denominated in Euro, data Working day and seasonally adjusted",EUR,6
BSI.M.U2.Y.V.M30.X.1.U2.2300.Z01.E,M,U2,Y,V,M30,X,1,U2,2300,Z01,E,2024-12,16764295,A,F,,,P1M,,E,,,,,,,,,2,,,"Monetary aggregate M3, Stocks","Euro area (changing composition), Outstanding amounts at the end of the period (stocks), MFIs, central government and post office giro institutions reporting sector - Monetary aggregate M3, All currencies combined - Euro area (changing composition) counterpart, Non-MFIs excluding central government sector, denominated in Euro, data Working day and seasonally adjusted",EUR,6
BSI.M.U2.Y.V.M30.X.1.U2.2300.Z01.E,M,U2,Y,V,M30,X,1,U2,2300,Z01,E,2025-01,16763523,A,F,,,P1M,,E,,,,,,,,,2,,,"Monetary aggregate M3, Stocks","Euro area (changing composition), Outstanding amounts at the end of the period (stocks), MFIs, central government and post office giro institutions reporting sector - Monetary aggregate M3, All currencies combined - Euro area (changing composition) counterpart, Non-MFIs excluding central government sector, denominated in Euro, data Working day and seasonally adjusted",EUR,6
BSI.M.U2.Y.V.M30.X.1.U2.2300.Z01.E,M,U2,Y,V,M30,X,1,U2,2300,Z01,E,2025-02,16825363,A,F,,,P1M,,E,,,,,,,,,2,,,"Monetary aggregate M3, Stocks","Euro area (changing composition), Outstanding amounts at the end of the period (stocks), MFIs, central government and post office giro institutions reporting sector - Monetary aggregate M3, All currencies combined - Euro area (changing composition) counterpart, Non-MFIs excluding central government sector, denominated in Euro, data Working day and seasonally adjusted",EUR,6
BSI.M.U2.Y.V.M30.X.1.U2.2300.Z01.E,M,U2,Y,V,M30,X,1,U2,2300,Z01,E,2025-03,16829090,A,F,,,P1M,,E,,,,,,,,,2,,,"Monetary aggregate M3, Stocks","Euro area (changing composition), Outstanding amounts at the end of the period (stocks), MFIs, central government and post office giro institutions reporting sector - Monetary aggregate M3, All currencies combined - Euro area (changing composition) counterpart, Non-MFIs excluding central government sector, denominated in Euro, data Working day and seasonally adjusted",EUR,6
BSI.M.U2.Y.V.M30.X.1.U2.2300.Z01.E,M,U2,Y,V,M30,X,1,U2,2300,Z01,E,2025-04,16884391,A,F,,,P1M,,E,,,,,,,,,2,,,"Monetary aggregate M3, Stocks","Euro area (changing composition), Outstanding amounts at the end of the period (stocks), MFIs, central government and post office giro institutions reporting sector - Monetary aggregate M3, All currencies combined - Euro area (changing composition) counterpart, Non-MFIs excluding central government sector, denominated in Euro, data Working day and seasonally adjusted",EUR,6
BSI.M.U2.Y.V.M30.X.1.U2.2300.Z01.E,M,U2,Y,V,M30,X,1,U2,2300,Z01,E,2025-05,16916565,A,F,,,P1M,,E,,,,,,,,,2,,,"Monetary aggregate M3, Stocks","Euro area (changing composition), Outstanding amounts at the end of the period (stocks), MFIs, central government and post office giro institutions reporting sector - Monetary aggregate M3, All currencies combined - Euro area (changing composition) counterpart, Non-MFIs excluding central government sector, denominated in Euro, data Working day and seasonally adjusted",EUR,6
BSI.M.U2.Y.V.M30.X.1.U2.2300.Z01.E,M,U2,Y,V,M30,X,1,U2,2300,Z01,E,2025-06,16930183,A,F,,,P1M,,E,,,,,,,,,2,,,"Monetary aggregate M3, Stocks","Euro area (changing composition), Outstanding amounts at the end of the period (stocks), MFIs, central government and post office giro institutions reporting sector - Monetary aggregate M3, All currencies combined - Euro area (changing composition) counterpart, Non-MFIs excluding central government sector, denominated in Euro, data Working day and seasonally adjusted",EUR,6
BSI.M.U2.Y.V.M30.X.1.U2.2300.Z01.E,M,U2,Y,V,M30,X,1,U2,2300,Z01,E,2025-07,16929033,A,F,,,P1M,,E,,,,,,,,,2,,,"Monetary aggregate M3, Stocks","Euro area (changing composition), Outstanding amounts at the end of the period (stocks), MFIs, central government and post office giro institutions reporting sector - Monetary aggregate M3, All currencies combined - Euro area (changing composition) counterpart, Non-MFIs excluding central government sector, denominated in Euro, data Working day and seasonally adjusted",EUR,6
BSI.M.U2.Y.V.M30.X.1.U2.2300.Z01.E,M,U2,Y,V,M30,X,1,U2,2300,Z01,E,2025-08,16934233,A,F,,,P1M,,E,,,,,,,,,2,,,"Monetary aggregate M3, Stocks","Euro area (changing composition), Outstanding amounts at the end of the period (stocks), MFIs, central government and post office giro institutions reporting sector - Monetary aggregate M3, All currencies combined - Euro area (changing composition) counterpart, Non-MFIs excluding central government sector, denominated in Euro, data Working day and seasonally adjusted",EUR,6
BSI.M.U2.Y.V.M30.X.1.U2.2300.Z01.E,M,U2,Y,V,M30,X,1,U2,2300,Z01,E,2025-09,16989091,A,F,,,P1M,,E,,,,,,,,,2,,,"Monetary aggregate M3, Stocks","Euro area (changing composition), Outstanding amounts at the end of the period (stocks), MFIs, central government and post office giro institutions reporting sector - Monetary aggregate M3, All currencies combined - Euro area (changing composition) counterpart, Non-MFIs excluding central government sector, denominated in Euro, data Working day and seasonally adjusted",EUR,6
BSI.M.U2.Y.V.M30.X.1.U2.2300.Z01.E,M,U2,Y,V,M30,X,1,U2,2300,Z01,E,2025-10,17082844,A,F,,,P1M,,E,,,,,,,,,2,,,"Monetary aggregate M3, Stocks","Euro area (changing composition), Outstanding amounts at the end of the period (stocks), MFIs, central government and post office giro institutions reporting sector - Monetary aggregate M3, All currencies combined - Euro area (changing composition) counterpart, Non-MFIs excluding central government sector, denominated in Euro, data Working day and seasonally adjusted",EUR,6
BSI.M.U2.Y.V.M30.X.1.U2.2300.Z01.E,M,U2,Y,V,M30,X,1,U2,2300,Z01,E,2025-11,17170444,A,F,,,P1M,,E,,,,,,,,,2,,,"Monetary aggregate M3, Stocks","Euro area (changing composition), Outstanding amounts at the end of the period (stocks), MFIs, central government and post office giro institutions reporting sector - Monetary aggregate M3, All currencies combined - Euro area (changing composition) counterpart, Non-MFIs excluding central government sector, denominated in Euro, data Working day and seasonally adjusted",EUR,6
BSI.M.U2.Y.V.M30.X.1.U2.2300.Z01.E,M,U2,Y,V,M30,X,1,U2,2300,Z01,E,2025-12,17200189,A,F,,,P1M,,E,,,,,,,,,2,,,"Monetary aggregate M3, Stocks","Euro area (changing composition), Outstanding amounts at the end of the period (stocks), MFIs, central government and post office giro institutions reporting sector - Monetary aggregate M3, All currencies combined - Euro area (changing composition) counterpart, Non-MFIs excluding central government sector, denominated in Euro, data Working day and seasonally adjusted",EUR,6
BSI.M.U2.Y.V.M30.X.1.U2.2300.Z01.E,M,U2,Y,V,M30,X,1,U2,2300,Z01,E,2026-01,17305294,A,F,,,P1M,,E,,,,,,,,,2,,,"Monetary aggregate M3, Stocks","Euro area (changing composition), Outstanding amounts at the end of the period (stocks), MFIs, central government and post office giro institutions reporting sector - Monetary aggregate M3, All currencies combined - Euro area (changing composition) counterpart, Non-MFIs excluding central government sector, denominated in Euro, data Working day and seasonally adjusted",EUR,6
BSI.M.U2.Y.V.M30.X.1.U2.2300.Z01.E,M,U2,Y,V,M30,X,1,U2,2300,Z01,E,2026-02,17333431,A,F,,,P1M,,E,,,,,,,,,2,,,"Monetary aggregate M3, Stocks","Euro area (changing composition), Outstanding amounts at the end of the period (stocks), MFIs, central government and post office giro institutions reporting sector - Monetary aggregate M3, All currencies combined - Euro area (changing composition) counterpart, Non-MFIs excluding central government sector, denominated in Euro, data Working day and seasonally adjusted",EUR,6
BSI.M.U2.Y.V.M30.X.1.U2.2300.Z01.E,M,U2,Y,V,M30,X,1,U2,2300,Z01,E,2026-03,17439201,A,F,,,P1M,,E,,,,,,,,,2,,,"Monetary aggregate M3, Stocks","Euro area (changing composition), Outstanding amounts at the end of the period (stocks), MFIs, central government and post office giro institutions reporting sector - Monetary aggregate M3, All currencies combined - Euro area (changing composition) counterpart, Non-MFIs excluding central government sector, denominated in Euro, data Working day and seasonally adjusted",EUR,6
BSI.M.U2.Y.V.M30.X.1.U2.2300.Z01.E,M,U2,Y,V,M30,X,1,U2,2300,Z01,E,2026-04,17449416,A,F,,,P1M,,E,,,,,,,,,2,,,"Monetary aggregate M3, Stocks","Euro area (changing composition), Outstanding amounts at the end of the period (stocks), MFIs, central government and post office giro institutions reporting sector - Monetary aggregate M3, All currencies combined - Euro area (changing composition) counterpart, Non-MFIs excluding central government sector, denominated in Euro, data Working day and seasonally adjusted",EUR,6
BSI.M.U2.Y.V.M30.X.1.U2.2300.Z01.E,M,U2,Y,V,M30,X,1,U2,2300,Z01,E,2026-05,17523312,A,F,,,P1M,,E,,,,,,,,,2,,,"Monetary aggregate M3, Stocks","Euro area (changing composition), Outstanding amounts at the end of the period (stocks), MFIs, central government and post office giro institutions reporting sector - Monetary aggregate M3, All currencies combined - Euro area (changing composition) counterpart, Non-MFIs excluding central government sector, denominated in Euro, data Working day and seasonally adjusted",EUR,6
BSI.M.U2.Y.V.M30.X.1.U2.2300.Z01.E,M,U2,Y,V,M30,X,1,U2,2300,Z01,E,2026-06,17615006,A,F,,,P1M,,E,,,,,,,,,2,,,"Monetary aggregate M3, Stocks","Euro area (changing composition), Outstanding amounts at the end of the period (stocks), MFIs, central government and post office giro institutions reporting sector - Monetary aggregate M3, All currencies combined - Euro area (changing composition) counterpart, Non-MFIs excluding central government sector, denominated in Euro, data Working day and seasonally adjusted",EUR,6
BSI.M.U2.Y.V.M30.X.1.U2.2300.Z01.E,M,U2,Y,V,M30,X,1,U2,2300,Z01,E,2026-07,17613983,P,F,,,P1M,,E,,,,,,,,,2,,,"Monetary aggregate M3, Stocks","Euro area (changing composition), Outstanding amounts at the end of the period (stocks), MFIs, central government and post office giro institutions reporting sector - Monetary aggregate M3, All currencies combined - Euro area (changing composition) counterpart, Non-MFIs excluding central government sector, denominated in Euro, data Working day and seasonally adjusted",EUR,6
