KEY,FREQ,REF_AREA,ADJUSTMENT,BS_REP_SECTOR,BS_ITEM,MATURITY_ORIG,DATA_TYPE,COUNT_AREA,BS_COUNT_SECTOR,CURRENCY_TRANS,BS_SUFFIX,TIME_PERIOD,OBS_VALUE,OBS_STATUS,OBS_CONF,OBS_PRE_BREAK,OBS_COM,TIME_FORMAT,BREAKS,COLLECTION,COMPILING_ORG,DISS_ORG,DOM_SER_IDS,PUBL_ECB,PUBL_MU,PUBL_PUBLIC,UNIT_INDEX_BASE,COMPILATION,DECIMALS,NAT_TITLE,SOURCE_AGENCY,TITLE,TITLE_COMPL,UNIT,UNIT_MULT
BSI.M.DE.N.A.A20.A.1.U2.2250.Z01.E,M,DE,N,A,A20,A,1,U2,2250,Z01,E,2019-01,1684503,A,F,,,P1M,,E,,,,,,,,,2,,,"Loans to euro area households granted by MFIs excluding NCB, Stocks","Germany, Outstanding amounts at the end of the period (stocks), MFIs excluding ESCB reporting sector - Loans, Total maturity, All currencies combined - Euro area (changing composition) counterpart, Households and non-profit institutions serving households (S.14 and S.15) sector, denominated in Euro, data Neither seasonally nor working day adjusted",EUR,6
BSI.M.DE.N.A.A20.A.1.U2.2250.Z01.E,M,DE,N,A,A20,A,1,U2,2250,Z01,E,2019-02,1689067,A,F,,,P1M,,E,,,,,,,,,2,,,"Loans to euro area households granted by MFIs excluding NCB, Stocks","Germany, Outstanding amounts at the end of the period (stocks), MFIs excluding ESCB reporting sector - Loans, Total maturity, All currencies combined - Euro area (changing composition) counterpart, Households and non-profit institutions serving households (S.14 and S.15) sector, denominated in Euro, data Neither seasonally nor working day adjusted",EUR,6
BSI.M.DE.N.A.A20.A.1.U2.2250.Z01.E,M,DE,N,A,A20,A,1,U2,2250,Z01,E,2019-03,1695887,A,F,,,P1M,,E,,,,,,,,,2,,,"Loans to euro area households granted by MFIs excluding NCB, Stocks","Germany, Outstanding amounts at the end of the period (stocks), MFIs excluding ESCB reporting sector - Loans, Total maturity, All currencies combined - Euro area (changing composition) counterpart, Households and non-profit institutions serving households (S.14 and S.15) sector, denominated in Euro, data Neither seasonally nor working day adjusted",EUR,6
BSI.M.DE.N.A.A20.A.1.U2.2250.Z01.E,M,DE,N,A,A20,A,1,U2,2250,Z01,E,2019-04,1702843,A,F,,,P1M,,E,,,,,,,,,2,,,"Loans to euro area households granted by MFIs excluding NCB, Stocks","Germany, Outstanding amounts at the end of the period (stocks), MFIs excluding ESCB reporting sector - Loans, Total maturity, All currencies combined - Euro area (changing composition) counterpart, Households and non-profit institutions serving households (S.14 and S.15) sector, denominated in Euro, data Neither seasonally nor working day adjusted",EUR,6
BSI.M.DE.N.A.A20.A.1.U2.2250.Z01.E,M,DE,N,A,A20,A,1,U2,2250,Z01,E,2019-05,1710301,A,F,,,P1M,,E,,,,,,,,,2,,,"Loans to euro area households granted by MFIs excluding NCB, Stocks","Germany, Outstanding amounts at the end of the period (stocks), MFIs excluding ESCB reporting sector - Loans, Total maturity, All currencies combined - Euro area (changing composition) counterpart, Households and non-profit institutions serving households (S.14 and S.15) sector, denominated in Euro, data Neither seasonally nor working day adjusted",EUR,6
BSI.M.DE.N.A.A20.A.1.U2.2250.Z01.E,M,DE,N,A,A20,A,1,U2,2250,Z01,E,2019-06,1718106,A,F,,,P1M,,E,,,,,,,,,2,,,"Loans to euro area households granted by MFIs excluding NCB, Stocks","Germany, Outstanding amounts at the end of the period (stocks), MFIs excluding ESCB reporting sector - Loans, Total maturity, All currencies combined - Euro area (changing composition) counterpart, Households and non-profit institutions serving households (S.14 and S.15) sector, denominated in Euro, data Neither seasonally nor working day adjusted",EUR,6
BSI.M.DE.N.A.A20.A.1.U2.2250.Z01.E,M,DE,N,A,A20,A,1,U2,2250,Z01,E,2019-07,1723833,A,F,,,P1M,,E,,,,,,,,,2,,,"Loans to euro area households granted by MFIs excluding NCB, Stocks","Germany, Outstanding amounts at the end of the period (stocks), MFIs excluding ESCB reporting sector - Loans, Total maturity, All currencies combined - Euro area (changing composition) counterpart, Households and non-profit institutions serving households (S.14 and S.15) sector, denominated in Euro, data Neither seasonally nor working day adjusted",EUR,6
BSI.M.DE.N.A.A20.A.1.U2.2250.Z01.E,M,DE,N,A,A20,A,1,U2,2250,Z01,E,2019-08,1732751,A,F,,,P1M,,E,,,,,,,,,2,,,"Loans to euro area households granted by MFIs excluding NCB, Stocks","Germany, Outstanding amounts at the end of the period (stocks), MFIs excluding ESCB reporting sector - Loans, Total maturity, All currencies combined - Euro area (changing composition) counterpart, Households and non-profit institutions serving households (S.14 and S.15) sector, denominated in Euro, data Neither seasonally nor working day adjusted",EUR,6
BSI.M.DE.N.A.A20.A.1.U2.2250.Z01.E,M,DE,N,A,A20,A,1,U2,2250,Z01,E,2019-09,1739935,A,F,,,P1M,,E,,,,,,,,,2,,,"Loans to euro area households granted by MFIs excluding NCB, Stocks","Germany, Outstanding amounts at the end of the period (stocks), MFIs excluding ESCB reporting sector - Loans, Total maturity, All currencies combined - Euro area (changing composition) counterpart, Households and non-profit institutions serving households (S.14 and S.15) sector, denominated in Euro, data Neither seasonally nor working day adjusted",EUR,6
BSI.M.DE.N.A.A20.A.1.U2.2250.Z01.E,M,DE,N,A,A20,A,1,U2,2250,Z01,E,2019-10,1747123,A,F,,,P1M,,E,,,,,,,,,2,,,"Loans to euro area households granted by MFIs excluding NCB, Stocks","Germany, Outstanding amounts at the end of the period (stocks), MFIs excluding ESCB reporting sector - Loans, Total maturity, All currencies combined - Euro area (changing composition) counterpart, Households and non-profit institutions serving households (S.14 and S.15) sector, denominated in Euro, data Neither seasonally nor working day adjusted",EUR,6
BSI.M.DE.N.A.A20.A.1.U2.2250.Z01.E,M,DE,N,A,A20,A,1,U2,2250,Z01,E,2019-11,1754534,A,F,,,P1M,,E,,,,,,,,,2,,,"Loans to euro area households granted by MFIs excluding NCB, Stocks","Germany, Outstanding amounts at the end of the period (stocks), MFIs excluding ESCB reporting sector - Loans, Total maturity, All currencies combined - Euro area (changing composition) counterpart, Households and non-profit institutions serving households (S.14 and S.15) sector, denominated in Euro, data Neither seasonally nor working day adjusted",EUR,6
BSI.M.DE.N.A.A20.A.1.U2.2250.Z01.E,M,DE,N,A,A20,A,1,U2,2250,Z01,E,2019-12,1758397,A,F,,,P1M,,E,,,,,,,,,2,,,"Loans to euro area households granted by MFIs excluding NCB, Stocks","Germany, Outstanding amounts at the end of the period (stocks), MFIs excluding ESCB reporting sector - Loans, Total maturity, All currencies combined - Euro area (changing composition) counterpart, Households and non-profit institutions serving households (S.14 and S.15) sector, denominated in Euro, data Neither seasonally nor working day adjusted",EUR,6
BSI.M.DE.N.A.A20.A.1.U2.2250.Z01.E,M,DE,N,A,A20,A,1,U2,2250,Z01,E,2020-01,1761334,A,F,,,P1M,,E,,,,,,,,,2,,,"Loans to euro area households granted by MFIs excluding NCB, Stocks","Germany, Outstanding amounts at the end of the period (stocks), MFIs excluding ESCB reporting sector - Loans, Total maturity, All currencies combined - Euro area (changing composition) counterpart, Households and non-profit institutions serving households (S.14 and S.15) sector, denominated in Euro, data Neither seasonally nor working day adjusted",EUR,6
BSI.M.DE.N.A.A20.A.1.U2.2250.Z01.E,M,DE,N,A,A20,A,1,U2,2250,Z01,E,2020-02,1768623,A,F,,,P1M,,E,,,,,,,,,2,,,"Loans to euro area households granted by MFIs excluding NCB, Stocks","Germany, Outstanding amounts at the end of the period (stocks), MFIs excluding ESCB reporting sector - Loans, Total maturity, All currencies combined - Euro area (changing composition) counterpart, Households and non-profit institutions serving households (S.14 and S.15) sector, denominated in Euro, data Neither seasonally nor working day adjusted",EUR,6
BSI.M.DE.N.A.A20.A.1.U2.2250.Z01.E,M,DE,N,A,A20,A,1,U2,2250,Z01,E,2020-03,1774426,A,F,,,P1M,,E,,,,,,,,,2,,,"Loans to euro area households granted by MFIs excluding NCB, Stocks","Germany, Outstanding amounts at the end of the period (stocks), MFIs excluding ESCB reporting sector - Loans, Total maturity, All currencies combined - Euro area (changing composition) counterpart, Households and non-profit institutions serving households (S.14 and S.15) sector, denominated in Euro, data Neither seasonally nor working day adjusted",EUR,6
BSI.M.DE.N.A.A20.A.1.U2.2250.Z01.E,M,DE,N,A,A20,A,1,U2,2250,Z01,E,2020-04,1778229,A,F,,,P1M,,E,,,,,,,,,2,,,"Loans to euro area households granted by MFIs excluding NCB, Stocks","Germany, Outstanding amounts at the end of the period (stocks), MFIs excluding ESCB reporting sector - Loans, Total maturity, All currencies combined - Euro area (changing composition) counterpart, Households and non-profit institutions serving households (S.14 and S.15) sector, denominated in Euro, data Neither seasonally nor working day adjusted",EUR,6
BSI.M.DE.N.A.A20.A.1.U2.2250.Z01.E,M,DE,N,A,A20,A,1,U2,2250,Z01,E,2020-05,1785716,A,F,,,P1M,,E,,,,,,,,,2,,,"Loans to euro area households granted by MFIs excluding NCB, Stocks","Germany, Outstanding amounts at the end of the period (stocks), MFIs excluding ESCB reporting sector - Loans, Total maturity, All currencies combined - Euro area (changing composition) counterpart, Households and non-profit institutions serving households (S.14 and S.15) sector, denominated in Euro, data Neither seasonally nor working day adjusted",EUR,6
BSI.M.DE.N.A.A20.A.1.U2.2250.Z01.E,M,DE,N,A,A20,A,1,U2,2250,Z01,E,2020-06,1790086,A,F,,,P1M,,E,,,,,,,,,2,,,"Loans to euro area households granted by MFIs excluding NCB, Stocks","Germany, Outstanding amounts at the end of the period (stocks), MFIs excluding ESCB reporting sector - Loans, Total maturity, All currencies combined - Euro area (changing composition) counterpart, Households and non-profit institutions serving households (S.14 and S.15) sector, denominated in Euro, data Neither seasonally nor working day adjusted",EUR,6
BSI.M.DE.N.A.A20.A.1.U2.2250.Z01.E,M,DE,N,A,A20,A,1,U2,2250,Z01,E,2020-07,1799959,A,F,,,P1M,,E,,,,,,,,,2,,,"Loans to euro area households granted by MFIs excluding NCB, Stocks","Germany, Outstanding amounts at the end of the period (stocks), MFIs excluding ESCB reporting sector - Loans, Total maturity, All currencies combined - Euro area (changing composition) counterpart, Households and non-profit institutions serving households (S.14 and S.15) sector, denominated in Euro, data Neither seasonally nor working day adjusted",EUR,6
BSI.M.DE.N.A.A20.A.1.U2.2250.Z01.E,M,DE,N,A,A20,A,1,U2,2250,Z01,E,2020-08,1803728,A,F,,,P1M,,E,,,,,,,,,2,,,"Loans to euro area households granted by MFIs excluding NCB, Stocks","Germany, Outstanding amounts at the end of the period (stocks), MFIs excluding ESCB reporting sector - Loans, Total maturity, All currencies combined - Euro area (changing composition) counterpart, Households and non-profit institutions serving households (S.14 and S.15) sector, denominated in Euro, data Neither seasonally nor working day adjusted",EUR,6
BSI.M.DE.N.A.A20.A.1.U2.2250.Z01.E,M,DE,N,A,A20,A,1,U2,2250,Z01,E,2020-09,1818703,A,F,,,P1M,,E,,,,,,,,,2,,,"Loans to euro area households granted by MFIs excluding NCB, Stocks","Germany, Outstanding amounts at the end of the period (stocks), MFIs excluding ESCB reporting sector - Loans, Total maturity, All currencies combined - Euro area (changing composition) counterpart, Households and non-profit institutions serving households (S.14 and S.15) sector, denominated in Euro, data Neither seasonally nor working day adjusted",EUR,6
BSI.M.DE.N.A.A20.A.1.U2.2250.Z01.E,M,DE,N,A,A20,A,1,U2,2250,Z01,E,2020-10,1827249,A,F,,,P1M,,E,,,,,,,,,2,,,"Loans to euro area households granted by MFIs excluding NCB, Stocks","Germany, Outstanding amounts at the end of the period (stocks), MFIs excluding ESCB reporting sector - Loans, Total maturity, All currencies combined - Euro area (changing composition) counterpart, Households and non-profit institutions serving households (S.14 and S.15) sector, denominated in Euro, data Neither seasonally nor working day adjusted",EUR,6
BSI.M.DE.N.A.A20.A.1.U2.2250.Z01.E,M,DE,N,A,A20,A,1,U2,2250,Z01,E,2020-11,1834526,A,F,,,P1M,,E,,,,,,,,,2,,,"Loans to euro area households granted by MFIs excluding NCB, Stocks","Germany, Outstanding amounts at the end of the period (stocks), MFIs excluding ESCB reporting sector - Loans, Total maturity, All currencies combined - Euro area (changing composition) counterpart, Households and non-profit institutions serving households (S.14 and S.15) sector, denominated in Euro, data Neither seasonally nor working day adjusted",EUR,6
BSI.M.DE.N.A.A20.A.1.U2.2250.Z01.E,M,DE,N,A,A20,A,1,U2,2250,Z01,E,2020-12,1841986,A,F,,,P1M,,E,,,,,,,,,2,,,"Loans to euro area households granted by MFIs excluding NCB, Stocks","Germany, Outstanding amounts at the end of the period (stocks), MFIs excluding ESCB reporting sector - Loans, Total maturity, All currencies combined - Euro area (changing composition) counterpart, Households and non-profit institutions serving households (S.14 and S.15) sector, denominated in Euro, data Neither seasonally nor working day adjusted",EUR,6
BSI.M.DE.N.A.A20.A.1.U2.2250.Z01.E,M,DE,N,A,A20,A,1,U2,2250,Z01,E,2021-01,1842964,A,F,,,P1M,,E,,,,,,,,,2,,,"Loans to euro area households granted by MFIs excluding NCB, Stocks","Germany, Outstanding amounts at the end of the period (stocks), MFIs excluding ESCB reporting sector - Loans, Total maturity, All currencies combined - Euro area (changing composition) counterpart, Households and non-profit institutions serving households (S.14 and S.15) sector, denominated in Euro, data Neither seasonally nor working day adjusted",EUR,6
BSI.M.DE.N.A.A20.A.1.U2.2250.Z01.E,M,DE,N,A,A20,A,1,U2,2250,Z01,E,2021-02,1848333,A,F,,,P1M,,E,,,,,,,,,2,,,"Loans to euro area households granted by MFIs excluding NCB, Stocks","Germany, Outstanding amounts at the end of the period (stocks), MFIs excluding ESCB reporting sector - Loans, Total maturity, All currencies combined - Euro area (changing composition) counterpart, Households and non-profit institutions serving households (S.14 and S.15) sector, denominated in Euro, data Neither seasonally nor working day adjusted",EUR,6
BSI.M.DE.N.A.A20.A.1.U2.2250.Z01.E,M,DE,N,A,A20,A,1,U2,2250,Z01,E,2021-03,1857141,A,F,,,P1M,,E,,,,,,,,,2,,,"Loans to euro area households granted by MFIs excluding NCB, Stocks","Germany, Outstanding amounts at the end of the period (stocks), MFIs excluding ESCB reporting sector - Loans, Total maturity, All currencies combined - Euro area (changing composition) counterpart, Households and non-profit institutions serving households (S.14 and S.15) sector, denominated in Euro, data Neither seasonally nor working day adjusted",EUR,6
BSI.M.DE.N.A.A20.A.1.U2.2250.Z01.E,M,DE,N,A,A20,A,1,U2,2250,Z01,E,2021-04,1865226,A,F,,,P1M,,E,,,,,,,,,2,,,"Loans to euro area households granted by MFIs excluding NCB, Stocks","Germany, Outstanding amounts at the end of the period (stocks), MFIs excluding ESCB reporting sector - Loans, Total maturity, All currencies combined - Euro area (changing composition) counterpart, Households and non-profit institutions serving households (S.14 and S.15) sector, denominated in Euro, data Neither seasonally nor working day adjusted",EUR,6
BSI.M.DE.N.A.A20.A.1.U2.2250.Z01.E,M,DE,N,A,A20,A,1,U2,2250,Z01,E,2021-05,1873893,A,F,,,P1M,,E,,,,,,,,,2,,,"Loans to euro area households granted by MFIs excluding NCB, Stocks","Germany, Outstanding amounts at the end of the period (stocks), MFIs excluding ESCB reporting sector - Loans, Total maturity, All currencies combined - Euro area (changing composition) counterpart, Households and non-profit institutions serving households (S.14 and S.15) sector, denominated in Euro, data Neither seasonally nor working day adjusted",EUR,6
BSI.M.DE.N.A.A20.A.1.U2.2250.Z01.E,M,DE,N,A,A20,A,1,U2,2250,Z01,E,2021-06,1884382,A,F,,,P1M,,E,,,,,,,,,2,,,"Loans to euro area households granted by MFIs excluding NCB, Stocks","Germany, Outstanding amounts at the end of the period (stocks), MFIs excluding ESCB reporting sector - Loans, Total maturity, All currencies combined - Euro area (changing composition) counterpart, Households and non-profit institutions serving households (S.14 and S.15) sector, denominated in Euro, data Neither seasonally nor working day adjusted",EUR,6
BSI.M.DE.N.A.A20.A.1.U2.2250.Z01.E,M,DE,N,A,A20,A,1,U2,2250,Z01,E,2021-07,1895694,A,F,,,P1M,,E,,,,,,,,,2,,,"Loans to euro area households granted by MFIs excluding NCB, Stocks","Germany, Outstanding amounts at the end of the period (stocks), MFIs excluding ESCB reporting sector - Loans, Total maturity, All currencies combined - Euro area (changing composition) counterpart, Households and non-profit institutions serving households (S.14 and S.15) sector, denominated in Euro, data Neither seasonally nor working day adjusted",EUR,6
BSI.M.DE.N.A.A20.A.1.U2.2250.Z01.E,M,DE,N,A,A20,A,1,U2,2250,Z01,E,2021-08,1905290,A,F,,,P1M,,E,,,,,,,,,2,,,"Loans to euro area households granted by MFIs excluding NCB, Stocks","Germany, Outstanding amounts at the end of the period (stocks), MFIs excluding ESCB reporting sector - Loans, Total maturity, All currencies combined - Euro area (changing composition) counterpart, Households and non-profit institutions serving households (S.14 and S.15) sector, denominated in Euro, data Neither seasonally nor working day adjusted",EUR,6
BSI.M.DE.N.A.A20.A.1.U2.2250.Z01.E,M,DE,N,A,A20,A,1,U2,2250,Z01,E,2021-09,1913661,A,F,,,P1M,,E,,,,,,,,,2,,,"Loans to euro area households granted by MFIs excluding NCB, Stocks","Germany, Outstanding amounts at the end of the period (stocks), MFIs excluding ESCB reporting sector - Loans, Total maturity, All currencies combined - Euro area (changing composition) counterpart, Households and non-profit institutions serving households (S.14 and S.15) sector, denominated in Euro, data Neither seasonally nor working day adjusted",EUR,6
BSI.M.DE.N.A.A20.A.1.U2.2250.Z01.E,M,DE,N,A,A20,A,1,U2,2250,Z01,E,2021-10,1923112,A,F,,,P1M,,E,,,,,,,,,2,,,"Loans to euro area households granted by MFIs excluding NCB, Stocks","Germany, Outstanding amounts at the end of the period (stocks), MFIs excluding ESCB reporting sector - Loans, Total maturity, All currencies combined - Euro area (changing composition) counterpart, Households and non-profit institutions serving households (S.14 and S.15) sector, denominated in Euro, data Neither seasonally nor working day adjusted",EUR,6
BSI.M.DE.N.A.A20.A.1.U2.2250.Z01.E,M,DE,N,A,A20,A,1,U2,2250,Z01,E,2021-11,1931945,A,F,,,P1M,,E,,,,,,,,,2,,,"Loans to euro area households granted by MFIs excluding NCB, Stocks","Germany, Outstanding amounts at the end of the period (stocks), MFIs excluding ESCB reporting sector - Loans, Total maturity, All currencies combined - Euro area (changing composition) counterpart, Households and non-profit institutions serving households (S.14 and S.15) sector, denominated in Euro, data Neither seasonally nor working day adjusted",EUR,6
BSI.M.DE.N.A.A20.A.1.U2.2250.Z01.E,M,DE,N,A,A20,A,1,U2,2250,Z01,E,2021-12,1938500,A,F,,,P1M,,E,,,,,,,,,2,,,"Loans to euro area households granted by MFIs excluding NCB, Stocks","Germany, Outstanding amounts at the end of the period (stocks), MFIs excluding ESCB reporting sector - Loans, Total maturity, All currencies combined - Euro area (changing composition) counterpart, Households and non-profit institutions serving households (S.14 and S.15) sector, denominated in Euro, data Neither seasonally nor working day adjusted",EUR,6
BSI.M.DE.N.A.A20.A.1.U2.2250.Z01.E,M,DE,N,A,A20,A,1,U2,2250,Z01,E,2022-01,1941133,A,F,,,P1M,,E,,,,,,,,,2,,,"Loans to euro area households granted by MFIs excluding NCB, Stocks","Germany, Outstanding amounts at the end of the period (stocks), MFIs excluding ESCB reporting sector - Loans, Total maturity, All currencies combined - Euro area (changing composition) counterpart, Households and non-profit institutions serving households (S.14 and S.15) sector, denominated in Euro, data Neither seasonally nor working day adjusted",EUR,6
BSI.M.DE.N.A.A20.A.1.U2.2250.Z01.E,M,DE,N,A,A20,A,1,U2,2250,Z01,E,2022-02,1948645,A,F,,,P1M,,E,,,,,,,,,2,,,"Loans to euro area households granted by MFIs excluding NCB, Stocks","Germany, Outstanding amounts at the end of the period (stocks), MFIs excluding ESCB reporting sector - Loans, Total maturity, All currencies combined - Euro area (changing composition) counterpart, Households and non-profit institutions serving households (S.14 and S.15) sector, denominated in Euro, data Neither seasonally nor working day adjusted",EUR,6
BSI.M.DE.N.A.A20.A.1.U2.2250.Z01.E,M,DE,N,A,A20,A,1,U2,2250,Z01,E,2022-03,1959680,A,F,,,P1M,,E,,,,,,,,,2,,,"Loans to euro area households granted by MFIs excluding NCB, Stocks","Germany, Outstanding amounts at the end of the period (stocks), MFIs excluding ESCB reporting sector - Loans, Total maturity, All currencies combined - Euro area (changing composition) counterpart, Households and non-profit institutions serving households (S.14 and S.15) sector, denominated in Euro, data Neither seasonally nor working day adjusted",EUR,6
BSI.M.DE.N.A.A20.A.1.U2.2250.Z01.E,M,DE,N,A,A20,A,1,U2,2250,Z01,E,2022-04,1968966,A,F,,,P1M,,E,,,,,,,,,2,,,"Loans to euro area households granted by MFIs excluding NCB, Stocks","Germany, Outstanding amounts at the end of the period (stocks), MFIs excluding ESCB reporting sector - Loans, Total maturity, All currencies combined - Euro area (changing composition) counterpart, Households and non-profit institutions serving households (S.14 and S.15) sector, denominated in Euro, data Neither seasonally nor working day adjusted",EUR,6
BSI.M.DE.N.A.A20.A.1.U2.2250.Z01.E,M,DE,N,A,A20,A,1,U2,2250,Z01,E,2022-05,1978862,A,F,,,P1M,,E,,,,,,,,,2,,,"Loans to euro area households granted by MFIs excluding NCB, Stocks","Germany, Outstanding amounts at the end of the period (stocks), MFIs excluding ESCB reporting sector - Loans, Total maturity, All currencies combined - Euro area (changing composition) counterpart, Households and non-profit institutions serving households (S.14 and S.15) sector, denominated in Euro, data Neither seasonally nor working day adjusted",EUR,6
BSI.M.DE.N.A.A20.A.1.U2.2250.Z01.E,M,DE,N,A,A20,A,1,U2,2250,Z01,E,2022-06,1987920,A,F,,,P1M,,E,,,,,,,,,2,,,"Loans to euro area households granted by MFIs excluding NCB, Stocks","Germany, Outstanding amounts at the end of the period (stocks), MFIs excluding ESCB reporting sector - Loans, Total maturity, All currencies combined - Euro area (changing composition) counterpart, Households and non-profit institutions serving households (S.14 and S.15) sector, denominated in Euro, data Neither seasonally nor working day adjusted",EUR,6
BSI.M.DE.N.A.A20.A.1.U2.2250.Z01.E,M,DE,N,A,A20,A,1,U2,2250,Z01,E,2022-07,1999346,A,F,,,P1M,,E,,,,,,,,,2,,,"Loans to euro area households granted by MFIs excluding NCB, Stocks","Germany, Outstanding amounts at the end of the period (stocks), MFIs excluding ESCB reporting sector - Loans, Total maturity, All currencies combined - Euro area (changing composition) counterpart, Households and non-profit institutions serving households (S.14 and S.15) sector, denominated in Euro, data Neither seasonally nor working day adjusted",EUR,6
BSI.M.DE.N.A.A20.A.1.U2.2250.Z01.E,M,DE,N,A,A20,A,1,U2,2250,Z01,E,2022-08,2007936,A,F,,,P1M,,E,,,,,,,,,2,,,"Loans to euro area households granted by MFIs excluding NCB, Stocks","Germany, Outstanding amounts at the end of the period (stocks), MFIs excluding ESCB reporting sector - Loans, Total maturity, All currencies combined - Euro area (changing composition) counterpart, Households and non-profit institutions serving households (S.14 and S.15) sector, denominated in Euro, data Neither seasonally nor working day adjusted",EUR,6
BSI.M.DE.N.A.A20.A.1.U2.2250.Z01.E,M,DE,N,A,A20,A,1,U2,2250,Z01,E,2022-09,2015090,A,F,,,P1M,,E,,,,,,,,,2,,,"Loans to euro area households granted by MFIs excluding NCB, Stocks","Germany, Outstanding amounts at the end of the period (stocks), MFIs excluding ESCB reporting sector - Loans, Total maturity, All currencies combined - Euro area (changing composition) counterpart, Households and non-profit institutions serving households (S.14 and S.15) sector, denominated in Euro, data Neither seasonally nor working day adjusted",EUR,6
BSI.M.DE.N.A.A20.A.1.U2.2250.Z01.E,M,DE,N,A,A20,A,1,U2,2250,Z01,E,2022-10,2019687,A,F,,,P1M,,E,,,,,,,,,2,,,"Loans to euro area households granted by MFIs excluding NCB, Stocks","Germany, Outstanding amounts at the end of the period (stocks), MFIs excluding ESCB reporting sector - Loans, Total maturity, All currencies combined - Euro area (changing composition) counterpart, Households and non-profit institutions serving households (S.14 and S.15) sector, denominated in Euro, data Neither seasonally nor working day adjusted",EUR,6
BSI.M.DE.N.A.A20.A.1.U2.2250.Z01.E,M,DE,N,A,A20,A,1,U2,2250,Z01,E,2022-11,2023022,A,F,,,P1M,,E,,,,,,,,,2,,,"Loans to euro area households granted by MFIs excluding NCB, Stocks","Germany, Outstanding amounts at the end of the period (stocks), MFIs excluding ESCB reporting sector - Loans, Total maturity, All currencies combined - Euro area (changing composition) counterpart, Households and non-profit institutions serving households (S.14 and S.15) sector, denominated in Euro, data Neither seasonally nor working day adjusted",EUR,6
BSI.M.DE.N.A.A20.A.1.U2.2250.Z01.E,M,DE,N,A,A20,A,1,U2,2250,Z01,E,2022-12,2024303,A,F,,,P1M,,E,,,,,,,,,2,,,"Loans to euro area households granted by MFIs excluding NCB, Stocks","Germany, Outstanding amounts at the end of the period (stocks), MFIs excluding ESCB reporting sector - Loans, Total maturity, All currencies combined - Euro area (changing composition) counterpart, Households and non-profit institutions serving households (S.14 and S.15) sector, denominated in Euro, data Neither seasonally nor working day adjusted",EUR,6
BSI.M.DE.N.A.A20.A.1.U2.2250.Z01.E,M,DE,N,A,A20,A,1,U2,2250,Z01,E,2023-01,2022079,A,F,,,P1M,,E,,,,,,,,,2,,,"Loans to euro area households granted by MFIs excluding NCB, Stocks","Germany, Outstanding amounts at the end of the period (stocks), MFIs excluding ESCB reporting sector - Loans, Total maturity, All currencies combined - Euro area (changing composition) counterpart, Households and non-profit institutions serving households (S.14 and S.15) sector, denominated in Euro, data Neither seasonally nor working day adjusted",EUR,6
BSI.M.DE.N.A.A20.A.1.U2.2250.Z01.E,M,DE,N,A,A20,A,1,U2,2250,Z01,E,2023-02,2024035,A,F,,,P1M,,E,,,,,,,,,2,,,"Loans to euro area households granted by MFIs excluding NCB, Stocks","Germany, Outstanding amounts at the end of the period (stocks), MFIs excluding ESCB reporting sector - Loans, Total maturity, All currencies combined - Euro area (changing composition) counterpart, Households and non-profit institutions serving households (S.14 and S.15) sector, denominated in Euro, data Neither seasonally nor working day adjusted",EUR,6
BSI.M.DE.N.A.A20.A.1.U2.2250.Z01.E,M,DE,N,A,A20,A,1,U2,2250,Z01,E,2023-03,2026843,A,F,,,P1M,,E,,,,,,,,,2,,,"Loans to euro area households granted by MFIs excluding NCB, Stocks","Germany, Outstanding amounts at the end of the period (stocks), MFIs excluding ESCB reporting sector - Loans, Total maturity, All currencies combined - Euro area (changing composition) counterpart, Households and non-profit institutions serving households (S.14 and S.15) sector, denominated in Euro, data Neither seasonally nor working day adjusted",EUR,6
BSI.M.DE.N.A.A20.A.1.U2.2250.Z01.E,M,DE,N,A,A20,A,1,U2,2250,Z01,E,2023-04,2028229,A,F,,,P1M,,E,,,,,,,,,2,,,"Loans to euro area households granted by MFIs excluding NCB, Stocks","Germany, Outstanding amounts at the end of the period (stocks), MFIs excluding ESCB reporting sector - Loans, Total maturity, All currencies combined - Euro area (changing composition) counterpart, Households and non-profit institutions serving households (S.14 and S.15) sector, denominated in Euro, data Neither seasonally nor working day adjusted",EUR,6
BSI.M.DE.N.A.A20.A.1.U2.2250.Z01.E,M,DE,N,A,A20,A,1,U2,2250,Z01,E,2023-05,2029796,A,F,,,P1M,,E,,,,,,,,,2,,,"Loans to euro area households granted by MFIs excluding NCB, Stocks","Germany, Outstanding amounts at the end of the period (stocks), MFIs excluding ESCB reporting sector - Loans, Total maturity, All currencies combined - Euro area (changing composition) counterpart, Households and non-profit institutions serving households (S.14 and S.15) sector, denominated in Euro, data Neither seasonally nor working day adjusted",EUR,6
BSI.M.DE.N.A.A20.A.1.U2.2250.Z01.E,M,DE,N,A,A20,A,1,U2,2250,Z01,E,2023-06,2031815,A,F,,,P1M,,E,,,,,,,,,2,,,"Loans to euro area households granted by MFIs excluding NCB, Stocks","Germany, Outstanding amounts at the end of the period (stocks), MFIs excluding ESCB reporting sector - Loans, Total maturity, All currencies combined - Euro area (changing composition) counterpart, Households and non-profit institutions serving households (S.14 and S.15) sector, denominated in Euro, data Neither seasonally nor working day adjusted",EUR,6
BSI.M.DE.N.A.A20.A.1.U2.2250.Z01.E,M,DE,N,A,A20,A,1,U2,2250,Z01,E,2023-07,2033921,A,F,,,P1M,,E,,,,,,,,,2,,,"Loans to euro area households granted by MFIs excluding NCB, Stocks","Germany, Outstanding amounts at the end of the period (stocks), MFIs excluding ESCB reporting sector - Loans, Total maturity, All currencies combined - Euro area (changing composition) counterpart, Households and non-profit institutions serving households (S.14 and S.15) sector, denominated in Euro, data Neither seasonally nor working day adjusted",EUR,6
BSI.M.DE.N.A.A20.A.1.U2.2250.Z01.E,M,DE,N,A,A20,A,1,U2,2250,Z01,E,2023-08,2036480,A,F,,,P1M,,E,,,,,,,,,2,,,"Loans to euro area households granted by MFIs excluding NCB, Stocks","Germany, Outstanding amounts at the end of the period (stocks), MFIs excluding ESCB reporting sector - Loans, Total maturity, All currencies combined - Euro area (changing composition) counterpart, Households and non-profit institutions serving households (S.14 and S.15) sector, denominated in Euro, data Neither seasonally nor working day adjusted",EUR,6
BSI.M.DE.N.A.A20.A.1.U2.2250.Z01.E,M,DE,N,A,A20,A,1,U2,2250,Z01,E,2023-09,2038611,A,F,,,P1M,,E,,,,,,,,,2,,,"Loans to euro area households granted by MFIs excluding NCB, Stocks","Germany, Outstanding amounts at the end of the period (stocks), MFIs excluding ESCB reporting sector - Loans, Total maturity, All currencies combined - Euro area (changing composition) counterpart, Households and non-profit institutions serving households (S.14 and S.15) sector, denominated in Euro, data Neither seasonally nor working day adjusted",EUR,6
BSI.M.DE.N.A.A20.A.1.U2.2250.Z01.E,M,DE,N,A,A20,A,1,U2,2250,Z01,E,2023-10,2038734,A,F,,,P1M,,E,,,,,,,,,2,,,"Loans to euro area households granted by MFIs excluding NCB, Stocks","Germany, Outstanding amounts at the end of the period (stocks), MFIs excluding ESCB reporting sector - Loans, Total maturity, All currencies combined - Euro area (changing composition) counterpart, Households and non-profit institutions serving households (S.14 and S.15) sector, denominated in Euro, data Neither seasonally nor working day adjusted",EUR,6
BSI.M.DE.N.A.A20.A.1.U2.2250.Z01.E,M,DE,N,A,A20,A,1,U2,2250,Z01,E,2023-11,2039461,A,F,,,P1M,,E,,,,,,,,,2,,,"Loans to euro area households granted by MFIs excluding NCB, Stocks","Germany, Outstanding amounts at the end of the period (stocks), MFIs excluding ESCB reporting sector - Loans, Total maturity, All currencies combined - Euro area (changing composition) counterpart, Households and non-profit institutions serving households (S.14 and S.15) sector, denominated in Euro, data Neither seasonally nor working day adjusted",EUR,6
BSI.M.DE.N.A.A20.A.1.U2.2250.Z01.E,M,DE,N,A,A20,A,1,U2,2250,Z01,E,2023-12,2038162,A,F,,,P1M,,E,,,,,,,,,2,,,"Loans to euro area households granted by MFIs excluding NCB, Stocks","Germany, Outstanding amounts at the end of the period (stocks), MFIs excluding ESCB reporting sector - Loans, Total maturity, All currencies combined - Euro area (changing composition) counterpart, Households and non-profit institutions serving households (S.14 and S.15) sector, denominated in Euro, data Neither seasonally nor working day adjusted",EUR,6
BSI.M.DE.N.A.A20.A.1.U2.2250.Z01.E,M,DE,N,A,A20,A,1,U2,2250,Z01,E,2024-01,2035147,A,F,,,P1M,,E,,,,,,,,,2,,,"Loans to euro area households granted by MFIs excluding NCB, Stocks","Germany, Outstanding amounts at the end of the period (stocks), MFIs excluding ESCB reporting sector - Loans, Total maturity, All currencies combined - Euro area (changing composition) counterpart, Households and non-profit institutions serving households (S.14 and S.15) sector, denominated in Euro, data Neither seasonally nor working day adjusted",EUR,6
BSI.M.DE.N.A.A20.A.1.U2.2250.Z01.E,M,DE,N,A,A20,A,1,U2,2250,Z01,E,2024-02,2035577,A,F,,,P1M,,E,,,,,,,,,2,,,"Loans to euro area households granted by MFIs excluding NCB, Stocks","Germany, Outstanding amounts at the end of the period (stocks), MFIs excluding ESCB reporting sector - Loans, Total maturity, All currencies combined - Euro area (changing composition) counterpart, Households and non-profit institutions serving households (S.14 and S.15) sector, denominated in Euro, data Neither seasonally nor working day adjusted",EUR,6
BSI.M.DE.N.A.A20.A.1.U2.2250.Z01.E,M,DE,N,A,A20,A,1,U2,2250,Z01,E,2024-03,2038310,A,F,,,P1M,,E,,,,,,,,,2,,,"Loans to euro area households granted by MFIs excluding NCB, Stocks","Germany, Outstanding amounts at the end of the period (stocks), MFIs excluding ESCB reporting sector - Loans, Total maturity, All currencies combined - Euro area (changing composition) counterpart, Households and non-profit institutions serving households (S.14 and S.15) sector, denominated in Euro, data Neither seasonally nor working day adjusted",EUR,6
BSI.M.DE.N.A.A20.A.1.U2.2250.Z01.E,M,DE,N,A,A20,A,1,U2,2250,Z01,E,2024-04,2038172,A,F,,,P1M,,E,,,,,,,,,2,,,"Loans to euro area households granted by MFIs excluding NCB, Stocks","Germany, Outstanding amounts at the end of the period (stocks), MFIs excluding ESCB reporting sector - Loans, Total maturity, All currencies combined - Euro area (changing composition) counterpart, Households and non-profit institutions serving households (S.14 and S.15) sector, denominated in Euro, data Neither seasonally nor working day adjusted",EUR,6
BSI.M.DE.N.A.A20.A.1.U2.2250.Z01.E,M,DE,N,A,A20,A,1,U2,2250,Z01,E,2024-05,2040588,A,F,,,P1M,,E,,,,,,,,,2,,,"Loans to euro area households granted by MFIs excluding NCB, Stocks","Germany, Outstanding amounts at the end of the period (stocks), MFIs excluding ESCB reporting sector - Loans, Total maturity, All currencies combined - Euro area (changing composition) counterpart, Households and non-profit institutions serving households (S.14 and S.15) sector, denominated in Euro, data Neither seasonally nor working day adjusted",EUR,6
BSI.M.DE.N.A.A20.A.1.U2.2250.Z01.E,M,DE,N,A,A20,A,1,U2,2250,Z01,E,2024-06,2041685,A,F,,,P1M,,E,,,,,,,,,2,,,"Loans to euro area households granted by MFIs excluding NCB, Stocks","Germany, Outstanding amounts at the end of the period (stocks), MFIs excluding ESCB reporting sector - Loans, Total maturity, All currencies combined - Euro area (changing composition) counterpart, Households and non-profit institutions serving households (S.14 and S.15) sector, denominated in Euro, data Neither seasonally nor working day adjusted",EUR,6
BSI.M.DE.N.A.A20.A.1.U2.2250.Z01.E,M,DE,N,A,A20,A,1,U2,2250,Z01,E,2024-07,2044575,A,F,,,P1M,,E,,,,,,,,,2,,,"Loans to euro area households granted by MFIs excluding NCB, Stocks","Germany, Outstanding amounts at the end of the period (stocks), MFIs excluding ESCB reporting sector - Loans, Total maturity, All currencies combined - Euro area (changing composition) counterpart, Households and non-profit institutions serving households (S.14 and S.15) sector, denominated in Euro, data Neither seasonally nor working day adjusted",EUR,6
BSI.M.DE.N.A.A20.A.1.U2.2250.Z01.E,M,DE,N,A,A20,A,1,U2,2250,Z01,E,2024-08,2048440,A,F,,,P1M,,E,,,,,,,,,2,,,"Loans to euro area households granted by MFIs excluding NCB, Stocks","Germany, Outstanding amounts at the end of the period (stocks), MFIs excluding ESCB reporting sector - Loans, Total maturity, All currencies combined - Euro area (changing composition) counterpart, Households and non-profit institutions serving households (S.14 and S.15) sector, denominated in Euro, data Neither seasonally nor working day adjusted",EUR,6
BSI.M.DE.N.A.A20.A.1.U2.2250.Z01.E,M,DE,N,A,A20,A,1,U2,2250,Z01,E,2024-09,2051344,A,F,,,P1M,,E,,,,,,,,,2,,,"Loans to euro area households granted by MFIs excluding NCB, Stocks","Germany, Outstanding amounts at the end of the period (stocks), MFIs excluding ESCB reporting sector - Loans, Total maturity, All currencies combined - Euro area (changing composition) counterpart, Households and non-profit institutions serving households (S.14 and S.15) sector, denominated in Euro, data Neither seasonally nor working day adjusted",EUR,6
BSI.M.DE.N.A.A20.A.1.U2.2250.Z01.E,M,DE,N,A,A20,A,1,U2,2250,Z01,E,2024-10,2053433,A,F,,,P1M,,E,,,,,,,,,2,,,"Loans to euro area households granted by MFIs excluding NCB, Stocks","Germany, Outstanding amounts at the end of the period (stocks), MFIs excluding ESCB reporting sector - Loans, Total maturity, All currencies combined - Euro area (changing composition) counterpart, Households and non-profit institutions serving households (S.14 and S.15) sector, denominated in Euro, data Neither seasonally nor working day adjusted",EUR,6
BSI.M.DE.N.A.A20.A.1.U2.2250.Z01.E,M,DE,N,A,A20,A,1,U2,2250,Z01,E,2024-11,2056336,A,F,,,P1M,,E,,,,,,,,,2,,,"Loans to euro area households granted by MFIs excluding NCB, Stocks","Germany, Outstanding amounts at the end of the period (stocks), MFIs excluding ESCB reporting sector - Loans, Total maturity, All currencies combined - Euro area (changing composition) counterpart, Households and non-profit institutions serving households (S.14 and S.15) sector, denominated in Euro, data Neither seasonally nor working day adjusted",EUR,6
BSI.M.DE.N.A.A20.A.1.U2.2250.Z01.E,M,DE,N,A,A20,A,1,U2,2250,Z01,E,2024-12,2057719,A,F,,,P1M,,E,,,,,,,,,2,,,"Loans to euro area households granted by MFIs excluding NCB, Stocks","Germany, Outstanding amounts at the end of the period (stocks), MFIs excluding ESCB reporting sector - Loans, Total maturity, All currencies combined - Euro area (changing composition) counterpart, Households and non-profit institutions serving households (S.14 and S.15) sector, denominated in Euro, data Neither seasonally nor working day adjusted",EUR,6
BSI.M.DE.N.A.A20.A.1.U2.2250.Z01.E,M,DE,N,A,A20,A,1,U2,2250,Z01,E,2025-01,2057043,A,F,,,P1M,,E,,,,,,,,,2,,,"Loans to euro area households granted by MFIs excluding NCB, Stocks","Germany, Outstanding amounts at the end of the period (stocks), MFIs excluding ESCB reporting sector - Loans, Total maturity, All currencies combined - Euro area (changing composition) counterpart, Households and non-profit institutions serving households (S.14 and S.15) sector, denominated in Euro, data Neither seasonally nor working day adjusted",EUR,6
BSI.M.DE.N.A.A20.A.1.U2.2250.Z01.E,M,DE,N,A,A20,A,1,U2,2250,Z01,E,2025-02,2059887,A,F,,,P1M,,E,,,,,,,,,2,,,"Loans to euro area households granted by MFIs excluding NCB, Stocks","Germany, Outstanding amounts at the end of the period (stocks), MFIs excluding ESCB reporting sector - Loans, Total maturity, All currencies combined - Euro area (changing composition) counterpart, Households and non-profit institutions serving households (S.14 and S.15) sector, denominated in Euro, data Neither seasonally nor working day adjusted",EUR,6
BSI.M.DE.N.A.A20.A.1.U2.2250.Z01.E,M,DE,N,A,A20,A,1,U2,2250,Z01,E,2025-03,2063191,A,F,,,P1M,,E,,,,,,,,,2,,,"Loans to euro area households granted by MFIs excluding NCB, Stocks","Germany, Outstanding amounts at the end of the period (stocks), MFIs excluding ESCB reporting sector - Loans, Total maturity, All currencies combined - Euro area (changing composition) counterpart, Households and non-profit institutions serving households (S.14 and S.15) sector, denominated in Euro, data Neither seasonally nor working day adjusted",EUR,6
BSI.M.DE.N.A.A20.A.1.U2.2250.Z01.E,M,DE,N,A,A20,A,1,U2,2250,Z01,E,2025-04,2066849,A,F,,,P1M,,E,,,,,,,,,2,,,"Loans to euro area households granted by MFIs excluding NCB, Stocks","Germany, Outstanding amounts at the end of the period (stocks), MFIs excluding ESCB reporting sector - Loans, Total maturity, All currencies combined - Euro area (changing composition) counterpart, Households and non-profit institutions serving households (S.14 and S.15) sector, denominated in Euro, data Neither seasonally nor working day adjusted",EUR,6
BSI.M.DE.N.A.A20.A.1.U2.2250.Z01.E,M,DE,N,A,A20,A,1,U2,2250,Z01,E,2025-05,2071345,A,F,,,P1M,,E,,,,,,,,,2,,,"Loans to euro area households granted by MFIs excluding NCB, Stocks","Germany, Outstanding amounts at the end of the period (stocks), MFIs excluding ESCB reporting sector - Loans, Total maturity, All currencies combined - Euro area (changing composition) counterpart, Households and non-profit institutions serving households (S.14 and S.15) sector, denominated in Euro, data Neither seasonally nor working day adjusted",EUR,6
BSI.M.DE.N.A.A20.A.1.U2.2250.Z01.E,M,DE,N,A,A20,A,1,U2,2250,Z01,E,2025-06,2074290,A,F,,,P1M,,E,,,,,,,,,2,,,"Loans to euro area households granted by MFIs excluding NCB, Stocks","Germany, Outstanding amounts at the end of the period (stocks), MFIs excluding ESCB reporting sector - Loans, Total maturity, All currencies combined - Euro area (changing composition) counterpart, Households and non-profit institutions serving households (S.14 and S.15) sector, denominated in Euro, data Neither seasonally nor working day adjusted",EUR,6
BSI.M.DE.N.A.A20.A.1.U2.2250.Z01.E,M,DE,N,A,A20,A,1,U2,2250,Z01,E,2025-07,2080390,A,F,,,P1M,,E,,,,,,,,,2,,,"Loans to euro area households granted by MFIs excluding NCB, Stocks","Germany, Outstanding amounts at the end of the period (stocks), MFIs excluding ESCB reporting sector - Loans, Total maturity, All currencies combined - Euro area (changing composition) counterpart, Households and non-profit institutions serving households (S.14 and S.15) sector, denominated in Euro, data Neither seasonally nor working day adjusted",EUR,6
BSI.M.DE.N.A.A20.A.1.U2.2250.Z01.E,M,DE,N,A,A20,A,1,U2,2250,Z01,E,2025-08,2085646,A,F,,,P1M,,E,,,,,,,,,2,,,"Loans to euro area households granted by MFIs excluding NCB, Stocks","Germany, Outstanding amounts at the end of the period (stocks), MFIs excluding ESCB reporting sector - Loans, Total maturity, All currencies combined - Euro area (changing composition) counterpart, Households and non-profit institutions serving households (S.14 and S.15) sector, denominated in Euro, data Neither seasonally nor working day adjusted",EUR,6
BSI.M.DE.N.A.A20.A.1.U2.2250.Z01.E,M,DE,N,A,A20,A,1,U2,2250,Z01,E,2025-09,2090324,A,F,,,P1M,,E,,,,,,,,,2,,,"Loans to euro area households granted by MFIs excluding NCB, Stocks","Germany, Outstanding amounts at the end of the period (stocks), MFIs excluding ESCB reporting sector - Loans, Total maturity, All currencies combined - Euro area (changing composition) counterpart, Households and non-profit institutions serving households (S.14 and S.15) sector, denominated in Euro, data Neither seasonally nor working day adjusted",EUR,6
BSI.M.DE.N.A.A20.A.1.U2.2250.Z01.E,M,DE,N,A,A20,A,1,U2,2250,Z01,E,2025-10,2093693,A,F,,,P1M,,E,,,,,,,,,2,,,"Loans to euro area households granted by MFIs excluding NCB, Stocks","Germany, Outstanding amounts at the end of the period (stocks), MFIs excluding ESCB reporting sector - Loans, Total maturity, All currencies combined - Euro area (changing composition) counterpart, Households and non-profit institutions serving households (S.14 and S.15) sector, denominated in Euro, data Neither seasonally nor working day adjusted",EUR,6
BSI.M.DE.N.A.A20.A.1.U2.2250.Z01.E,M,DE,N,A,A20,A,1,U2,2250,Z01,E,2025-11,2096232,A,F,,,P1M,,E,,,,,,,,,2,,,"Loans to euro area households granted by MFIs excluding NCB, Stocks","Germany, Outstanding amounts at the end of the period (stocks), MFIs excluding ESCB reporting sector - Loans, Total maturity, All currencies combined - Euro area (changing composition) counterpart, Households and non-profit institutions serving households (S.14 and S.15) sector, denominated in Euro, data Neither seasonally nor working day adjusted",EUR,6
BSI.M.DE.N.A.A20.A.1.U2.2250.Z01.E,M,DE,N,A,A20,A,1,U2,2250,Z01,E,2025-12,2098874,A,F,,,P1M,,E,,,,,,,,,2,,,"Loans to euro area households granted by MFIs excluding NCB, Stocks","Germany, Outstanding amounts at the end of the period (stocks), MFIs excluding ESCB reporting sector - Loans, Total maturity, All currencies combined - Euro area (changing composition) counterpart, Households and non-profit institutions serving households (S.14 and S.15) sector, denominated in Euro, data Neither seasonally nor working day adjusted",EUR,6
BSI.M.DE.N.A.A20.A.1.U2.2250.Z01.E,M,DE,N,A,A20,A,1,U2,2250,Z01,E,2026-01,2097210,A,F,,,P1M,,E,,,,,,,,,2,,,"Loans to euro area households granted by MFIs excluding NCB, Stocks","Germany, Outstanding amounts at the end of the period (stocks), MFIs excluding ESCB reporting sector - Loans, Total maturity, All currencies combined - Euro area (changing composition) counterpart, Households and non-profit institutions serving households (S.14 and S.15) sector, denominated in Euro, data Neither seasonally nor working day adjusted",EUR,6
BSI.M.DE.N.A.A20.A.1.U2.2250.Z01.E,M,DE,N,A,A20,A,1,U2,2250,Z01,E,2026-02,2100499,A,F,,,P1M,,E,,,,,,,,,2,,,"Loans to euro area households granted by MFIs excluding NCB, Stocks","Germany, Outstanding amounts at the end of the period (stocks), MFIs excluding ESCB reporting sector - Loans, Total maturity, All currencies combined - Euro area (changing composition) counterpart, Households and non-profit institutions serving households (S.14 and S.15) sector, denominated in Euro, data Neither seasonally nor working day adjusted",EUR,6
BSI.M.DE.N.A.A20.A.1.U2.2250.Z01.E,M,DE,N,A,A20,A,1,U2,2250,Z01,E,2026-03,2103604,A,F,,,P1M,,E,,,,,,,,,2,,,"Loans to euro area households granted by MFIs excluding NCB, Stocks","Germany, Outstanding amounts at the end of the period (stocks), MFIs excluding ESCB reporting sector - Loans, Total maturity, All currencies combined - Euro area (changing composition) counterpart, Households and non-profit institutions serving households (S.14 and S.15) sector, denominated in Euro, data Neither seasonally nor working day adjusted",EUR,6
BSI.M.DE.N.A.A20.A.1.U2.2250.Z01.E,M,DE,N,A,A20,A,1,U2,2250,Z01,E,2026-04,2106352,A,F,,,P1M,,E,,,,,,,,,2,,,"Loans to euro area households granted by MFIs excluding NCB, Stocks","Germany, Outstanding amounts at the end of the period (stocks), MFIs excluding ESCB reporting sector - Loans, Total maturity, All currencies combined - Euro area (changing composition) counterpart, Households and non-profit institutions serving households (S.14 and S.15) sector, denominated in Euro, data Neither seasonally nor working day adjusted",EUR,6
BSI.M.DE.N.A.A20.A.1.U2.2250.Z01.E,M,DE,N,A,A20,A,1,U2,2250,Z01,E,2026-05,2110315,A,F,,,P1M,,E,,,,,,,,,2,,,"Loans to euro area households granted by MFIs excluding NCB, Stocks","Germany, Outstanding amounts at the end of the period (stocks), MFIs excluding ESCB reporting sector - Loans, Total maturity, All currencies combined - Euro area (changing composition) counterpart, Households and non-profit institutions serving households (S.14 and S.15) sector, denominated in Euro, data Neither seasonally nor working day adjusted",EUR,6
BSI.M.DE.N.A.A20.A.1.U2.2250.Z01.E,M,DE,N,A,A20,A,1,U2,2250,Z01,E,2026-06,2114537,A,F,,,P1M,,E,,,,,,,,,2,,,"Loans to euro area households granted by MFIs excluding NCB, Stocks","Germany, Outstanding amounts at the end of the period (stocks), MFIs excluding ESCB reporting sector - Loans, Total maturity, All currencies combined - Euro area (changing composition) counterpart, Households and non-profit institutions serving households (S.14 and S.15) sector, denominated in Euro, data Neither seasonally nor working day adjusted",EUR,6
BSI.M.DE.N.A.A20.A.1.U2.2250.Z01.E,M,DE,N,A,A20,A,1,U2,2250,Z01,E,2026-07,2119834,P,F,,,P1M,,E,,,,,,,,,2,,,"Loans to euro area households granted by MFIs excluding NCB, Stocks","Germany, Outstanding amounts at the end of the period (stocks), MFIs excluding ESCB reporting sector - Loans, Total maturity, All currencies combined - Euro area (changing composition) counterpart, Households and non-profit institutions serving households (S.14 and S.15) sector, denominated in Euro, data Neither seasonally nor working day adjusted",EUR,6
BSI.M.ES.N.A.A20.A.1.U2.2250.Z01.E,M,ES,N,A,A20,A,1,U2,2250,Z01,E,2019-01,699187,A,F,,,P1M,,E,,,,,,,,,2,,,"Loans to euro area households granted by MFIs excluding NCB, Stocks","Spain, Outstanding amounts at the end of the period (stocks), MFIs excluding ESCB reporting sector - Loans, Total maturity, All currencies combined - Euro area (changing composition) counterpart, Households and non-profit institutions serving households (S.14 and S.15) sector, denominated in Euro, data Neither seasonally nor working day adjusted",EUR,6
BSI.M.ES.N.A.A20.A.1.U2.2250.Z01.E,M,ES,N,A,A20,A,1,U2,2250,Z01,E,2019-02,698577,A,F,,,P1M,,E,,,,,,,,,2,,,"Loans to euro area households granted by MFIs excluding NCB, Stocks","Spain, Outstanding amounts at the end of the period (stocks), MFIs excluding ESCB reporting sector - Loans, Total maturity, All currencies combined - Euro area (changing composition) counterpart, Households and non-profit institutions serving households (S.14 and S.15) sector, denominated in Euro, data Neither seasonally nor working day adjusted",EUR,6
BSI.M.ES.N.A.A20.A.1.U2.2250.Z01.E,M,ES,N,A,A20,A,1,U2,2250,Z01,E,2019-03,699522,A,F,,,P1M,,E,,,,,,,,,2,,,"Loans to euro area households granted by MFIs excluding NCB, Stocks","Spain, Outstanding amounts at the end of the period (stocks), MFIs excluding ESCB reporting sector - Loans, Total maturity, All currencies combined - Euro area (changing composition) counterpart, Households and non-profit institutions serving households (S.14 and S.15) sector, denominated in Euro, data Neither seasonally nor working day adjusted",EUR,6
BSI.M.ES.N.A.A20.A.1.U2.2250.Z01.E,M,ES,N,A,A20,A,1,U2,2250,Z01,E,2019-04,699462,A,F,,,P1M,,E,,,,,,,,,2,,,"Loans to euro area households granted by MFIs excluding NCB, Stocks","Spain, Outstanding amounts at the end of the period (stocks), MFIs excluding ESCB reporting sector - Loans, Total maturity, All currencies combined - Euro area (changing composition) counterpart, Households and non-profit institutions serving households (S.14 and S.15) sector, denominated in Euro, data Neither seasonally nor working day adjusted",EUR,6
BSI.M.ES.N.A.A20.A.1.U2.2250.Z01.E,M,ES,N,A,A20,A,1,U2,2250,Z01,E,2019-05,700954,A,F,,,P1M,,E,,,,,,,,,2,,,"Loans to euro area households granted by MFIs excluding NCB, Stocks","Spain, Outstanding amounts at the end of the period (stocks), MFIs excluding ESCB reporting sector - Loans, Total maturity, All currencies combined - Euro area (changing composition) counterpart, Households and non-profit institutions serving households (S.14 and S.15) sector, denominated in Euro, data Neither seasonally nor working day adjusted",EUR,6
BSI.M.ES.N.A.A20.A.1.U2.2250.Z01.E,M,ES,N,A,A20,A,1,U2,2250,Z01,E,2019-06,708556,A,F,,,P1M,,E,,,,,,,,,2,,,"Loans to euro area households granted by MFIs excluding NCB, Stocks","Spain, Outstanding amounts at the end of the period (stocks), MFIs excluding ESCB reporting sector - Loans, Total maturity, All currencies combined - Euro area (changing composition) counterpart, Households and non-profit institutions serving households (S.14 and S.15) sector, denominated in Euro, data Neither seasonally nor working day adjusted",EUR,6
BSI.M.ES.N.A.A20.A.1.U2.2250.Z01.E,M,ES,N,A,A20,A,1,U2,2250,Z01,E,2019-07,700317,A,F,,,P1M,,E,,,,,,,,,2,,,"Loans to euro area households granted by MFIs excluding NCB, Stocks","Spain, Outstanding amounts at the end of the period (stocks), MFIs excluding ESCB reporting sector - Loans, Total maturity, All currencies combined - Euro area (changing composition) counterpart, Households and non-profit institutions serving households (S.14 and S.15) sector, denominated in Euro, data Neither seasonally nor working day adjusted",EUR,6
BSI.M.ES.N.A.A20.A.1.U2.2250.Z01.E,M,ES,N,A,A20,A,1,U2,2250,Z01,E,2019-08,699627,A,F,,,P1M,,E,,,,,,,,,2,,,"Loans to euro area households granted by MFIs excluding NCB, Stocks","Spain, Outstanding amounts at the end of the period (stocks), MFIs excluding ESCB reporting sector - Loans, Total maturity, All currencies combined - Euro area (changing composition) counterpart, Households and non-profit institutions serving households (S.14 and S.15) sector, denominated in Euro, data Neither seasonally nor working day adjusted",EUR,6
BSI.M.ES.N.A.A20.A.1.U2.2250.Z01.E,M,ES,N,A,A20,A,1,U2,2250,Z01,E,2019-09,697176,A,F,,,P1M,,E,,,,,,,,,2,,,"Loans to euro area households granted by MFIs excluding NCB, Stocks","Spain, Outstanding amounts at the end of the period (stocks), MFIs excluding ESCB reporting sector - Loans, Total maturity, All currencies combined - Euro area (changing composition) counterpart, Households and non-profit institutions serving households (S.14 and S.15) sector, denominated in Euro, data Neither seasonally nor working day adjusted",EUR,6
BSI.M.ES.N.A.A20.A.1.U2.2250.Z01.E,M,ES,N,A,A20,A,1,U2,2250,Z01,E,2019-10,695623,A,F,,,P1M,,E,,,,,,,,,2,,,"Loans to euro area households granted by MFIs excluding NCB, Stocks","Spain, Outstanding amounts at the end of the period (stocks), MFIs excluding ESCB reporting sector - Loans, Total maturity, All currencies combined - Euro area (changing composition) counterpart, Households and non-profit institutions serving households (S.14 and S.15) sector, denominated in Euro, data Neither seasonally nor working day adjusted",EUR,6
BSI.M.ES.N.A.A20.A.1.U2.2250.Z01.E,M,ES,N,A,A20,A,1,U2,2250,Z01,E,2019-11,706419,A,F,,,P1M,,E,,,,,,,,,2,,,"Loans to euro area households granted by MFIs excluding NCB, Stocks","Spain, Outstanding amounts at the end of the period (stocks), MFIs excluding ESCB reporting sector - Loans, Total maturity, All currencies combined - Euro area (changing composition) counterpart, Households and non-profit institutions serving households (S.14 and S.15) sector, denominated in Euro, data Neither seasonally nor working day adjusted",EUR,6
BSI.M.ES.N.A.A20.A.1.U2.2250.Z01.E,M,ES,N,A,A20,A,1,U2,2250,Z01,E,2019-12,697054,A,F,,,P1M,,E,,,,,,,,,2,,,"Loans to euro area households granted by MFIs excluding NCB, Stocks","Spain, Outstanding amounts at the end of the period (stocks), MFIs excluding ESCB reporting sector - Loans, Total maturity, All currencies combined - Euro area (changing composition) counterpart, Households and non-profit institutions serving households (S.14 and S.15) sector, denominated in Euro, data Neither seasonally nor working day adjusted",EUR,6
BSI.M.ES.N.A.A20.A.1.U2.2250.Z01.E,M,ES,N,A,A20,A,1,U2,2250,Z01,E,2020-01,695930,A,F,,,P1M,,E,,,,,,,,,2,,,"Loans to euro area households granted by MFIs excluding NCB, Stocks","Spain, Outstanding amounts at the end of the period (stocks), MFIs excluding ESCB reporting sector - Loans, Total maturity, All currencies combined - Euro area (changing composition) counterpart, Households and non-profit institutions serving households (S.14 and S.15) sector, denominated in Euro, data Neither seasonally nor working day adjusted",EUR,6
BSI.M.ES.N.A.A20.A.1.U2.2250.Z01.E,M,ES,N,A,A20,A,1,U2,2250,Z01,E,2020-02,695784,A,F,,,P1M,,E,,,,,,,,,2,,,"Loans to euro area households granted by MFIs excluding NCB, Stocks","Spain, Outstanding amounts at the end of the period (stocks), MFIs excluding ESCB reporting sector - Loans, Total maturity, All currencies combined - Euro area (changing composition) counterpart, Households and non-profit institutions serving households (S.14 and S.15) sector, denominated in Euro, data Neither seasonally nor working day adjusted",EUR,6
BSI.M.ES.N.A.A20.A.1.U2.2250.Z01.E,M,ES,N,A,A20,A,1,U2,2250,Z01,E,2020-03,693210,A,F,,,P1M,,E,,,,,,,,,2,,,"Loans to euro area households granted by MFIs excluding NCB, Stocks","Spain, Outstanding amounts at the end of the period (stocks), MFIs excluding ESCB reporting sector - Loans, Total maturity, All currencies combined - Euro area (changing composition) counterpart, Households and non-profit institutions serving households (S.14 and S.15) sector, denominated in Euro, data Neither seasonally nor working day adjusted",EUR,6
BSI.M.ES.N.A.A20.A.1.U2.2250.Z01.E,M,ES,N,A,A20,A,1,U2,2250,Z01,E,2020-04,690304,A,F,,,P1M,,E,,,,,,,,,2,,,"Loans to euro area households granted by MFIs excluding NCB, Stocks","Spain, Outstanding amounts at the end of the period (stocks), MFIs excluding ESCB reporting sector - Loans, Total maturity, All currencies combined - Euro area (changing composition) counterpart, Households and non-profit institutions serving households (S.14 and S.15) sector, denominated in Euro, data Neither seasonally nor working day adjusted",EUR,6
BSI.M.ES.N.A.A20.A.1.U2.2250.Z01.E,M,ES,N,A,A20,A,1,U2,2250,Z01,E,2020-05,690639,A,F,,,P1M,,E,,,,,,,,,2,,,"Loans to euro area households granted by MFIs excluding NCB, Stocks","Spain, Outstanding amounts at the end of the period (stocks), MFIs excluding ESCB reporting sector - Loans, Total maturity, All currencies combined - Euro area (changing composition) counterpart, Households and non-profit institutions serving households (S.14 and S.15) sector, denominated in Euro, data Neither seasonally nor working day adjusted",EUR,6
BSI.M.ES.N.A.A20.A.1.U2.2250.Z01.E,M,ES,N,A,A20,A,1,U2,2250,Z01,E,2020-06,699002,A,F,,,P1M,,E,,,,,,,,,2,,,"Loans to euro area households granted by MFIs excluding NCB, Stocks","Spain, Outstanding amounts at the end of the period (stocks), MFIs excluding ESCB reporting sector - Loans, Total maturity, All currencies combined - Euro area (changing composition) counterpart, Households and non-profit institutions serving households (S.14 and S.15) sector, denominated in Euro, data Neither seasonally nor working day adjusted",EUR,6
BSI.M.ES.N.A.A20.A.1.U2.2250.Z01.E,M,ES,N,A,A20,A,1,U2,2250,Z01,E,2020-07,691592,A,F,,,P1M,,E,,,,,,,,,2,,,"Loans to euro area households granted by MFIs excluding NCB, Stocks","Spain, Outstanding amounts at the end of the period (stocks), MFIs excluding ESCB reporting sector - Loans, Total maturity, All currencies combined - Euro area (changing composition) counterpart, Households and non-profit institutions serving households (S.14 and S.15) sector, denominated in Euro, data Neither seasonally nor working day adjusted",EUR,6
BSI.M.ES.N.A.A20.A.1.U2.2250.Z01.E,M,ES,N,A,A20,A,1,U2,2250,Z01,E,2020-08,690475,A,F,,,P1M,,E,,,,,,,,,2,,,"Loans to euro area households granted by MFIs excluding NCB, Stocks","Spain, Outstanding amounts at the end of the period (stocks), MFIs excluding ESCB reporting sector - Loans, Total maturity, All currencies combined - Euro area (changing composition) counterpart, Households and non-profit institutions serving households (S.14 and S.15) sector, denominated in Euro, data Neither seasonally nor working day adjusted",EUR,6
BSI.M.ES.N.A.A20.A.1.U2.2250.Z01.E,M,ES,N,A,A20,A,1,U2,2250,Z01,E,2020-09,688714,A,F,,,P1M,,E,,,,,,,,,2,,,"Loans to euro area households granted by MFIs excluding NCB, Stocks","Spain, Outstanding amounts at the end of the period (stocks), MFIs excluding ESCB reporting sector - Loans, Total maturity, All currencies combined - Euro area (changing composition) counterpart, Households and non-profit institutions serving households (S.14 and S.15) sector, denominated in Euro, data Neither seasonally nor working day adjusted",EUR,6
BSI.M.ES.N.A.A20.A.1.U2.2250.Z01.E,M,ES,N,A,A20,A,1,U2,2250,Z01,E,2020-10,689310,A,F,,,P1M,,E,,,,,,,,,2,,,"Loans to euro area households granted by MFIs excluding NCB, Stocks","Spain, Outstanding amounts at the end of the period (stocks), MFIs excluding ESCB reporting sector - Loans, Total maturity, All currencies combined - Euro area (changing composition) counterpart, Households and non-profit institutions serving households (S.14 and S.15) sector, denominated in Euro, data Neither seasonally nor working day adjusted",EUR,6
BSI.M.ES.N.A.A20.A.1.U2.2250.Z01.E,M,ES,N,A,A20,A,1,U2,2250,Z01,E,2020-11,697664,A,F,,,P1M,,E,,,,,,,,,2,,,"Loans to euro area households granted by MFIs excluding NCB, Stocks","Spain, Outstanding amounts at the end of the period (stocks), MFIs excluding ESCB reporting sector - Loans, Total maturity, All currencies combined - Euro area (changing composition) counterpart, Households and non-profit institutions serving households (S.14 and S.15) sector, denominated in Euro, data Neither seasonally nor working day adjusted",EUR,6
BSI.M.ES.N.A.A20.A.1.U2.2250.Z01.E,M,ES,N,A,A20,A,1,U2,2250,Z01,E,2020-12,688973,A,F,,,P1M,,E,,,,,,,,,2,,,"Loans to euro area households granted by MFIs excluding NCB, Stocks","Spain, Outstanding amounts at the end of the period (stocks), MFIs excluding ESCB reporting sector - Loans, Total maturity, All currencies combined - Euro area (changing composition) counterpart, Households and non-profit institutions serving households (S.14 and S.15) sector, denominated in Euro, data Neither seasonally nor working day adjusted",EUR,6
BSI.M.ES.N.A.A20.A.1.U2.2250.Z01.E,M,ES,N,A,A20,A,1,U2,2250,Z01,E,2021-01,686877,A,F,,,P1M,,E,,,,,,,,,2,,,"Loans to euro area households granted by MFIs excluding NCB, Stocks","Spain, Outstanding amounts at the end of the period (stocks), MFIs excluding ESCB reporting sector - Loans, Total maturity, All currencies combined - Euro area (changing composition) counterpart, Households and non-profit institutions serving households (S.14 and S.15) sector, denominated in Euro, data Neither seasonally nor working day adjusted",EUR,6
BSI.M.ES.N.A.A20.A.1.U2.2250.Z01.E,M,ES,N,A,A20,A,1,U2,2250,Z01,E,2021-02,685983,A,F,,,P1M,,E,,,,,,,,,2,,,"Loans to euro area households granted by MFIs excluding NCB, Stocks","Spain, Outstanding amounts at the end of the period (stocks), MFIs excluding ESCB reporting sector - Loans, Total maturity, All currencies combined - Euro area (changing composition) counterpart, Households and non-profit institutions serving households (S.14 and S.15) sector, denominated in Euro, data Neither seasonally nor working day adjusted",EUR,6
BSI.M.ES.N.A.A20.A.1.U2.2250.Z01.E,M,ES,N,A,A20,A,1,U2,2250,Z01,E,2021-03,687113,A,F,,,P1M,,E,,,,,,,,,2,,,"Loans to euro area households granted by MFIs excluding NCB, Stocks","Spain, Outstanding amounts at the end of the period (stocks), MFIs excluding ESCB reporting sector - Loans, Total maturity, All currencies combined - Euro area (changing composition) counterpart, Households and non-profit institutions serving households (S.14 and S.15) sector, denominated in Euro, data Neither seasonally nor working day adjusted",EUR,6
BSI.M.ES.N.A.A20.A.1.U2.2250.Z01.E,M,ES,N,A,A20,A,1,U2,2250,Z01,E,2021-04,687629,A,F,,,P1M,,E,,,,,,,,,2,,,"Loans to euro area households granted by MFIs excluding NCB, Stocks","Spain, Outstanding amounts at the end of the period (stocks), MFIs excluding ESCB reporting sector - Loans, Total maturity, All currencies combined - Euro area (changing composition) counterpart, Households and non-profit institutions serving households (S.14 and S.15) sector, denominated in Euro, data Neither seasonally nor working day adjusted",EUR,6
BSI.M.ES.N.A.A20.A.1.U2.2250.Z01.E,M,ES,N,A,A20,A,1,U2,2250,Z01,E,2021-05,688993,A,F,,,P1M,,E,,,,,,,,,2,,,"Loans to euro area households granted by MFIs excluding NCB, Stocks","Spain, Outstanding amounts at the end of the period (stocks), MFIs excluding ESCB reporting sector - Loans, Total maturity, All currencies combined - Euro area (changing composition) counterpart, Households and non-profit institutions serving households (S.14 and S.15) sector, denominated in Euro, data Neither seasonally nor working day adjusted",EUR,6
BSI.M.ES.N.A.A20.A.1.U2.2250.Z01.E,M,ES,N,A,A20,A,1,U2,2250,Z01,E,2021-06,699150,A,F,,,P1M,,E,,,,,,,,,2,,,"Loans to euro area households granted by MFIs excluding NCB, Stocks","Spain, Outstanding amounts at the end of the period (stocks), MFIs excluding ESCB reporting sector - Loans, Total maturity, All currencies combined - Euro area (changing composition) counterpart, Households and non-profit institutions serving households (S.14 and S.15) sector, denominated in Euro, data Neither seasonally nor working day adjusted",EUR,6
BSI.M.ES.N.A.A20.A.1.U2.2250.Z01.E,M,ES,N,A,A20,A,1,U2,2250,Z01,E,2021-07,692704,A,F,,,P1M,,E,,,,,,,,,2,,,"Loans to euro area households granted by MFIs excluding NCB, Stocks","Spain, Outstanding amounts at the end of the period (stocks), MFIs excluding ESCB reporting sector - Loans, Total maturity, All currencies combined - Euro area (changing composition) counterpart, Households and non-profit institutions serving households (S.14 and S.15) sector, denominated in Euro, data Neither seasonally nor working day adjusted",EUR,6
BSI.M.ES.N.A.A20.A.1.U2.2250.Z01.E,M,ES,N,A,A20,A,1,U2,2250,Z01,E,2021-08,690736,A,F,,,P1M,,E,,,,,,,,,2,,,"Loans to euro area households granted by MFIs excluding NCB, Stocks","Spain, Outstanding amounts at the end of the period (stocks), MFIs excluding ESCB reporting sector - Loans, Total maturity, All currencies combined - Euro area (changing composition) counterpart, Households and non-profit institutions serving households (S.14 and S.15) sector, denominated in Euro, data Neither seasonally nor working day adjusted",EUR,6
BSI.M.ES.N.A.A20.A.1.U2.2250.Z01.E,M,ES,N,A,A20,A,1,U2,2250,Z01,E,2021-09,690738,A,F,,,P1M,,E,,,,,,,,,2,,,"Loans to euro area households granted by MFIs excluding NCB, Stocks","Spain, Outstanding amounts at the end of the period (stocks), MFIs excluding ESCB reporting sector - Loans, Total maturity, All currencies combined - Euro area (changing composition) counterpart, Households and non-profit institutions serving households (S.14 and S.15) sector, denominated in Euro, data Neither seasonally nor working day adjusted",EUR,6
BSI.M.ES.N.A.A20.A.1.U2.2250.Z01.E,M,ES,N,A,A20,A,1,U2,2250,Z01,E,2021-10,691864,A,F,,,P1M,,E,,,,,,,,,2,,,"Loans to euro area households granted by MFIs excluding NCB, Stocks","Spain, Outstanding amounts at the end of the period (stocks), MFIs excluding ESCB reporting sector - Loans, Total maturity, All currencies combined - Euro area (changing composition) counterpart, Households and non-profit institutions serving households (S.14 and S.15) sector, denominated in Euro, data Neither seasonally nor working day adjusted",EUR,6
BSI.M.ES.N.A.A20.A.1.U2.2250.Z01.E,M,ES,N,A,A20,A,1,U2,2250,Z01,E,2021-11,700880,A,F,,,P1M,,E,,,,,,,,,2,,,"Loans to euro area households granted by MFIs excluding NCB, Stocks","Spain, Outstanding amounts at the end of the period (stocks), MFIs excluding ESCB reporting sector - Loans, Total maturity, All currencies combined - Euro area (changing composition) counterpart, Households and non-profit institutions serving households (S.14 and S.15) sector, denominated in Euro, data Neither seasonally nor working day adjusted",EUR,6
BSI.M.ES.N.A.A20.A.1.U2.2250.Z01.E,M,ES,N,A,A20,A,1,U2,2250,Z01,E,2021-12,692659,A,F,,,P1M,,E,,,,,,,,,2,,,"Loans to euro area households granted by MFIs excluding NCB, Stocks","Spain, Outstanding amounts at the end of the period (stocks), MFIs excluding ESCB reporting sector - Loans, Total maturity, All currencies combined - Euro area (changing composition) counterpart, Households and non-profit institutions serving households (S.14 and S.15) sector, denominated in Euro, data Neither seasonally nor working day adjusted",EUR,6
BSI.M.ES.N.A.A20.A.1.U2.2250.Z01.E,M,ES,N,A,A20,A,1,U2,2250,Z01,E,2022-01,691293,A,F,,,P1M,,E,,,,,,,,,2,,,"Loans to euro area households granted by MFIs excluding NCB, Stocks","Spain, Outstanding amounts at the end of the period (stocks), MFIs excluding ESCB reporting sector - Loans, Total maturity, All currencies combined - Euro area (changing composition) counterpart, Households and non-profit institutions serving households (S.14 and S.15) sector, denominated in Euro, data Neither seasonally nor working day adjusted",EUR,6
BSI.M.ES.N.A.A20.A.1.U2.2250.Z01.E,M,ES,N,A,A20,A,1,U2,2250,Z01,E,2022-02,690936,A,F,,,P1M,,E,,,,,,,,,2,,,"Loans to euro area households granted by MFIs excluding NCB, Stocks","Spain, Outstanding amounts at the end of the period (stocks), MFIs excluding ESCB reporting sector - Loans, Total maturity, All currencies combined - Euro area (changing composition) counterpart, Households and non-profit institutions serving households (S.14 and S.15) sector, denominated in Euro, data Neither seasonally nor working day adjusted",EUR,6
BSI.M.ES.N.A.A20.A.1.U2.2250.Z01.E,M,ES,N,A,A20,A,1,U2,2250,Z01,E,2022-03,692431,A,F,,,P1M,,E,,,,,,,,,2,,,"Loans to euro area households granted by MFIs excluding NCB, Stocks","Spain, Outstanding amounts at the end of the period (stocks), MFIs excluding ESCB reporting sector - Loans, Total maturity, All currencies combined - Euro area (changing composition) counterpart, Households and non-profit institutions serving households (S.14 and S.15) sector, denominated in Euro, data Neither seasonally nor working day adjusted",EUR,6
BSI.M.ES.N.A.A20.A.1.U2.2250.Z01.E,M,ES,N,A,A20,A,1,U2,2250,Z01,E,2022-04,694706,A,F,,,P1M,,E,,,,,,,,,2,,,"Loans to euro area households granted by MFIs excluding NCB, Stocks","Spain, Outstanding amounts at the end of the period (stocks), MFIs excluding ESCB reporting sector - Loans, Total maturity, All currencies combined - Euro area (changing composition) counterpart, Households and non-profit institutions serving households (S.14 and S.15) sector, denominated in Euro, data Neither seasonally nor working day adjusted",EUR,6
BSI.M.ES.N.A.A20.A.1.U2.2250.Z01.E,M,ES,N,A,A20,A,1,U2,2250,Z01,E,2022-05,695737,A,F,,,P1M,,E,,,,,,,,,2,,,"Loans to euro area households granted by MFIs excluding NCB, Stocks","Spain, Outstanding amounts at the end of the period (stocks), MFIs excluding ESCB reporting sector - Loans, Total maturity, All currencies combined - Euro area (changing composition) counterpart, Households and non-profit institutions serving households (S.14 and S.15) sector, denominated in Euro, data Neither seasonally nor working day adjusted",EUR,6
BSI.M.ES.N.A.A20.A.1.U2.2250.Z01.E,M,ES,N,A,A20,A,1,U2,2250,Z01,E,2022-06,705020,A,F,,,P1M,,E,,,,,,,,,2,,,"Loans to euro area households granted by MFIs excluding NCB, Stocks","Spain, Outstanding amounts at the end of the period (stocks), MFIs excluding ESCB reporting sector - Loans, Total maturity, All currencies combined - Euro area (changing composition) counterpart, Households and non-profit institutions serving households (S.14 and S.15) sector, denominated in Euro, data Neither seasonally nor working day adjusted",EUR,6
BSI.M.ES.N.A.A20.A.1.U2.2250.Z01.E,M,ES,N,A,A20,A,1,U2,2250,Z01,E,2022-07,697192,A,F,,,P1M,,E,,,,,,,,,2,,,"Loans to euro area households granted by MFIs excluding NCB, Stocks","Spain, Outstanding amounts at the end of the period (stocks), MFIs excluding ESCB reporting sector - Loans, Total maturity, All currencies combined - Euro area (changing composition) counterpart, Households and non-profit institutions serving households (S.14 and S.15) sector, denominated in Euro, data Neither seasonally nor working day adjusted",EUR,6
BSI.M.ES.N.A.A20.A.1.U2.2250.Z01.E,M,ES,N,A,A20,A,1,U2,2250,Z01,E,2022-08,695331,A,F,,,P1M,,E,,,,,,,,,2,,,"Loans to euro area households granted by MFIs excluding NCB, Stocks","Spain, Outstanding amounts at the end of the period (stocks), MFIs excluding ESCB reporting sector - Loans, Total maturity, All currencies combined - Euro area (changing composition) counterpart, Households and non-profit institutions serving households (S.14 and S.15) sector, denominated in Euro, data Neither seasonally nor working day adjusted",EUR,6
BSI.M.ES.N.A.A20.A.1.U2.2250.Z01.E,M,ES,N,A,A20,A,1,U2,2250,Z01,E,2022-09,695090,A,F,,,P1M,,E,,,,,,,,,2,,,"Loans to euro area households granted by MFIs excluding NCB, Stocks","Spain, Outstanding amounts at the end of the period (stocks), MFIs excluding ESCB reporting sector - Loans, Total maturity, All currencies combined - Euro area (changing composition) counterpart, Households and non-profit institutions serving households (S.14 and S.15) sector, denominated in Euro, data Neither seasonally nor working day adjusted",EUR,6
BSI.M.ES.N.A.A20.A.1.U2.2250.Z01.E,M,ES,N,A,A20,A,1,U2,2250,Z01,E,2022-10,694702,A,F,,,P1M,,E,,,,,,,,,2,,,"Loans to euro area households granted by MFIs excluding NCB, Stocks","Spain, Outstanding amounts at the end of the period (stocks), MFIs excluding ESCB reporting sector - Loans, Total maturity, All currencies combined - Euro area (changing composition) counterpart, Households and non-profit institutions serving households (S.14 and S.15) sector, denominated in Euro, data Neither seasonally nor working day adjusted",EUR,6
BSI.M.ES.N.A.A20.A.1.U2.2250.Z01.E,M,ES,N,A,A20,A,1,U2,2250,Z01,E,2022-11,703432,A,F,,,P1M,,E,,,,,,,,,2,,,"Loans to euro area households granted by MFIs excluding NCB, Stocks","Spain, Outstanding amounts at the end of the period (stocks), MFIs excluding ESCB reporting sector - Loans, Total maturity, All currencies combined - Euro area (changing composition) counterpart, Households and non-profit institutions serving households (S.14 and S.15) sector, denominated in Euro, data Neither seasonally nor working day adjusted",EUR,6
BSI.M.ES.N.A.A20.A.1.U2.2250.Z01.E,M,ES,N,A,A20,A,1,U2,2250,Z01,E,2022-12,691811,A,F,,,P1M,,E,,,,,,,,,2,,,"Loans to euro area households granted by MFIs excluding NCB, Stocks","Spain, Outstanding amounts at the end of the period (stocks), MFIs excluding ESCB reporting sector - Loans, Total maturity, All currencies combined - Euro area (changing composition) counterpart, Households and non-profit institutions serving households (S.14 and S.15) sector, denominated in Euro, data Neither seasonally nor working day adjusted",EUR,6
BSI.M.ES.N.A.A20.A.1.U2.2250.Z01.E,M,ES,N,A,A20,A,1,U2,2250,Z01,E,2023-01,687821,A,F,,,P1M,,E,,,,,,,,,2,,,"Loans to euro area households granted by MFIs excluding NCB, Stocks","Spain, Outstanding amounts at the end of the period (stocks), MFIs excluding ESCB reporting sector - Loans, Total maturity, All currencies combined - Euro area (changing composition) counterpart, Households and non-profit institutions serving households (S.14 and S.15) sector, denominated in Euro, data Neither seasonally nor working day adjusted",EUR,6
BSI.M.ES.N.A.A20.A.1.U2.2250.Z01.E,M,ES,N,A,A20,A,1,U2,2250,Z01,E,2023-02,684802,A,F,,,P1M,,E,,,,,,,,,2,,,"Loans to euro area households granted by MFIs excluding NCB, Stocks","Spain, Outstanding amounts at the end of the period (stocks), MFIs excluding ESCB reporting sector - Loans, Total maturity, All currencies combined - Euro area (changing composition) counterpart, Households and non-profit institutions serving households (S.14 and S.15) sector, denominated in Euro, data Neither seasonally nor working day adjusted",EUR,6
BSI.M.ES.N.A.A20.A.1.U2.2250.Z01.E,M,ES,N,A,A20,A,1,U2,2250,Z01,E,2023-03,684078,A,F,,,P1M,,E,,,,,,,,,2,,,"Loans to euro area households granted by MFIs excluding NCB, Stocks","Spain, Outstanding amounts at the end of the period (stocks), MFIs excluding ESCB reporting sector - Loans, Total maturity, All currencies combined - Euro area (changing composition) counterpart, Households and non-profit institutions serving households (S.14 and S.15) sector, denominated in Euro, data Neither seasonally nor working day adjusted",EUR,6
BSI.M.ES.N.A.A20.A.1.U2.2250.Z01.E,M,ES,N,A,A20,A,1,U2,2250,Z01,E,2023-04,683559,A,F,,,P1M,,E,,,,,,,,,2,,,"Loans to euro area households granted by MFIs excluding NCB, Stocks","Spain, Outstanding amounts at the end of the period (stocks), MFIs excluding ESCB reporting sector - Loans, Total maturity, All currencies combined - Euro area (changing composition) counterpart, Households and non-profit institutions serving households (S.14 and S.15) sector, denominated in Euro, data Neither seasonally nor working day adjusted",EUR,6
BSI.M.ES.N.A.A20.A.1.U2.2250.Z01.E,M,ES,N,A,A20,A,1,U2,2250,Z01,E,2023-05,681649,A,F,,,P1M,,E,,,,,,,,,2,,,"Loans to euro area households granted by MFIs excluding NCB, Stocks","Spain, Outstanding amounts at the end of the period (stocks), MFIs excluding ESCB reporting sector - Loans, Total maturity, All currencies combined - Euro area (changing composition) counterpart, Households and non-profit institutions serving households (S.14 and S.15) sector, denominated in Euro, data Neither seasonally nor working day adjusted",EUR,6
BSI.M.ES.N.A.A20.A.1.U2.2250.Z01.E,M,ES,N,A,A20,A,1,U2,2250,Z01,E,2023-06,691673,A,F,,,P1M,,E,,,,,,,,,2,,,"Loans to euro area households granted by MFIs excluding NCB, Stocks","Spain, Outstanding amounts at the end of the period (stocks), MFIs excluding ESCB reporting sector - Loans, Total maturity, All currencies combined - Euro area (changing composition) counterpart, Households and non-profit institutions serving households (S.14 and S.15) sector, denominated in Euro, data Neither seasonally nor working day adjusted",EUR,6
BSI.M.ES.N.A.A20.A.1.U2.2250.Z01.E,M,ES,N,A,A20,A,1,U2,2250,Z01,E,2023-07,680500,A,F,,,P1M,,E,,,,,,,,,2,,,"Loans to euro area households granted by MFIs excluding NCB, Stocks","Spain, Outstanding amounts at the end of the period (stocks), MFIs excluding ESCB reporting sector - Loans, Total maturity, All currencies combined - Euro area (changing composition) counterpart, Households and non-profit institutions serving households (S.14 and S.15) sector, denominated in Euro, data Neither seasonally nor working day adjusted",EUR,6
BSI.M.ES.N.A.A20.A.1.U2.2250.Z01.E,M,ES,N,A,A20,A,1,U2,2250,Z01,E,2023-08,678088,A,F,,,P1M,,E,,,,,,,,,2,,,"Loans to euro area households granted by MFIs excluding NCB, Stocks","Spain, Outstanding amounts at the end of the period (stocks), MFIs excluding ESCB reporting sector - Loans, Total maturity, All currencies combined - Euro area (changing composition) counterpart, Households and non-profit institutions serving households (S.14 and S.15) sector, denominated in Euro, data Neither seasonally nor working day adjusted",EUR,6
BSI.M.ES.N.A.A20.A.1.U2.2250.Z01.E,M,ES,N,A,A20,A,1,U2,2250,Z01,E,2023-09,677438,A,F,,,P1M,,E,,,,,,,,,2,,,"Loans to euro area households granted by MFIs excluding NCB, Stocks","Spain, Outstanding amounts at the end of the period (stocks), MFIs excluding ESCB reporting sector - Loans, Total maturity, All currencies combined - Euro area (changing composition) counterpart, Households and non-profit institutions serving households (S.14 and S.15) sector, denominated in Euro, data Neither seasonally nor working day adjusted",EUR,6
BSI.M.ES.N.A.A20.A.1.U2.2250.Z01.E,M,ES,N,A,A20,A,1,U2,2250,Z01,E,2023-10,675976,A,F,,,P1M,,E,,,,,,,,,2,,,"Loans to euro area households granted by MFIs excluding NCB, Stocks","Spain, Outstanding amounts at the end of the period (stocks), MFIs excluding ESCB reporting sector - Loans, Total maturity, All currencies combined - Euro area (changing composition) counterpart, Households and non-profit institutions serving households (S.14 and S.15) sector, denominated in Euro, data Neither seasonally nor working day adjusted",EUR,6
BSI.M.ES.N.A.A20.A.1.U2.2250.Z01.E,M,ES,N,A,A20,A,1,U2,2250,Z01,E,2023-11,686032,A,F,,,P1M,,E,,,,,,,,,2,,,"Loans to euro area households granted by MFIs excluding NCB, Stocks","Spain, Outstanding amounts at the end of the period (stocks), MFIs excluding ESCB reporting sector - Loans, Total maturity, All currencies combined - Euro area (changing composition) counterpart, Households and non-profit institutions serving households (S.14 and S.15) sector, denominated in Euro, data Neither seasonally nor working day adjusted",EUR,6
BSI.M.ES.N.A.A20.A.1.U2.2250.Z01.E,M,ES,N,A,A20,A,1,U2,2250,Z01,E,2023-12,674698,A,F,,,P1M,,E,,,,,,,,,2,,,"Loans to euro area households granted by MFIs excluding NCB, Stocks","Spain, Outstanding amounts at the end of the period (stocks), MFIs excluding ESCB reporting sector - Loans, Total maturity, All currencies combined - Euro area (changing composition) counterpart, Households and non-profit institutions serving households (S.14 and S.15) sector, denominated in Euro, data Neither seasonally nor working day adjusted",EUR,6
BSI.M.ES.N.A.A20.A.1.U2.2250.Z01.E,M,ES,N,A,A20,A,1,U2,2250,Z01,E,2024-01,671601,A,F,,,P1M,,E,,,,,,,,,2,,,"Loans to euro area households granted by MFIs excluding NCB, Stocks","Spain, Outstanding amounts at the end of the period (stocks), MFIs excluding ESCB reporting sector - Loans, Total maturity, All currencies combined - Euro area (changing composition) counterpart, Households and non-profit institutions serving households (S.14 and S.15) sector, denominated in Euro, data Neither seasonally nor working day adjusted",EUR,6
BSI.M.ES.N.A.A20.A.1.U2.2250.Z01.E,M,ES,N,A,A20,A,1,U2,2250,Z01,E,2024-02,670307,A,F,,,P1M,,E,,,,,,,,,2,,,"Loans to euro area households granted by MFIs excluding NCB, Stocks","Spain, Outstanding amounts at the end of the period (stocks), MFIs excluding ESCB reporting sector - Loans, Total maturity, All currencies combined - Euro area (changing composition) counterpart, Households and non-profit institutions serving households (S.14 and S.15) sector, denominated in Euro, data Neither seasonally nor working day adjusted",EUR,6
BSI.M.ES.N.A.A20.A.1.U2.2250.Z01.E,M,ES,N,A,A20,A,1,U2,2250,Z01,E,2024-03,671313,A,F,,,P1M,,E,,,,,,,,,2,,,"Loans to euro area households granted by MFIs excluding NCB, Stocks","Spain, Outstanding amounts at the end of the period (stocks), MFIs excluding ESCB reporting sector - Loans, Total maturity, All currencies combined - Euro area (changing composition) counterpart, Households and non-profit institutions serving households (S.14 and S.15) sector, denominated in Euro, data Neither seasonally nor working day adjusted",EUR,6
BSI.M.ES.N.A.A20.A.1.U2.2250.Z01.E,M,ES,N,A,A20,A,1,U2,2250,Z01,E,2024-04,671962,A,F,,,P1M,,E,,,,,,,,,2,,,"Loans to euro area households granted by MFIs excluding NCB, Stocks","Spain, Outstanding amounts at the end of the period (stocks), MFIs excluding ESCB reporting sector - Loans, Total maturity, All currencies combined - Euro area (changing composition) counterpart, Households and non-profit institutions serving households (S.14 and S.15) sector, denominated in Euro, data Neither seasonally nor working day adjusted",EUR,6
BSI.M.ES.N.A.A20.A.1.U2.2250.Z01.E,M,ES,N,A,A20,A,1,U2,2250,Z01,E,2024-05,673205,A,F,,,P1M,,E,,,,,,,,,2,,,"Loans to euro area households granted by MFIs excluding NCB, Stocks","Spain, Outstanding amounts at the end of the period (stocks), MFIs excluding ESCB reporting sector - Loans, Total maturity, All currencies combined - Euro area (changing composition) counterpart, Households and non-profit institutions serving households (S.14 and S.15) sector, denominated in Euro, data Neither seasonally nor working day adjusted",EUR,6
BSI.M.ES.N.A.A20.A.1.U2.2250.Z01.E,M,ES,N,A,A20,A,1,U2,2250,Z01,E,2024-06,685299,A,F,,,P1M,,E,,,,,,,,,2,,,"Loans to euro area households granted by MFIs excluding NCB, Stocks","Spain, Outstanding amounts at the end of the period (stocks), MFIs excluding ESCB reporting sector - Loans, Total maturity, All currencies combined - Euro area (changing composition) counterpart, Households and non-profit institutions serving households (S.14 and S.15) sector, denominated in Euro, data Neither seasonally nor working day adjusted",EUR,6
BSI.M.ES.N.A.A20.A.1.U2.2250.Z01.E,M,ES,N,A,A20,A,1,U2,2250,Z01,E,2024-07,676172,A,F,,,P1M,,E,,,,,,,,,2,,,"Loans to euro area households granted by MFIs excluding NCB, Stocks","Spain, Outstanding amounts at the end of the period (stocks), MFIs excluding ESCB reporting sector - Loans, Total maturity, All currencies combined - Euro area (changing composition) counterpart, Households and non-profit institutions serving households (S.14 and S.15) sector, denominated in Euro, data Neither seasonally nor working day adjusted",EUR,6
BSI.M.ES.N.A.A20.A.1.U2.2250.Z01.E,M,ES,N,A,A20,A,1,U2,2250,Z01,E,2024-08,675968,A,F,,,P1M,,E,,,,,,,,,2,,,"Loans to euro area households granted by MFIs excluding NCB, Stocks","Spain, Outstanding amounts at the end of the period (stocks), MFIs excluding ESCB reporting sector - Loans, Total maturity, All currencies combined - Euro area (changing composition) counterpart, Households and non-profit institutions serving households (S.14 and S.15) sector, denominated in Euro, data Neither seasonally nor working day adjusted",EUR,6
BSI.M.ES.N.A.A20.A.1.U2.2250.Z01.E,M,ES,N,A,A20,A,1,U2,2250,Z01,E,2024-09,676469,A,F,,,P1M,,E,,,,,,,,,2,,,"Loans to euro area households granted by MFIs excluding NCB, Stocks","Spain, Outstanding amounts at the end of the period (stocks), MFIs excluding ESCB reporting sector - Loans, Total maturity, All currencies combined - Euro area (changing composition) counterpart, Households and non-profit institutions serving households (S.14 and S.15) sector, denominated in Euro, data Neither seasonally nor working day adjusted",EUR,6
BSI.M.ES.N.A.A20.A.1.U2.2250.Z01.E,M,ES,N,A,A20,A,1,U2,2250,Z01,E,2024-10,678108,A,F,,,P1M,,E,,,,,,,,,2,,,"Loans to euro area households granted by MFIs excluding NCB, Stocks","Spain, Outstanding amounts at the end of the period (stocks), MFIs excluding ESCB reporting sector - Loans, Total maturity, All currencies combined - Euro area (changing composition) counterpart, Households and non-profit institutions serving households (S.14 and S.15) sector, denominated in Euro, data Neither seasonally nor working day adjusted",EUR,6
BSI.M.ES.N.A.A20.A.1.U2.2250.Z01.E,M,ES,N,A,A20,A,1,U2,2250,Z01,E,2024-11,690822,A,F,,,P1M,,E,,,,,,,,,2,,,"Loans to euro area households granted by MFIs excluding NCB, Stocks","Spain, Outstanding amounts at the end of the period (stocks), MFIs excluding ESCB reporting sector - Loans, Total maturity, All currencies combined - Euro area (changing composition) counterpart, Households and non-profit institutions serving households (S.14 and S.15) sector, denominated in Euro, data Neither seasonally nor working day adjusted",EUR,6
BSI.M.ES.N.A.A20.A.1.U2.2250.Z01.E,M,ES,N,A,A20,A,1,U2,2250,Z01,E,2024-12,680926,A,F,,,P1M,,E,,,,,,,,,2,,,"Loans to euro area households granted by MFIs excluding NCB, Stocks","Spain, Outstanding amounts at the end of the period (stocks), MFIs excluding ESCB reporting sector - Loans, Total maturity, All currencies combined - Euro area (changing composition) counterpart, Households and non-profit institutions serving households (S.14 and S.15) sector, denominated in Euro, data Neither seasonally nor working day adjusted",EUR,6
BSI.M.ES.N.A.A20.A.1.U2.2250.Z01.E,M,ES,N,A,A20,A,1,U2,2250,Z01,E,2025-01,680857,A,F,,,P1M,,E,,,,,,,,,2,,,"Loans to euro area households granted by MFIs excluding NCB, Stocks","Spain, Outstanding amounts at the end of the period (stocks), MFIs excluding ESCB reporting sector - Loans, Total maturity, All currencies combined - Euro area (changing composition) counterpart, Households and non-profit institutions serving households (S.14 and S.15) sector, denominated in Euro, data Neither seasonally nor working day adjusted",EUR,6
BSI.M.ES.N.A.A20.A.1.U2.2250.Z01.E,M,ES,N,A,A20,A,1,U2,2250,Z01,E,2025-02,681621,A,F,,,P1M,,E,,,,,,,,,2,,,"Loans to euro area households granted by MFIs excluding NCB, Stocks","Spain, Outstanding amounts at the end of the period (stocks), MFIs excluding ESCB reporting sector - Loans, Total maturity, All currencies combined - Euro area (changing composition) counterpart, Households and non-profit institutions serving households (S.14 and S.15) sector, denominated in Euro, data Neither seasonally nor working day adjusted",EUR,6
BSI.M.ES.N.A.A20.A.1.U2.2250.Z01.E,M,ES,N,A,A20,A,1,U2,2250,Z01,E,2025-03,684261,A,F,,,P1M,,E,,,,,,,,,2,,,"Loans to euro area households granted by MFIs excluding NCB, Stocks","Spain, Outstanding amounts at the end of the period (stocks), MFIs excluding ESCB reporting sector - Loans, Total maturity, All currencies combined - Euro area (changing composition) counterpart, Households and non-profit institutions serving households (S.14 and S.15) sector, denominated in Euro, data Neither seasonally nor working day adjusted",EUR,6
BSI.M.ES.N.A.A20.A.1.U2.2250.Z01.E,M,ES,N,A,A20,A,1,U2,2250,Z01,E,2025-04,686348,A,F,,,P1M,,E,,,,,,,,,2,,,"Loans to euro area households granted by MFIs excluding NCB, Stocks","Spain, Outstanding amounts at the end of the period (stocks), MFIs excluding ESCB reporting sector - Loans, Total maturity, All currencies combined - Euro area (changing composition) counterpart, Households and non-profit institutions serving households (S.14 and S.15) sector, denominated in Euro, data Neither seasonally nor working day adjusted",EUR,6
BSI.M.ES.N.A.A20.A.1.U2.2250.Z01.E,M,ES,N,A,A20,A,1,U2,2250,Z01,E,2025-05,689201,A,F,,,P1M,,E,,,,,,,,,2,,,"Loans to euro area households granted by MFIs excluding NCB, Stocks","Spain, Outstanding amounts at the end of the period (stocks), MFIs excluding ESCB reporting sector - Loans, Total maturity, All currencies combined - Euro area (changing composition) counterpart, Households and non-profit institutions serving households (S.14 and S.15) sector, denominated in Euro, data Neither seasonally nor working day adjusted",EUR,6
BSI.M.ES.N.A.A20.A.1.U2.2250.Z01.E,M,ES,N,A,A20,A,1,U2,2250,Z01,E,2025-06,703888,A,F,,,P1M,,E,,,,,,,,,2,,,"Loans to euro area households granted by MFIs excluding NCB, Stocks","Spain, Outstanding amounts at the end of the period (stocks), MFIs excluding ESCB reporting sector - Loans, Total maturity, All currencies combined - Euro area (changing composition) counterpart, Households and non-profit institutions serving households (S.14 and S.15) sector, denominated in Euro, data Neither seasonally nor working day adjusted",EUR,6
BSI.M.ES.N.A.A20.A.1.U2.2250.Z01.E,M,ES,N,A,A20,A,1,U2,2250,Z01,E,2025-07,695754,A,F,,,P1M,,E,,,,,,,,,2,,,"Loans to euro area households granted by MFIs excluding NCB, Stocks","Spain, Outstanding amounts at the end of the period (stocks), MFIs excluding ESCB reporting sector - Loans, Total maturity, All currencies combined - Euro area (changing composition) counterpart, Households and non-profit institutions serving households (S.14 and S.15) sector, denominated in Euro, data Neither seasonally nor working day adjusted",EUR,6
BSI.M.ES.N.A.A20.A.1.U2.2250.Z01.E,M,ES,N,A,A20,A,1,U2,2250,Z01,E,2025-08,696457,A,F,,,P1M,,E,,,,,,,,,2,,,"Loans to euro area households granted by MFIs excluding NCB, Stocks","Spain, Outstanding amounts at the end of the period (stocks), MFIs excluding ESCB reporting sector - Loans, Total maturity, All currencies combined - Euro area (changing composition) counterpart, Households and non-profit institutions serving households (S.14 and S.15) sector, denominated in Euro, data Neither seasonally nor working day adjusted",EUR,6
BSI.M.ES.N.A.A20.A.1.U2.2250.Z01.E,M,ES,N,A,A20,A,1,U2,2250,Z01,E,2025-09,698128,A,F,,,P1M,,E,,,,,,,,,2,,,"Loans to euro area households granted by MFIs excluding NCB, Stocks","Spain, Outstanding amounts at the end of the period (stocks), MFIs excluding ESCB reporting sector - Loans, Total maturity, All currencies combined - Euro area (changing composition) counterpart, Households and non-profit institutions serving households (S.14 and S.15) sector, denominated in Euro, data Neither seasonally nor working day adjusted",EUR,6
BSI.M.ES.N.A.A20.A.1.U2.2250.Z01.E,M,ES,N,A,A20,A,1,U2,2250,Z01,E,2025-10,701716,A,F,,,P1M,,E,,,,,,,,,2,,,"Loans to euro area households granted by MFIs excluding NCB, Stocks","Spain, Outstanding amounts at the end of the period (stocks), MFIs excluding ESCB reporting sector - Loans, Total maturity, All currencies combined - Euro area (changing composition) counterpart, Households and non-profit institutions serving households (S.14 and S.15) sector, denominated in Euro, data Neither seasonally nor working day adjusted",EUR,6
BSI.M.ES.N.A.A20.A.1.U2.2250.Z01.E,M,ES,N,A,A20,A,1,U2,2250,Z01,E,2025-11,715671,A,F,,,P1M,,E,,,,,,,,,2,,,"Loans to euro area households granted by MFIs excluding NCB, Stocks","Spain, Outstanding amounts at the end of the period (stocks), MFIs excluding ESCB reporting sector - Loans, Total maturity, All currencies combined - Euro area (changing composition) counterpart, Households and non-profit institutions serving households (S.14 and S.15) sector, denominated in Euro, data Neither seasonally nor working day adjusted",EUR,6
BSI.M.ES.N.A.A20.A.1.U2.2250.Z01.E,M,ES,N,A,A20,A,1,U2,2250,Z01,E,2025-12,707834,A,F,,,P1M,,E,,,,,,,,,2,,,"Loans to euro area households granted by MFIs excluding NCB, Stocks","Spain, Outstanding amounts at the end of the period (stocks), MFIs excluding ESCB reporting sector - Loans, Total maturity, All currencies combined - Euro area (changing composition) counterpart, Households and non-profit institutions serving households (S.14 and S.15) sector, denominated in Euro, data Neither seasonally nor working day adjusted",EUR,6
BSI.M.ES.N.A.A20.A.1.U2.2250.Z01.E,M,ES,N,A,A20,A,1,U2,2250,Z01,E,2026-01,708931,A,F,,,P1M,,E,,,,,,,,,2,,,"Loans to euro area households granted by MFIs excluding NCB, Stocks","Spain, Outstanding amounts at the end of the period (stocks), MFIs excluding ESCB reporting sector - Loans, Total maturity, All currencies combined - Euro area (changing composition) counterpart, Households and non-profit institutions serving households (S.14 and S.15) sector, denominated in Euro, data Neither seasonally nor working day adjusted",EUR,6
BSI.M.ES.N.A.A20.A.1.U2.2250.Z01.E,M,ES,N,A,A20,A,1,U2,2250,Z01,E,2026-02,710970,A,F,,,P1M,,E,,,,,,,,,2,,,"Loans to euro area households granted by MFIs excluding NCB, Stocks","Spain, Outstanding amounts at the end of the period (stocks), MFIs excluding ESCB reporting sector - Loans, Total maturity, All currencies combined - Euro area (changing composition) counterpart, Households and non-profit institutions serving households (S.14 and S.15) sector, denominated in Euro, data Neither seasonally nor working day adjusted",EUR,6
BSI.M.ES.N.A.A20.A.1.U2.2250.Z01.E,M,ES,N,A,A20,A,1,U2,2250,Z01,E,2026-03,711766,A,F,,,P1M,,E,,,,,,,,,2,,,"Loans to euro area households granted by MFIs excluding NCB, Stocks","Spain, Outstanding amounts at the end of the period (stocks), MFIs excluding ESCB reporting sector - Loans, Total maturity, All currencies combined - Euro area (changing composition) counterpart, Households and non-profit institutions serving households (S.14 and S.15) sector, denominated in Euro, data Neither seasonally nor working day adjusted",EUR,6
BSI.M.ES.N.A.A20.A.1.U2.2250.Z01.E,M,ES,N,A,A20,A,1,U2,2250,Z01,E,2026-04,703896,A,F,,,P1M,,E,,,,,,,,,2,,,"Loans to euro area households granted by MFIs excluding NCB, Stocks","Spain, Outstanding amounts at the end of the period (stocks), MFIs excluding ESCB reporting sector - Loans, Total maturity, All currencies combined - Euro area (changing composition) counterpart, Households and non-profit institutions serving households (S.14 and S.15) sector, denominated in Euro, data Neither seasonally nor working day adjusted",EUR,6
BSI.M.ES.N.A.A20.A.1.U2.2250.Z01.E,M,ES,N,A,A20,A,1,U2,2250,Z01,E,2026-05,706898,A,F,,,P1M,,E,,,,,,,,,2,,,"Loans to euro area households granted by MFIs excluding NCB, Stocks","Spain, Outstanding amounts at the end of the period (stocks), MFIs excluding ESCB reporting sector - Loans, Total maturity, All currencies combined - Euro area (changing composition) counterpart, Households and non-profit institutions serving households (S.14 and S.15) sector, denominated in Euro, data Neither seasonally nor working day adjusted",EUR,6
BSI.M.ES.N.A.A20.A.1.U2.2250.Z01.E,M,ES,N,A,A20,A,1,U2,2250,Z01,E,2026-06,710576,A,F,,,P1M,,E,,,,,,,,,2,,,"Loans to euro area households granted by MFIs excluding NCB, Stocks","Spain, Outstanding amounts at the end of the period (stocks), MFIs excluding ESCB reporting sector - Loans, Total maturity, All currencies combined - Euro area (changing composition) counterpart, Households and non-profit institutions serving households (S.14 and S.15) sector, denominated in Euro, data Neither seasonally nor working day adjusted",EUR,6
BSI.M.ES.N.A.A20.A.1.U2.2250.Z01.E,M,ES,N,A,A20,A,1,U2,2250,Z01,E,2026-07,714453,P,F,,,P1M,,E,,,,,,,,,2,,,"Loans to euro area households granted by MFIs excluding NCB, Stocks","Spain, Outstanding amounts at the end of the period (stocks), MFIs excluding ESCB reporting sector - Loans, Total maturity, All currencies combined - Euro area (changing composition) counterpart, Households and non-profit institutions serving households (S.14 and S.15) sector, denominated in Euro, data Neither seasonally nor working day adjusted",EUR,6
BSI.M.FR.N.A.A20.A.1.U2.2250.Z01.E,M,FR,N,A,A20,A,1,U2,2250,Z01,E,2019-01,1303967,A,F,,,P1M,,E,,,,,,,,,2,,,"Loans to euro area households granted by MFIs excluding NCB, Stocks","France, Outstanding amounts at the end of the period (stocks), MFIs excluding ESCB reporting sector - Loans, Total maturity, All currencies combined - Euro area (changing composition) counterpart, Households and non-profit institutions serving households (S.14 and S.15) sector, denominated in Euro, data Neither seasonally nor working day adjusted",EUR,6
BSI.M.FR.N.A.A20.A.1.U2.2250.Z01.E,M,FR,N,A,A20,A,1,U2,2250,Z01,E,2019-02,1304983,A,F,,,P1M,,E,,,,,,,,,2,,,"Loans to euro area households granted by MFIs excluding NCB, Stocks","France, Outstanding amounts at the end of the period (stocks), MFIs excluding ESCB reporting sector - Loans, Total maturity, All currencies combined - Euro area (changing composition) counterpart, Households and non-profit institutions serving households (S.14 and S.15) sector, denominated in Euro, data Neither seasonally nor working day adjusted",EUR,6
BSI.M.FR.N.A.A20.A.1.U2.2250.Z01.E,M,FR,N,A,A20,A,1,U2,2250,Z01,E,2019-03,1315173,A,F,,,P1M,,E,,,,,,,,,2,,,"Loans to euro area households granted by MFIs excluding NCB, Stocks","France, Outstanding amounts at the end of the period (stocks), MFIs excluding ESCB reporting sector - Loans, Total maturity, All currencies combined - Euro area (changing composition) counterpart, Households and non-profit institutions serving households (S.14 and S.15) sector, denominated in Euro, data Neither seasonally nor working day adjusted",EUR,6
BSI.M.FR.N.A.A20.A.1.U2.2250.Z01.E,M,FR,N,A,A20,A,1,U2,2250,Z01,E,2019-04,1319631,A,F,,,P1M,,E,,,,,,,,,2,,,"Loans to euro area households granted by MFIs excluding NCB, Stocks","France, Outstanding amounts at the end of the period (stocks), MFIs excluding ESCB reporting sector - Loans, Total maturity, All currencies combined - Euro area (changing composition) counterpart, Households and non-profit institutions serving households (S.14 and S.15) sector, denominated in Euro, data Neither seasonally nor working day adjusted",EUR,6
BSI.M.FR.N.A.A20.A.1.U2.2250.Z01.E,M,FR,N,A,A20,A,1,U2,2250,Z01,E,2019-05,1314678,A,F,,,P1M,,E,,,,,,,,,2,,,"Loans to euro area households granted by MFIs excluding NCB, Stocks","France, Outstanding amounts at the end of the period (stocks), MFIs excluding ESCB reporting sector - Loans, Total maturity, All currencies combined - Euro area (changing composition) counterpart, Households and non-profit institutions serving households (S.14 and S.15) sector, denominated in Euro, data Neither seasonally nor working day adjusted",EUR,6
BSI.M.FR.N.A.A20.A.1.U2.2250.Z01.E,M,FR,N,A,A20,A,1,U2,2250,Z01,E,2019-06,1323829,A,F,,,P1M,,E,,,,,,,,,2,,,"Loans to euro area households granted by MFIs excluding NCB, Stocks","France, Outstanding amounts at the end of the period (stocks), MFIs excluding ESCB reporting sector - Loans, Total maturity, All currencies combined - Euro area (changing composition) counterpart, Households and non-profit institutions serving households (S.14 and S.15) sector, denominated in Euro, data Neither seasonally nor working day adjusted",EUR,6
BSI.M.FR.N.A.A20.A.1.U2.2250.Z01.E,M,FR,N,A,A20,A,1,U2,2250,Z01,E,2019-07,1338731,A,F,,,P1M,,E,,,,,,,,,2,,,"Loans to euro area households granted by MFIs excluding NCB, Stocks","France, Outstanding amounts at the end of the period (stocks), MFIs excluding ESCB reporting sector - Loans, Total maturity, All currencies combined - Euro area (changing composition) counterpart, Households and non-profit institutions serving households (S.14 and S.15) sector, denominated in Euro, data Neither seasonally nor working day adjusted",EUR,6
BSI.M.FR.N.A.A20.A.1.U2.2250.Z01.E,M,FR,N,A,A20,A,1,U2,2250,Z01,E,2019-08,1343056,A,F,,,P1M,,E,,,,,,,,,2,,,"Loans to euro area households granted by MFIs excluding NCB, Stocks","France, Outstanding amounts at the end of the period (stocks), MFIs excluding ESCB reporting sector - Loans, Total maturity, All currencies combined - Euro area (changing composition) counterpart, Households and non-profit institutions serving households (S.14 and S.15) sector, denominated in Euro, data Neither seasonally nor working day adjusted",EUR,6
BSI.M.FR.N.A.A20.A.1.U2.2250.Z01.E,M,FR,N,A,A20,A,1,U2,2250,Z01,E,2019-09,1351412,A,F,,,P1M,,E,,,,,,,,,2,,,"Loans to euro area households granted by MFIs excluding NCB, Stocks","France, Outstanding amounts at the end of the period (stocks), MFIs excluding ESCB reporting sector - Loans, Total maturity, All currencies combined - Euro area (changing composition) counterpart, Households and non-profit institutions serving households (S.14 and S.15) sector, denominated in Euro, data Neither seasonally nor working day adjusted",EUR,6
BSI.M.FR.N.A.A20.A.1.U2.2250.Z01.E,M,FR,N,A,A20,A,1,U2,2250,Z01,E,2019-10,1360516,A,F,,,P1M,,E,,,,,,,,,2,,,"Loans to euro area households granted by MFIs excluding NCB, Stocks","France, Outstanding amounts at the end of the period (stocks), MFIs excluding ESCB reporting sector - Loans, Total maturity, All currencies combined - Euro area (changing composition) counterpart, Households and non-profit institutions serving households (S.14 and S.15) sector, denominated in Euro, data Neither seasonally nor working day adjusted",EUR,6
BSI.M.FR.N.A.A20.A.1.U2.2250.Z01.E,M,FR,N,A,A20,A,1,U2,2250,Z01,E,2019-11,1364587,A,F,,,P1M,,E,,,,,,,,,2,,,"Loans to euro area households granted by MFIs excluding NCB, Stocks","France, Outstanding amounts at the end of the period (stocks), MFIs excluding ESCB reporting sector - Loans, Total maturity, All currencies combined - Euro area (changing composition) counterpart, Households and non-profit institutions serving households (S.14 and S.15) sector, denominated in Euro, data Neither seasonally nor working day adjusted",EUR,6
BSI.M.FR.N.A.A20.A.1.U2.2250.Z01.E,M,FR,N,A,A20,A,1,U2,2250,Z01,E,2019-12,1376176,A,F,,,P1M,,E,,,,,,,,,2,,,"Loans to euro area households granted by MFIs excluding NCB, Stocks","France, Outstanding amounts at the end of the period (stocks), MFIs excluding ESCB reporting sector - Loans, Total maturity, All currencies combined - Euro area (changing composition) counterpart, Households and non-profit institutions serving households (S.14 and S.15) sector, denominated in Euro, data Neither seasonally nor working day adjusted",EUR,6
BSI.M.FR.N.A.A20.A.1.U2.2250.Z01.E,M,FR,N,A,A20,A,1,U2,2250,Z01,E,2020-01,1382709,A,F,,,P1M,,E,,,,,,,,,2,,,"Loans to euro area households granted by MFIs excluding NCB, Stocks","France, Outstanding amounts at the end of the period (stocks), MFIs excluding ESCB reporting sector - Loans, Total maturity, All currencies combined - Euro area (changing composition) counterpart, Households and non-profit institutions serving households (S.14 and S.15) sector, denominated in Euro, data Neither seasonally nor working day adjusted",EUR,6
BSI.M.FR.N.A.A20.A.1.U2.2250.Z01.E,M,FR,N,A,A20,A,1,U2,2250,Z01,E,2020-02,1387920,A,F,,,P1M,,E,,,,,,,,,2,,,"Loans to euro area households granted by MFIs excluding NCB, Stocks","France, Outstanding amounts at the end of the period (stocks), MFIs excluding ESCB reporting sector - Loans, Total maturity, All currencies combined - Euro area (changing composition) counterpart, Households and non-profit institutions serving households (S.14 and S.15) sector, denominated in Euro, data Neither seasonally nor working day adjusted",EUR,6
BSI.M.FR.N.A.A20.A.1.U2.2250.Z01.E,M,FR,N,A,A20,A,1,U2,2250,Z01,E,2020-03,1385510,A,F,,,P1M,,E,,,,,,,,,2,,,"Loans to euro area households granted by MFIs excluding NCB, Stocks","France, Outstanding amounts at the end of the period (stocks), MFIs excluding ESCB reporting sector - Loans, Total maturity, All currencies combined - Euro area (changing composition) counterpart, Households and non-profit institutions serving households (S.14 and S.15) sector, denominated in Euro, data Neither seasonally nor working day adjusted",EUR,6
BSI.M.FR.N.A.A20.A.1.U2.2250.Z01.E,M,FR,N,A,A20,A,1,U2,2250,Z01,E,2020-04,1381074,A,F,,,P1M,,E,,,,,,,,,2,,,"Loans to euro area households granted by MFIs excluding NCB, Stocks","France, Outstanding amounts at the end of the period (stocks), MFIs excluding ESCB reporting sector - Loans, Total maturity, All currencies combined - Euro area (changing composition) counterpart, Households and non-profit institutions serving households (S.14 and S.15) sector, denominated in Euro, data Neither seasonally nor working day adjusted",EUR,6
BSI.M.FR.N.A.A20.A.1.U2.2250.Z01.E,M,FR,N,A,A20,A,1,U2,2250,Z01,E,2020-05,1389377,A,F,,,P1M,,E,,,,,,,,,2,,,"Loans to euro area households granted by MFIs excluding NCB, Stocks","France, Outstanding amounts at the end of the period (stocks), MFIs excluding ESCB reporting sector - Loans, Total maturity, All currencies combined - Euro area (changing composition) counterpart, Households and non-profit institutions serving households (S.14 and S.15) sector, denominated in Euro, data Neither seasonally nor working day adjusted",EUR,6
BSI.M.FR.N.A.A20.A.1.U2.2250.Z01.E,M,FR,N,A,A20,A,1,U2,2250,Z01,E,2020-06,1399814,A,F,,,P1M,,E,,,,,,,,,2,,,"Loans to euro area households granted by MFIs excluding NCB, Stocks","France, Outstanding amounts at the end of the period (stocks), MFIs excluding ESCB reporting sector - Loans, Total maturity, All currencies combined - Euro area (changing composition) counterpart, Households and non-profit institutions serving households (S.14 and S.15) sector, denominated in Euro, data Neither seasonally nor working day adjusted",EUR,6
BSI.M.FR.N.A.A20.A.1.U2.2250.Z01.E,M,FR,N,A,A20,A,1,U2,2250,Z01,E,2020-07,1409889,A,F,,,P1M,,E,,,,,,,,,2,,,"Loans to euro area households granted by MFIs excluding NCB, Stocks","France, Outstanding amounts at the end of the period (stocks), MFIs excluding ESCB reporting sector - Loans, Total maturity, All currencies combined - Euro area (changing composition) counterpart, Households and non-profit institutions serving households (S.14 and S.15) sector, denominated in Euro, data Neither seasonally nor working day adjusted",EUR,6
BSI.M.FR.N.A.A20.A.1.U2.2250.Z01.E,M,FR,N,A,A20,A,1,U2,2250,Z01,E,2020-08,1414668,A,F,,,P1M,,E,,,,,,,,,2,,,"Loans to euro area households granted by MFIs excluding NCB, Stocks","France, Outstanding amounts at the end of the period (stocks), MFIs excluding ESCB reporting sector - Loans, Total maturity, All currencies combined - Euro area (changing composition) counterpart, Households and non-profit institutions serving households (S.14 and S.15) sector, denominated in Euro, data Neither seasonally nor working day adjusted",EUR,6
BSI.M.FR.N.A.A20.A.1.U2.2250.Z01.E,M,FR,N,A,A20,A,1,U2,2250,Z01,E,2020-09,1431928,A,F,,,P1M,,E,,,,,,,,,2,,,"Loans to euro area households granted by MFIs excluding NCB, Stocks","France, Outstanding amounts at the end of the period (stocks), MFIs excluding ESCB reporting sector - Loans, Total maturity, All currencies combined - Euro area (changing composition) counterpart, Households and non-profit institutions serving households (S.14 and S.15) sector, denominated in Euro, data Neither seasonally nor working day adjusted",EUR,6
BSI.M.FR.N.A.A20.A.1.U2.2250.Z01.E,M,FR,N,A,A20,A,1,U2,2250,Z01,E,2020-10,1440580,A,F,,,P1M,,E,,,,,,,,,2,,,"Loans to euro area households granted by MFIs excluding NCB, Stocks","France, Outstanding amounts at the end of the period (stocks), MFIs excluding ESCB reporting sector - Loans, Total maturity, All currencies combined - Euro area (changing composition) counterpart, Households and non-profit institutions serving households (S.14 and S.15) sector, denominated in Euro, data Neither seasonally nor working day adjusted",EUR,6
BSI.M.FR.N.A.A20.A.1.U2.2250.Z01.E,M,FR,N,A,A20,A,1,U2,2250,Z01,E,2020-11,1442933,A,F,,,P1M,,E,,,,,,,,,2,,,"Loans to euro area households granted by MFIs excluding NCB, Stocks","France, Outstanding amounts at the end of the period (stocks), MFIs excluding ESCB reporting sector - Loans, Total maturity, All currencies combined - Euro area (changing composition) counterpart, Households and non-profit institutions serving households (S.14 and S.15) sector, denominated in Euro, data Neither seasonally nor working day adjusted",EUR,6
BSI.M.FR.N.A.A20.A.1.U2.2250.Z01.E,M,FR,N,A,A20,A,1,U2,2250,Z01,E,2020-12,1454457,A,F,,,P1M,,E,,,,,,,,,2,,,"Loans to euro area households granted by MFIs excluding NCB, Stocks","France, Outstanding amounts at the end of the period (stocks), MFIs excluding ESCB reporting sector - Loans, Total maturity, All currencies combined - Euro area (changing composition) counterpart, Households and non-profit institutions serving households (S.14 and S.15) sector, denominated in Euro, data Neither seasonally nor working day adjusted",EUR,6
BSI.M.FR.N.A.A20.A.1.U2.2250.Z01.E,M,FR,N,A,A20,A,1,U2,2250,Z01,E,2021-01,1456372,A,F,,,P1M,,E,,,,,,,,,2,,,"Loans to euro area households granted by MFIs excluding NCB, Stocks","France, Outstanding amounts at the end of the period (stocks), MFIs excluding ESCB reporting sector - Loans, Total maturity, All currencies combined - Euro area (changing composition) counterpart, Households and non-profit institutions serving households (S.14 and S.15) sector, denominated in Euro, data Neither seasonally nor working day adjusted",EUR,6
BSI.M.FR.N.A.A20.A.1.U2.2250.Z01.E,M,FR,N,A,A20,A,1,U2,2250,Z01,E,2021-02,1460162,A,F,,,P1M,,E,,,,,,,,,2,,,"Loans to euro area households granted by MFIs excluding NCB, Stocks","France, Outstanding amounts at the end of the period (stocks), MFIs excluding ESCB reporting sector - Loans, Total maturity, All currencies combined - Euro area (changing composition) counterpart, Households and non-profit institutions serving households (S.14 and S.15) sector, denominated in Euro, data Neither seasonally nor working day adjusted",EUR,6
BSI.M.FR.N.A.A20.A.1.U2.2250.Z01.E,M,FR,N,A,A20,A,1,U2,2250,Z01,E,2021-03,1464035,A,F,,,P1M,,E,,,,,,,,,2,,,"Loans to euro area households granted by MFIs excluding NCB, Stocks","France, Outstanding amounts at the end of the period (stocks), MFIs excluding ESCB reporting sector - Loans, Total maturity, All currencies combined - Euro area (changing composition) counterpart, Households and non-profit institutions serving households (S.14 and S.15) sector, denominated in Euro, data Neither seasonally nor working day adjusted",EUR,6
BSI.M.FR.N.A.A20.A.1.U2.2250.Z01.E,M,FR,N,A,A20,A,1,U2,2250,Z01,E,2021-04,1470041,A,F,,,P1M,,E,,,,,,,,,2,,,"Loans to euro area households granted by MFIs excluding NCB, Stocks","France, Outstanding amounts at the end of the period (stocks), MFIs excluding ESCB reporting sector - Loans, Total maturity, All currencies combined - Euro area (changing composition) counterpart, Households and non-profit institutions serving households (S.14 and S.15) sector, denominated in Euro, data Neither seasonally nor working day adjusted",EUR,6
BSI.M.FR.N.A.A20.A.1.U2.2250.Z01.E,M,FR,N,A,A20,A,1,U2,2250,Z01,E,2021-05,1477248,A,F,,,P1M,,E,,,,,,,,,2,,,"Loans to euro area households granted by MFIs excluding NCB, Stocks","France, Outstanding amounts at the end of the period (stocks), MFIs excluding ESCB reporting sector - Loans, Total maturity, All currencies combined - Euro area (changing composition) counterpart, Households and non-profit institutions serving households (S.14 and S.15) sector, denominated in Euro, data Neither seasonally nor working day adjusted",EUR,6
BSI.M.FR.N.A.A20.A.1.U2.2250.Z01.E,M,FR,N,A,A20,A,1,U2,2250,Z01,E,2021-06,1488449,A,F,,,P1M,,E,,,,,,,,,2,,,"Loans to euro area households granted by MFIs excluding NCB, Stocks","France, Outstanding amounts at the end of the period (stocks), MFIs excluding ESCB reporting sector - Loans, Total maturity, All currencies combined - Euro area (changing composition) counterpart, Households and non-profit institutions serving households (S.14 and S.15) sector, denominated in Euro, data Neither seasonally nor working day adjusted",EUR,6
BSI.M.FR.N.A.A20.A.1.U2.2250.Z01.E,M,FR,N,A,A20,A,1,U2,2250,Z01,E,2021-07,1503080,A,F,,,P1M,,E,,,,,,,,,2,,,"Loans to euro area households granted by MFIs excluding NCB, Stocks","France, Outstanding amounts at the end of the period (stocks), MFIs excluding ESCB reporting sector - Loans, Total maturity, All currencies combined - Euro area (changing composition) counterpart, Households and non-profit institutions serving households (S.14 and S.15) sector, denominated in Euro, data Neither seasonally nor working day adjusted",EUR,6
BSI.M.FR.N.A.A20.A.1.U2.2250.Z01.E,M,FR,N,A,A20,A,1,U2,2250,Z01,E,2021-08,1506735,A,F,,,P1M,,E,,,,,,,,,2,,,"Loans to euro area households granted by MFIs excluding NCB, Stocks","France, Outstanding amounts at the end of the period (stocks), MFIs excluding ESCB reporting sector - Loans, Total maturity, All currencies combined - Euro area (changing composition) counterpart, Households and non-profit institutions serving households (S.14 and S.15) sector, denominated in Euro, data Neither seasonally nor working day adjusted",EUR,6
BSI.M.FR.N.A.A20.A.1.U2.2250.Z01.E,M,FR,N,A,A20,A,1,U2,2250,Z01,E,2021-09,1515062,A,F,,,P1M,,E,,,,,,,,,2,,,"Loans to euro area households granted by MFIs excluding NCB, Stocks","France, Outstanding amounts at the end of the period (stocks), MFIs excluding ESCB reporting sector - Loans, Total maturity, All currencies combined - Euro area (changing composition) counterpart, Households and non-profit institutions serving households (S.14 and S.15) sector, denominated in Euro, data Neither seasonally nor working day adjusted",EUR,6
BSI.M.FR.N.A.A20.A.1.U2.2250.Z01.E,M,FR,N,A,A20,A,1,U2,2250,Z01,E,2021-10,1520982,A,F,,,P1M,,E,,,,,,,,,2,,,"Loans to euro area households granted by MFIs excluding NCB, Stocks","France, Outstanding amounts at the end of the period (stocks), MFIs excluding ESCB reporting sector - Loans, Total maturity, All currencies combined - Euro area (changing composition) counterpart, Households and non-profit institutions serving households (S.14 and S.15) sector, denominated in Euro, data Neither seasonally nor working day adjusted",EUR,6
BSI.M.FR.N.A.A20.A.1.U2.2250.Z01.E,M,FR,N,A,A20,A,1,U2,2250,Z01,E,2021-11,1527604,A,F,,,P1M,,E,,,,,,,,,2,,,"Loans to euro area households granted by MFIs excluding NCB, Stocks","France, Outstanding amounts at the end of the period (stocks), MFIs excluding ESCB reporting sector - Loans, Total maturity, All currencies combined - Euro area (changing composition) counterpart, Households and non-profit institutions serving households (S.14 and S.15) sector, denominated in Euro, data Neither seasonally nor working day adjusted",EUR,6
BSI.M.FR.N.A.A20.A.1.U2.2250.Z01.E,M,FR,N,A,A20,A,1,U2,2250,Z01,E,2021-12,1535157,A,F,,,P1M,,E,,,,,,,,,2,,,"Loans to euro area households granted by MFIs excluding NCB, Stocks","France, Outstanding amounts at the end of the period (stocks), MFIs excluding ESCB reporting sector - Loans, Total maturity, All currencies combined - Euro area (changing composition) counterpart, Households and non-profit institutions serving households (S.14 and S.15) sector, denominated in Euro, data Neither seasonally nor working day adjusted",EUR,6
BSI.M.FR.N.A.A20.A.1.U2.2250.Z01.E,M,FR,N,A,A20,A,1,U2,2250,Z01,E,2022-01,1542896,A,F,,,P1M,,E,,,,,,,,,2,,,"Loans to euro area households granted by MFIs excluding NCB, Stocks","France, Outstanding amounts at the end of the period (stocks), MFIs excluding ESCB reporting sector - Loans, Total maturity, All currencies combined - Euro area (changing composition) counterpart, Households and non-profit institutions serving households (S.14 and S.15) sector, denominated in Euro, data Neither seasonally nor working day adjusted",EUR,6
BSI.M.FR.N.A.A20.A.1.U2.2250.Z01.E,M,FR,N,A,A20,A,1,U2,2250,Z01,E,2022-02,1540997,A,F,,,P1M,,E,,,,,,,,,2,,,"Loans to euro area households granted by MFIs excluding NCB, Stocks","France, Outstanding amounts at the end of the period (stocks), MFIs excluding ESCB reporting sector - Loans, Total maturity, All currencies combined - Euro area (changing composition) counterpart, Households and non-profit institutions serving households (S.14 and S.15) sector, denominated in Euro, data Neither seasonally nor working day adjusted",EUR,6
BSI.M.FR.N.A.A20.A.1.U2.2250.Z01.E,M,FR,N,A,A20,A,1,U2,2250,Z01,E,2022-03,1547224,A,F,,,P1M,,E,,,,,,,,,2,,,"Loans to euro area households granted by MFIs excluding NCB, Stocks","France, Outstanding amounts at the end of the period (stocks), MFIs excluding ESCB reporting sector - Loans, Total maturity, All currencies combined - Euro area (changing composition) counterpart, Households and non-profit institutions serving households (S.14 and S.15) sector, denominated in Euro, data Neither seasonally nor working day adjusted",EUR,6
BSI.M.FR.N.A.A20.A.1.U2.2250.Z01.E,M,FR,N,A,A20,A,1,U2,2250,Z01,E,2022-04,1546523,A,F,,,P1M,,E,,,,,,,,,2,,,"Loans to euro area households granted by MFIs excluding NCB, Stocks","France, Outstanding amounts at the end of the period (stocks), MFIs excluding ESCB reporting sector - Loans, Total maturity, All currencies combined - Euro area (changing composition) counterpart, Households and non-profit institutions serving households (S.14 and S.15) sector, denominated in Euro, data Neither seasonally nor working day adjusted",EUR,6
BSI.M.FR.N.A.A20.A.1.U2.2250.Z01.E,M,FR,N,A,A20,A,1,U2,2250,Z01,E,2022-05,1556615,A,F,,,P1M,,E,,,,,,,,,2,,,"Loans to euro area households granted by MFIs excluding NCB, Stocks","France, Outstanding amounts at the end of the period (stocks), MFIs excluding ESCB reporting sector - Loans, Total maturity, All currencies combined - Euro area (changing composition) counterpart, Households and non-profit institutions serving households (S.14 and S.15) sector, denominated in Euro, data Neither seasonally nor working day adjusted",EUR,6
BSI.M.FR.N.A.A20.A.1.U2.2250.Z01.E,M,FR,N,A,A20,A,1,U2,2250,Z01,E,2022-06,1569007,A,F,,,P1M,,E,,,,,,,,,2,,,"Loans to euro area households granted by MFIs excluding NCB, Stocks","France, Outstanding amounts at the end of the period (stocks), MFIs excluding ESCB reporting sector - Loans, Total maturity, All currencies combined - Euro area (changing composition) counterpart, Households and non-profit institutions serving households (S.14 and S.15) sector, denominated in Euro, data Neither seasonally nor working day adjusted",EUR,6
BSI.M.FR.N.A.A20.A.1.U2.2250.Z01.E,M,FR,N,A,A20,A,1,U2,2250,Z01,E,2022-07,1580265,A,F,,,P1M,,E,,,,,,,,,2,,,"Loans to euro area households granted by MFIs excluding NCB, Stocks","France, Outstanding amounts at the end of the period (stocks), MFIs excluding ESCB reporting sector - Loans, Total maturity, All currencies combined - Euro area (changing composition) counterpart, Households and non-profit institutions serving households (S.14 and S.15) sector, denominated in Euro, data Neither seasonally nor working day adjusted",EUR,6
BSI.M.FR.N.A.A20.A.1.U2.2250.Z01.E,M,FR,N,A,A20,A,1,U2,2250,Z01,E,2022-08,1584329,A,F,,,P1M,,E,,,,,,,,,2,,,"Loans to euro area households granted by MFIs excluding NCB, Stocks","France, Outstanding amounts at the end of the period (stocks), MFIs excluding ESCB reporting sector - Loans, Total maturity, All currencies combined - Euro area (changing composition) counterpart, Households and non-profit institutions serving households (S.14 and S.15) sector, denominated in Euro, data Neither seasonally nor working day adjusted",EUR,6
BSI.M.FR.N.A.A20.A.1.U2.2250.Z01.E,M,FR,N,A,A20,A,1,U2,2250,Z01,E,2022-09,1592930,A,F,,,P1M,,E,,,,,,,,,2,,,"Loans to euro area households granted by MFIs excluding NCB, Stocks","France, Outstanding amounts at the end of the period (stocks), MFIs excluding ESCB reporting sector - Loans, Total maturity, All currencies combined - Euro area (changing composition) counterpart, Households and non-profit institutions serving households (S.14 and S.15) sector, denominated in Euro, data Neither seasonally nor working day adjusted",EUR,6
BSI.M.FR.N.A.A20.A.1.U2.2250.Z01.E,M,FR,N,A,A20,A,1,U2,2250,Z01,E,2022-10,1596349,A,F,,,P1M,,E,,,,,,,,,2,,,"Loans to euro area households granted by MFIs excluding NCB, Stocks","France, Outstanding amounts at the end of the period (stocks), MFIs excluding ESCB reporting sector - Loans, Total maturity, All currencies combined - Euro area (changing composition) counterpart, Households and non-profit institutions serving households (S.14 and S.15) sector, denominated in Euro, data Neither seasonally nor working day adjusted",EUR,6
BSI.M.FR.N.A.A20.A.1.U2.2250.Z01.E,M,FR,N,A,A20,A,1,U2,2250,Z01,E,2022-11,1597594,A,F,,,P1M,,E,,,,,,,,,2,,,"Loans to euro area households granted by MFIs excluding NCB, Stocks","France, Outstanding amounts at the end of the period (stocks), MFIs excluding ESCB reporting sector - Loans, Total maturity, All currencies combined - Euro area (changing composition) counterpart, Households and non-profit institutions serving households (S.14 and S.15) sector, denominated in Euro, data Neither seasonally nor working day adjusted",EUR,6
BSI.M.FR.N.A.A20.A.1.U2.2250.Z01.E,M,FR,N,A,A20,A,1,U2,2250,Z01,E,2022-12,1602226,A,F,,,P1M,,E,,,,,,,,,2,,,"Loans to euro area households granted by MFIs excluding NCB, Stocks","France, Outstanding amounts at the end of the period (stocks), MFIs excluding ESCB reporting sector - Loans, Total maturity, All currencies combined - Euro area (changing composition) counterpart, Households and non-profit institutions serving households (S.14 and S.15) sector, denominated in Euro, data Neither seasonally nor working day adjusted",EUR,6
BSI.M.FR.N.A.A20.A.1.U2.2250.Z01.E,M,FR,N,A,A20,A,1,U2,2250,Z01,E,2023-01,1599470,A,F,,,P1M,,E,,,,,,,,,2,,,"Loans to euro area households granted by MFIs excluding NCB, Stocks","France, Outstanding amounts at the end of the period (stocks), MFIs excluding ESCB reporting sector - Loans, Total maturity, All currencies combined - Euro area (changing composition) counterpart, Households and non-profit institutions serving households (S.14 and S.15) sector, denominated in Euro, data Neither seasonally nor working day adjusted",EUR,6
BSI.M.FR.N.A.A20.A.1.U2.2250.Z01.E,M,FR,N,A,A20,A,1,U2,2250,Z01,E,2023-02,1601022,A,F,,,P1M,,E,,,,,,,,,2,,,"Loans to euro area households granted by MFIs excluding NCB, Stocks","France, Outstanding amounts at the end of the period (stocks), MFIs excluding ESCB reporting sector - Loans, Total maturity, All currencies combined - Euro area (changing composition) counterpart, Households and non-profit institutions serving households (S.14 and S.15) sector, denominated in Euro, data Neither seasonally nor working day adjusted",EUR,6
BSI.M.FR.N.A.A20.A.1.U2.2250.Z01.E,M,FR,N,A,A20,A,1,U2,2250,Z01,E,2023-03,1606259,A,F,,,P1M,,E,,,,,,,,,2,,,"Loans to euro area households granted by MFIs excluding NCB, Stocks","France, Outstanding amounts at the end of the period (stocks), MFIs excluding ESCB reporting sector - Loans, Total maturity, All currencies combined - Euro area (changing composition) counterpart, Households and non-profit institutions serving households (S.14 and S.15) sector, denominated in Euro, data Neither seasonally nor working day adjusted",EUR,6
BSI.M.FR.N.A.A20.A.1.U2.2250.Z01.E,M,FR,N,A,A20,A,1,U2,2250,Z01,E,2023-04,1605235,A,F,,,P1M,,E,,,,,,,,,2,,,"Loans to euro area households granted by MFIs excluding NCB, Stocks","France, Outstanding amounts at the end of the period (stocks), MFIs excluding ESCB reporting sector - Loans, Total maturity, All currencies combined - Euro area (changing composition) counterpart, Households and non-profit institutions serving households (S.14 and S.15) sector, denominated in Euro, data Neither seasonally nor working day adjusted",EUR,6
BSI.M.FR.N.A.A20.A.1.U2.2250.Z01.E,M,FR,N,A,A20,A,1,U2,2250,Z01,E,2023-05,1574546,A,F,,,P1M,,E,,,,,,,,,2,,,"Loans to euro area households granted by MFIs excluding NCB, Stocks","France, Outstanding amounts at the end of the period (stocks), MFIs excluding ESCB reporting sector - Loans, Total maturity, All currencies combined - Euro area (changing composition) counterpart, Households and non-profit institutions serving households (S.14 and S.15) sector, denominated in Euro, data Neither seasonally nor working day adjusted",EUR,6
BSI.M.FR.N.A.A20.A.1.U2.2250.Z01.E,M,FR,N,A,A20,A,1,U2,2250,Z01,E,2023-06,1580651,A,F,,,P1M,,E,,,,,,,,,2,,,"Loans to euro area households granted by MFIs excluding NCB, Stocks","France, Outstanding amounts at the end of the period (stocks), MFIs excluding ESCB reporting sector - Loans, Total maturity, All currencies combined - Euro area (changing composition) counterpart, Households and non-profit institutions serving households (S.14 and S.15) sector, denominated in Euro, data Neither seasonally nor working day adjusted",EUR,6
BSI.M.FR.N.A.A20.A.1.U2.2250.Z01.E,M,FR,N,A,A20,A,1,U2,2250,Z01,E,2023-07,1584507,A,F,,,P1M,,E,,,,,,,,,2,,,"Loans to euro area households granted by MFIs excluding NCB, Stocks","France, Outstanding amounts at the end of the period (stocks), MFIs excluding ESCB reporting sector - Loans, Total maturity, All currencies combined - Euro area (changing composition) counterpart, Households and non-profit institutions serving households (S.14 and S.15) sector, denominated in Euro, data Neither seasonally nor working day adjusted",EUR,6
BSI.M.FR.N.A.A20.A.1.U2.2250.Z01.E,M,FR,N,A,A20,A,1,U2,2250,Z01,E,2023-08,1583529,A,F,,,P1M,,E,,,,,,,,,2,,,"Loans to euro area households granted by MFIs excluding NCB, Stocks","France, Outstanding amounts at the end of the period (stocks), MFIs excluding ESCB reporting sector - Loans, Total maturity, All currencies combined - Euro area (changing composition) counterpart, Households and non-profit institutions serving households (S.14 and S.15) sector, denominated in Euro, data Neither seasonally nor working day adjusted",EUR,6
BSI.M.FR.N.A.A20.A.1.U2.2250.Z01.E,M,FR,N,A,A20,A,1,U2,2250,Z01,E,2023-09,1584670,A,F,,,P1M,,E,,,,,,,,,2,,,"Loans to euro area households granted by MFIs excluding NCB, Stocks","France, Outstanding amounts at the end of the period (stocks), MFIs excluding ESCB reporting sector - Loans, Total maturity, All currencies combined - Euro area (changing composition) counterpart, Households and non-profit institutions serving households (S.14 and S.15) sector, denominated in Euro, data Neither seasonally nor working day adjusted",EUR,6
BSI.M.FR.N.A.A20.A.1.U2.2250.Z01.E,M,FR,N,A,A20,A,1,U2,2250,Z01,E,2023-10,1599759,A,F,,,P1M,,E,,,,,,,,,2,,,"Loans to euro area households granted by MFIs excluding NCB, Stocks","France, Outstanding amounts at the end of the period (stocks), MFIs excluding ESCB reporting sector - Loans, Total maturity, All currencies combined - Euro area (changing composition) counterpart, Households and non-profit institutions serving households (S.14 and S.15) sector, denominated in Euro, data Neither seasonally nor working day adjusted",EUR,6
BSI.M.FR.N.A.A20.A.1.U2.2250.Z01.E,M,FR,N,A,A20,A,1,U2,2250,Z01,E,2023-11,1597797,A,F,,,P1M,,E,,,,,,,,,2,,,"Loans to euro area households granted by MFIs excluding NCB, Stocks","France, Outstanding amounts at the end of the period (stocks), MFIs excluding ESCB reporting sector - Loans, Total maturity, All currencies combined - Euro area (changing composition) counterpart, Households and non-profit institutions serving households (S.14 and S.15) sector, denominated in Euro, data Neither seasonally nor working day adjusted",EUR,6
BSI.M.FR.N.A.A20.A.1.U2.2250.Z01.E,M,FR,N,A,A20,A,1,U2,2250,Z01,E,2023-12,1596690,A,F,,,P1M,,E,,,,,,,,,2,,,"Loans to euro area households granted by MFIs excluding NCB, Stocks","France, Outstanding amounts at the end of the period (stocks), MFIs excluding ESCB reporting sector - Loans, Total maturity, All currencies combined - Euro area (changing composition) counterpart, Households and non-profit institutions serving households (S.14 and S.15) sector, denominated in Euro, data Neither seasonally nor working day adjusted",EUR,6
BSI.M.FR.N.A.A20.A.1.U2.2250.Z01.E,M,FR,N,A,A20,A,1,U2,2250,Z01,E,2024-01,1576694,A,F,,,P1M,,E,,,,,,,,,2,,,"Loans to euro area households granted by MFIs excluding NCB, Stocks","France, Outstanding amounts at the end of the period (stocks), MFIs excluding ESCB reporting sector - Loans, Total maturity, All currencies combined - Euro area (changing composition) counterpart, Households and non-profit institutions serving households (S.14 and S.15) sector, denominated in Euro, data Neither seasonally nor working day adjusted",EUR,6
BSI.M.FR.N.A.A20.A.1.U2.2250.Z01.E,M,FR,N,A,A20,A,1,U2,2250,Z01,E,2024-02,1573707,A,F,,,P1M,,E,,,,,,,,,2,,,"Loans to euro area households granted by MFIs excluding NCB, Stocks","France, Outstanding amounts at the end of the period (stocks), MFIs excluding ESCB reporting sector - Loans, Total maturity, All currencies combined - Euro area (changing composition) counterpart, Households and non-profit institutions serving households (S.14 and S.15) sector, denominated in Euro, data Neither seasonally nor working day adjusted",EUR,6
BSI.M.FR.N.A.A20.A.1.U2.2250.Z01.E,M,FR,N,A,A20,A,1,U2,2250,Z01,E,2024-03,1574362,A,F,,,P1M,,E,,,,,,,,,2,,,"Loans to euro area households granted by MFIs excluding NCB, Stocks","France, Outstanding amounts at the end of the period (stocks), MFIs excluding ESCB reporting sector - Loans, Total maturity, All currencies combined - Euro area (changing composition) counterpart, Households and non-profit institutions serving households (S.14 and S.15) sector, denominated in Euro, data Neither seasonally nor working day adjusted",EUR,6
BSI.M.FR.N.A.A20.A.1.U2.2250.Z01.E,M,FR,N,A,A20,A,1,U2,2250,Z01,E,2024-04,1571624,A,F,,,P1M,,E,,,,,,,,,2,,,"Loans to euro area households granted by MFIs excluding NCB, Stocks","France, Outstanding amounts at the end of the period (stocks), MFIs excluding ESCB reporting sector - Loans, Total maturity, All currencies combined - Euro area (changing composition) counterpart, Households and non-profit institutions serving households (S.14 and S.15) sector, denominated in Euro, data Neither seasonally nor working day adjusted",EUR,6
BSI.M.FR.N.A.A20.A.1.U2.2250.Z01.E,M,FR,N,A,A20,A,1,U2,2250,Z01,E,2024-05,1566674,A,F,,,P1M,,E,,,,,,,,,2,,,"Loans to euro area households granted by MFIs excluding NCB, Stocks","France, Outstanding amounts at the end of the period (stocks), MFIs excluding ESCB reporting sector - Loans, Total maturity, All currencies combined - Euro area (changing composition) counterpart, Households and non-profit institutions serving households (S.14 and S.15) sector, denominated in Euro, data Neither seasonally nor working day adjusted",EUR,6
BSI.M.FR.N.A.A20.A.1.U2.2250.Z01.E,M,FR,N,A,A20,A,1,U2,2250,Z01,E,2024-06,1566392,A,F,,,P1M,,E,,,,,,,,,2,,,"Loans to euro area households granted by MFIs excluding NCB, Stocks","France, Outstanding amounts at the end of the period (stocks), MFIs excluding ESCB reporting sector - Loans, Total maturity, All currencies combined - Euro area (changing composition) counterpart, Households and non-profit institutions serving households (S.14 and S.15) sector, denominated in Euro, data Neither seasonally nor working day adjusted",EUR,6
BSI.M.FR.N.A.A20.A.1.U2.2250.Z01.E,M,FR,N,A,A20,A,1,U2,2250,Z01,E,2024-07,1571385,A,F,,,P1M,,E,,,,,,,,,2,,,"Loans to euro area households granted by MFIs excluding NCB, Stocks","France, Outstanding amounts at the end of the period (stocks), MFIs excluding ESCB reporting sector - Loans, Total maturity, All currencies combined - Euro area (changing composition) counterpart, Households and non-profit institutions serving households (S.14 and S.15) sector, denominated in Euro, data Neither seasonally nor working day adjusted",EUR,6
BSI.M.FR.N.A.A20.A.1.U2.2250.Z01.E,M,FR,N,A,A20,A,1,U2,2250,Z01,E,2024-08,1568683,A,F,,,P1M,,E,,,,,,,,,2,,,"Loans to euro area households granted by MFIs excluding NCB, Stocks","France, Outstanding amounts at the end of the period (stocks), MFIs excluding ESCB reporting sector - Loans, Total maturity, All currencies combined - Euro area (changing composition) counterpart, Households and non-profit institutions serving households (S.14 and S.15) sector, denominated in Euro, data Neither seasonally nor working day adjusted",EUR,6
BSI.M.FR.N.A.A20.A.1.U2.2250.Z01.E,M,FR,N,A,A20,A,1,U2,2250,Z01,E,2024-09,1569310,A,F,,,P1M,,E,,,,,,,,,2,,,"Loans to euro area households granted by MFIs excluding NCB, Stocks","France, Outstanding amounts at the end of the period (stocks), MFIs excluding ESCB reporting sector - Loans, Total maturity, All currencies combined - Euro area (changing composition) counterpart, Households and non-profit institutions serving households (S.14 and S.15) sector, denominated in Euro, data Neither seasonally nor working day adjusted",EUR,6
BSI.M.FR.N.A.A20.A.1.U2.2250.Z01.E,M,FR,N,A,A20,A,1,U2,2250,Z01,E,2024-10,1563708,A,F,,,P1M,,E,,,,,,,,,2,,,"Loans to euro area households granted by MFIs excluding NCB, Stocks","France, Outstanding amounts at the end of the period (stocks), MFIs excluding ESCB reporting sector - Loans, Total maturity, All currencies combined - Euro area (changing composition) counterpart, Households and non-profit institutions serving households (S.14 and S.15) sector, denominated in Euro, data Neither seasonally nor working day adjusted",EUR,6
BSI.M.FR.N.A.A20.A.1.U2.2250.Z01.E,M,FR,N,A,A20,A,1,U2,2250,Z01,E,2024-11,1563093,A,F,,,P1M,,E,,,,,,,,,2,,,"Loans to euro area households granted by MFIs excluding NCB, Stocks","France, Outstanding amounts at the end of the period (stocks), MFIs excluding ESCB reporting sector - Loans, Total maturity, All currencies combined - Euro area (changing composition) counterpart, Households and non-profit institutions serving households (S.14 and S.15) sector, denominated in Euro, data Neither seasonally nor working day adjusted",EUR,6
BSI.M.FR.N.A.A20.A.1.U2.2250.Z01.E,M,FR,N,A,A20,A,1,U2,2250,Z01,E,2024-12,1567061,A,F,,,P1M,,E,,,,,,,,,2,,,"Loans to euro area households granted by MFIs excluding NCB, Stocks","France, Outstanding amounts at the end of the period (stocks), MFIs excluding ESCB reporting sector - Loans, Total maturity, All currencies combined - Euro area (changing composition) counterpart, Households and non-profit institutions serving households (S.14 and S.15) sector, denominated in Euro, data Neither seasonally nor working day adjusted",EUR,6
BSI.M.FR.N.A.A20.A.1.U2.2250.Z01.E,M,FR,N,A,A20,A,1,U2,2250,Z01,E,2025-01,1566324,A,F,,,P1M,,E,,,,,,,,,2,,,"Loans to euro area households granted by MFIs excluding NCB, Stocks","France, Outstanding amounts at the end of the period (stocks), MFIs excluding ESCB reporting sector - Loans, Total maturity, All currencies combined - Euro area (changing composition) counterpart, Households and non-profit institutions serving households (S.14 and S.15) sector, denominated in Euro, data Neither seasonally nor working day adjusted",EUR,6
BSI.M.FR.N.A.A20.A.1.U2.2250.Z01.E,M,FR,N,A,A20,A,1,U2,2250,Z01,E,2025-02,1565397,A,F,,,P1M,,E,,,,,,,,,2,,,"Loans to euro area households granted by MFIs excluding NCB, Stocks","France, Outstanding amounts at the end of the period (stocks), MFIs excluding ESCB reporting sector - Loans, Total maturity, All currencies combined - Euro area (changing composition) counterpart, Households and non-profit institutions serving households (S.14 and S.15) sector, denominated in Euro, data Neither seasonally nor working day adjusted",EUR,6
BSI.M.FR.N.A.A20.A.1.U2.2250.Z01.E,M,FR,N,A,A20,A,1,U2,2250,Z01,E,2025-03,1569005,A,F,,,P1M,,E,,,,,,,,,2,,,"Loans to euro area households granted by MFIs excluding NCB, Stocks","France, Outstanding amounts at the end of the period (stocks), MFIs excluding ESCB reporting sector - Loans, Total maturity, All currencies combined - Euro area (changing composition) counterpart, Households and non-profit institutions serving households (S.14 and S.15) sector, denominated in Euro, data Neither seasonally nor working day adjusted",EUR,6
BSI.M.FR.N.A.A20.A.1.U2.2250.Z01.E,M,FR,N,A,A20,A,1,U2,2250,Z01,E,2025-04,1569585,A,F,,,P1M,,E,,,,,,,,,2,,,"Loans to euro area households granted by MFIs excluding NCB, Stocks","France, Outstanding amounts at the end of the period (stocks), MFIs excluding ESCB reporting sector - Loans, Total maturity, All currencies combined - Euro area (changing composition) counterpart, Households and non-profit institutions serving households (S.14 and S.15) sector, denominated in Euro, data Neither seasonally nor working day adjusted",EUR,6
BSI.M.FR.N.A.A20.A.1.U2.2250.Z01.E,M,FR,N,A,A20,A,1,U2,2250,Z01,E,2025-05,1567026,A,F,,,P1M,,E,,,,,,,,,2,,,"Loans to euro area households granted by MFIs excluding NCB, Stocks","France, Outstanding amounts at the end of the period (stocks), MFIs excluding ESCB reporting sector - Loans, Total maturity, All currencies combined - Euro area (changing composition) counterpart, Households and non-profit institutions serving households (S.14 and S.15) sector, denominated in Euro, data Neither seasonally nor working day adjusted",EUR,6
BSI.M.FR.N.A.A20.A.1.U2.2250.Z01.E,M,FR,N,A,A20,A,1,U2,2250,Z01,E,2025-06,1570949,A,F,,,P1M,,E,,,,,,,,,2,,,"Loans to euro area households granted by MFIs excluding NCB, Stocks","France, Outstanding amounts at the end of the period (stocks), MFIs excluding ESCB reporting sector - Loans, Total maturity, All currencies combined - Euro area (changing composition) counterpart, Households and non-profit institutions serving households (S.14 and S.15) sector, denominated in Euro, data Neither seasonally nor working day adjusted",EUR,6
BSI.M.FR.N.A.A20.A.1.U2.2250.Z01.E,M,FR,N,A,A20,A,1,U2,2250,Z01,E,2025-07,1574602,A,F,,,P1M,,E,,,,,,,,,2,,,"Loans to euro area households granted by MFIs excluding NCB, Stocks","France, Outstanding amounts at the end of the period (stocks), MFIs excluding ESCB reporting sector - Loans, Total maturity, All currencies combined - Euro area (changing composition) counterpart, Households and non-profit institutions serving households (S.14 and S.15) sector, denominated in Euro, data Neither seasonally nor working day adjusted",EUR,6
BSI.M.FR.N.A.A20.A.1.U2.2250.Z01.E,M,FR,N,A,A20,A,1,U2,2250,Z01,E,2025-08,1572084,A,F,,,P1M,,E,,,,,,,,,2,,,"Loans to euro area households granted by MFIs excluding NCB, Stocks","France, Outstanding amounts at the end of the period (stocks), MFIs excluding ESCB reporting sector - Loans, Total maturity, All currencies combined - Euro area (changing composition) counterpart, Households and non-profit institutions serving households (S.14 and S.15) sector, denominated in Euro, data Neither seasonally nor working day adjusted",EUR,6
BSI.M.FR.N.A.A20.A.1.U2.2250.Z01.E,M,FR,N,A,A20,A,1,U2,2250,Z01,E,2025-09,1576271,A,F,,,P1M,,E,,,,,,,,,2,,,"Loans to euro area households granted by MFIs excluding NCB, Stocks","France, Outstanding amounts at the end of the period (stocks), MFIs excluding ESCB reporting sector - Loans, Total maturity, All currencies combined - Euro area (changing composition) counterpart, Households and non-profit institutions serving households (S.14 and S.15) sector, denominated in Euro, data Neither seasonally nor working day adjusted",EUR,6
BSI.M.FR.N.A.A20.A.1.U2.2250.Z01.E,M,FR,N,A,A20,A,1,U2,2250,Z01,E,2025-10,1568804,A,F,,,P1M,,E,,,,,,,,,2,,,"Loans to euro area households granted by MFIs excluding NCB, Stocks","France, Outstanding amounts at the end of the period (stocks), MFIs excluding ESCB reporting sector - Loans, Total maturity, All currencies combined - Euro area (changing composition) counterpart, Households and non-profit institutions serving households (S.14 and S.15) sector, denominated in Euro, data Neither seasonally nor working day adjusted",EUR,6
BSI.M.FR.N.A.A20.A.1.U2.2250.Z01.E,M,FR,N,A,A20,A,1,U2,2250,Z01,E,2025-11,1569426,A,F,,,P1M,,E,,,,,,,,,2,,,"Loans to euro area households granted by MFIs excluding NCB, Stocks","France, Outstanding amounts at the end of the period (stocks), MFIs excluding ESCB reporting sector - Loans, Total maturity, All currencies combined - Euro area (changing composition) counterpart, Households and non-profit institutions serving households (S.14 and S.15) sector, denominated in Euro, data Neither seasonally nor working day adjusted",EUR,6
BSI.M.FR.N.A.A20.A.1.U2.2250.Z01.E,M,FR,N,A,A20,A,1,U2,2250,Z01,E,2025-12,1574421,A,F,,,P1M,,E,,,,,,,,,2,,,"Loans to euro area households granted by MFIs excluding NCB, Stocks","France, Outstanding amounts at the end of the period (stocks), MFIs excluding ESCB reporting sector - Loans, Total maturity, All currencies combined - Euro area (changing composition) counterpart, Households and non-profit institutions serving households (S.14 and S.15) sector, denominated in Euro, data Neither seasonally nor working day adjusted",EUR,6
BSI.M.FR.N.A.A20.A.1.U2.2250.Z01.E,M,FR,N,A,A20,A,1,U2,2250,Z01,E,2026-01,1571609,A,F,,,P1M,,E,,,,,,,,,2,,,"Loans to euro area households granted by MFIs excluding NCB, Stocks","France, Outstanding amounts at the end of the period (stocks), MFIs excluding ESCB reporting sector - Loans, Total maturity, All currencies combined - Euro area (changing composition) counterpart, Households and non-profit institutions serving households (S.14 and S.15) sector, denominated in Euro, data Neither seasonally nor working day adjusted",EUR,6
BSI.M.FR.N.A.A20.A.1.U2.2250.Z01.E,M,FR,N,A,A20,A,1,U2,2250,Z01,E,2026-02,1569620,A,F,,,P1M,,E,,,,,,,,,2,,,"Loans to euro area households granted by MFIs excluding NCB, Stocks","France, Outstanding amounts at the end of the period (stocks), MFIs excluding ESCB reporting sector - Loans, Total maturity, All currencies combined - Euro area (changing composition) counterpart, Households and non-profit institutions serving households (S.14 and S.15) sector, denominated in Euro, data Neither seasonally nor working day adjusted",EUR,6
BSI.M.FR.N.A.A20.A.1.U2.2250.Z01.E,M,FR,N,A,A20,A,1,U2,2250,Z01,E,2026-03,1573160,A,F,,,P1M,,E,,,,,,,,,2,,,"Loans to euro area households granted by MFIs excluding NCB, Stocks","France, Outstanding amounts at the end of the period (stocks), MFIs excluding ESCB reporting sector - Loans, Total maturity, All currencies combined - Euro area (changing composition) counterpart, Households and non-profit institutions serving households (S.14 and S.15) sector, denominated in Euro, data Neither seasonally nor working day adjusted",EUR,6
BSI.M.FR.N.A.A20.A.1.U2.2250.Z01.E,M,FR,N,A,A20,A,1,U2,2250,Z01,E,2026-04,1573564,A,F,,,P1M,,E,,,,,,,,,2,,,"Loans to euro area households granted by MFIs excluding NCB, Stocks","France, Outstanding amounts at the end of the period (stocks), MFIs excluding ESCB reporting sector - Loans, Total maturity, All currencies combined - Euro area (changing composition) counterpart, Households and non-profit institutions serving households (S.14 and S.15) sector, denominated in Euro, data Neither seasonally nor working day adjusted",EUR,6
BSI.M.FR.N.A.A20.A.1.U2.2250.Z01.E,M,FR,N,A,A20,A,1,U2,2250,Z01,E,2026-05,1573634,A,F,,,P1M,,E,,,,,,,,,2,,,"Loans to euro area households granted by MFIs excluding NCB, Stocks","France, Outstanding amounts at the end of the period (stocks), MFIs excluding ESCB reporting sector - Loans, Total maturity, All currencies combined - Euro area (changing composition) counterpart, Households and non-profit institutions serving households (S.14 and S.15) sector, denominated in Euro, data Neither seasonally nor working day adjusted",EUR,6
BSI.M.FR.N.A.A20.A.1.U2.2250.Z01.E,M,FR,N,A,A20,A,1,U2,2250,Z01,E,2026-06,1579642,A,F,,,P1M,,E,,,,,,,,,2,,,"Loans to euro area households granted by MFIs excluding NCB, Stocks","France, Outstanding amounts at the end of the period (stocks), MFIs excluding ESCB reporting sector - Loans, Total maturity, All currencies combined - Euro area (changing composition) counterpart, Households and non-profit institutions serving households (S.14 and S.15) sector, denominated in Euro, data Neither seasonally nor working day adjusted",EUR,6
BSI.M.FR.N.A.A20.A.1.U2.2250.Z01.E,M,FR,N,A,A20,A,1,U2,2250,Z01,E,2026-07,1585735,P,F,,,P1M,,E,,,,,,,,,2,,,"Loans to euro area households granted by MFIs excluding NCB, Stocks","France, Outstanding amounts at the end of the period (stocks), MFIs excluding ESCB reporting sector - Loans, Total maturity, All currencies combined - Euro area (changing composition) counterpart, Households and non-profit institutions serving households (S.14 and S.15) sector, denominated in Euro, data Neither seasonally nor working day adjusted",EUR,6
BSI.M.IT.N.A.A20.A.1.U2.2250.Z01.E,M,IT,N,A,A20,A,1,U2,2250,Z01,E,2019-01,627178,A,F,,,P1M,,E,,,,,,,,,2,,,"Loans to euro area households granted by MFIs excluding NCB, Stocks","Italy, Outstanding amounts at the end of the period (stocks), MFIs excluding ESCB reporting sector - Loans, Total maturity, All currencies combined - Euro area (changing composition) counterpart, Households and non-profit institutions serving households (S.14 and S.15) sector, denominated in Euro, data Neither seasonally nor working day adjusted",EUR,6
BSI.M.IT.N.A.A20.A.1.U2.2250.Z01.E,M,IT,N,A,A20,A,1,U2,2250,Z01,E,2019-02,627771,A,F,,,P1M,,E,,,,,,,,,2,,,"Loans to euro area households granted by MFIs excluding NCB, Stocks","Italy, Outstanding amounts at the end of the period (stocks), MFIs excluding ESCB reporting sector - Loans, Total maturity, All currencies combined - Euro area (changing composition) counterpart, Households and non-profit institutions serving households (S.14 and S.15) sector, denominated in Euro, data Neither seasonally nor working day adjusted",EUR,6
BSI.M.IT.N.A.A20.A.1.U2.2250.Z01.E,M,IT,N,A,A20,A,1,U2,2250,Z01,E,2019-03,627567,A,F,,,P1M,,E,,,,,,,,,2,,,"Loans to euro area households granted by MFIs excluding NCB, Stocks","Italy, Outstanding amounts at the end of the period (stocks), MFIs excluding ESCB reporting sector - Loans, Total maturity, All currencies combined - Euro area (changing composition) counterpart, Households and non-profit institutions serving households (S.14 and S.15) sector, denominated in Euro, data Neither seasonally nor working day adjusted",EUR,6
BSI.M.IT.N.A.A20.A.1.U2.2250.Z01.E,M,IT,N,A,A20,A,1,U2,2250,Z01,E,2019-04,628559,A,F,,,P1M,,E,,,,,,,,,2,,,"Loans to euro area households granted by MFIs excluding NCB, Stocks","Italy, Outstanding amounts at the end of the period (stocks), MFIs excluding ESCB reporting sector - Loans, Total maturity, All currencies combined - Euro area (changing composition) counterpart, Households and non-profit institutions serving households (S.14 and S.15) sector, denominated in Euro, data Neither seasonally nor working day adjusted",EUR,6
BSI.M.IT.N.A.A20.A.1.U2.2250.Z01.E,M,IT,N,A,A20,A,1,U2,2250,Z01,E,2019-05,630132,A,F,,,P1M,,E,,,,,,,,,2,,,"Loans to euro area households granted by MFIs excluding NCB, Stocks","Italy, Outstanding amounts at the end of the period (stocks), MFIs excluding ESCB reporting sector - Loans, Total maturity, All currencies combined - Euro area (changing composition) counterpart, Households and non-profit institutions serving households (S.14 and S.15) sector, denominated in Euro, data Neither seasonally nor working day adjusted",EUR,6
BSI.M.IT.N.A.A20.A.1.U2.2250.Z01.E,M,IT,N,A,A20,A,1,U2,2250,Z01,E,2019-06,631339,A,F,,,P1M,,E,,,,,,,,,2,,,"Loans to euro area households granted by MFIs excluding NCB, Stocks","Italy, Outstanding amounts at the end of the period (stocks), MFIs excluding ESCB reporting sector - Loans, Total maturity, All currencies combined - Euro area (changing composition) counterpart, Households and non-profit institutions serving households (S.14 and S.15) sector, denominated in Euro, data Neither seasonally nor working day adjusted",EUR,6
BSI.M.IT.N.A.A20.A.1.U2.2250.Z01.E,M,IT,N,A,A20,A,1,U2,2250,Z01,E,2019-07,633556,A,F,,,P1M,,E,,,,,,,,,2,,,"Loans to euro area households granted by MFIs excluding NCB, Stocks","Italy, Outstanding amounts at the end of the period (stocks), MFIs excluding ESCB reporting sector - Loans, Total maturity, All currencies combined - Euro area (changing composition) counterpart, Households and non-profit institutions serving households (S.14 and S.15) sector, denominated in Euro, data Neither seasonally nor working day adjusted",EUR,6
BSI.M.IT.N.A.A20.A.1.U2.2250.Z01.E,M,IT,N,A,A20,A,1,U2,2250,Z01,E,2019-08,631468,A,F,,,P1M,,E,,,,,,,,,2,,,"Loans to euro area households granted by MFIs excluding NCB, Stocks","Italy, Outstanding amounts at the end of the period (stocks), MFIs excluding ESCB reporting sector - Loans, Total maturity, All currencies combined - Euro area (changing composition) counterpart, Households and non-profit institutions serving households (S.14 and S.15) sector, denominated in Euro, data Neither seasonally nor working day adjusted",EUR,6
BSI.M.IT.N.A.A20.A.1.U2.2250.Z01.E,M,IT,N,A,A20,A,1,U2,2250,Z01,E,2019-09,632656,A,F,,,P1M,,E,,,,,,,,,2,,,"Loans to euro area households granted by MFIs excluding NCB, Stocks","Italy, Outstanding amounts at the end of the period (stocks), MFIs excluding ESCB reporting sector - Loans, Total maturity, All currencies combined - Euro area (changing composition) counterpart, Households and non-profit institutions serving households (S.14 and S.15) sector, denominated in Euro, data Neither seasonally nor working day adjusted",EUR,6
BSI.M.IT.N.A.A20.A.1.U2.2250.Z01.E,M,IT,N,A,A20,A,1,U2,2250,Z01,E,2019-10,634387,A,F,,,P1M,,E,,,,,,,,,2,,,"Loans to euro area households granted by MFIs excluding NCB, Stocks","Italy, Outstanding amounts at the end of the period (stocks), MFIs excluding ESCB reporting sector - Loans, Total maturity, All currencies combined - Euro area (changing composition) counterpart, Households and non-profit institutions serving households (S.14 and S.15) sector, denominated in Euro, data Neither seasonally nor working day adjusted",EUR,6
BSI.M.IT.N.A.A20.A.1.U2.2250.Z01.E,M,IT,N,A,A20,A,1,U2,2250,Z01,E,2019-11,632514,A,F,,,P1M,,E,,,,,,,,,2,,,"Loans to euro area households granted by MFIs excluding NCB, Stocks","Italy, Outstanding amounts at the end of the period (stocks), MFIs excluding ESCB reporting sector - Loans, Total maturity, All currencies combined - Euro area (changing composition) counterpart, Households and non-profit institutions serving households (S.14 and S.15) sector, denominated in Euro, data Neither seasonally nor working day adjusted",EUR,6
BSI.M.IT.N.A.A20.A.1.U2.2250.Z01.E,M,IT,N,A,A20,A,1,U2,2250,Z01,E,2019-12,630998,A,F,,,P1M,,E,,,,,,,,,2,,,"Loans to euro area households granted by MFIs excluding NCB, Stocks","Italy, Outstanding amounts at the end of the period (stocks), MFIs excluding ESCB reporting sector - Loans, Total maturity, All currencies combined - Euro area (changing composition) counterpart, Households and non-profit institutions serving households (S.14 and S.15) sector, denominated in Euro, data Neither seasonally nor working day adjusted",EUR,6
BSI.M.IT.N.A.A20.A.1.U2.2250.Z01.E,M,IT,N,A,A20,A,1,U2,2250,Z01,E,2020-01,631405,A,F,,,P1M,,E,,,,,,,,,2,,,"Loans to euro area households granted by MFIs excluding NCB, Stocks","Italy, Outstanding amounts at the end of the period (stocks), MFIs excluding ESCB reporting sector - Loans, Total maturity, All currencies combined - Euro area (changing composition) counterpart, Households and non-profit institutions serving households (S.14 and S.15) sector, denominated in Euro, data Neither seasonally nor working day adjusted",EUR,6
BSI.M.IT.N.A.A20.A.1.U2.2250.Z01.E,M,IT,N,A,A20,A,1,U2,2250,Z01,E,2020-02,631814,A,F,,,P1M,,E,,,,,,,,,2,,,"Loans to euro area households granted by MFIs excluding NCB, Stocks","Italy, Outstanding amounts at the end of the period (stocks), MFIs excluding ESCB reporting sector - Loans, Total maturity, All currencies combined - Euro area (changing composition) counterpart, Households and non-profit institutions serving households (S.14 and S.15) sector, denominated in Euro, data Neither seasonally nor working day adjusted",EUR,6
BSI.M.IT.N.A.A20.A.1.U2.2250.Z01.E,M,IT,N,A,A20,A,1,U2,2250,Z01,E,2020-03,629545,A,F,,,P1M,,E,,,,,,,,,2,,,"Loans to euro area households granted by MFIs excluding NCB, Stocks","Italy, Outstanding amounts at the end of the period (stocks), MFIs excluding ESCB reporting sector - Loans, Total maturity, All currencies combined - Euro area (changing composition) counterpart, Households and non-profit institutions serving households (S.14 and S.15) sector, denominated in Euro, data Neither seasonally nor working day adjusted",EUR,6
BSI.M.IT.N.A.A20.A.1.U2.2250.Z01.E,M,IT,N,A,A20,A,1,U2,2250,Z01,E,2020-04,626731,A,F,,,P1M,,E,,,,,,,,,2,,,"Loans to euro area households granted by MFIs excluding NCB, Stocks","Italy, Outstanding amounts at the end of the period (stocks), MFIs excluding ESCB reporting sector - Loans, Total maturity, All currencies combined - Euro area (changing composition) counterpart, Households and non-profit institutions serving households (S.14 and S.15) sector, denominated in Euro, data Neither seasonally nor working day adjusted",EUR,6
BSI.M.IT.N.A.A20.A.1.U2.2250.Z01.E,M,IT,N,A,A20,A,1,U2,2250,Z01,E,2020-05,629791,A,F,,,P1M,,E,,,,,,,,,2,,,"Loans to euro area households granted by MFIs excluding NCB, Stocks","Italy, Outstanding amounts at the end of the period (stocks), MFIs excluding ESCB reporting sector - Loans, Total maturity, All currencies combined - Euro area (changing composition) counterpart, Households and non-profit institutions serving households (S.14 and S.15) sector, denominated in Euro, data Neither seasonally nor working day adjusted",EUR,6
BSI.M.IT.N.A.A20.A.1.U2.2250.Z01.E,M,IT,N,A,A20,A,1,U2,2250,Z01,E,2020-06,632785,A,F,,,P1M,,E,,,,,,,,,2,,,"Loans to euro area households granted by MFIs excluding NCB, Stocks","Italy, Outstanding amounts at the end of the period (stocks), MFIs excluding ESCB reporting sector - Loans, Total maturity, All currencies combined - Euro area (changing composition) counterpart, Households and non-profit institutions serving households (S.14 and S.15) sector, denominated in Euro, data Neither seasonally nor working day adjusted",EUR,6
BSI.M.IT.N.A.A20.A.1.U2.2250.Z01.E,M,IT,N,A,A20,A,1,U2,2250,Z01,E,2020-07,635034,A,F,,,P1M,,E,,,,,,,,,2,,,"Loans to euro area households granted by MFIs excluding NCB, Stocks","Italy, Outstanding amounts at the end of the period (stocks), MFIs excluding ESCB reporting sector - Loans, Total maturity, All currencies combined - Euro area (changing composition) counterpart, Households and non-profit institutions serving households (S.14 and S.15) sector, denominated in Euro, data Neither seasonally nor working day adjusted",EUR,6
BSI.M.IT.N.A.A20.A.1.U2.2250.Z01.E,M,IT,N,A,A20,A,1,U2,2250,Z01,E,2020-08,634521,A,F,,,P1M,,E,,,,,,,,,2,,,"Loans to euro area households granted by MFIs excluding NCB, Stocks","Italy, Outstanding amounts at the end of the period (stocks), MFIs excluding ESCB reporting sector - Loans, Total maturity, All currencies combined - Euro area (changing composition) counterpart, Households and non-profit institutions serving households (S.14 and S.15) sector, denominated in Euro, data Neither seasonally nor working day adjusted",EUR,6
BSI.M.IT.N.A.A20.A.1.U2.2250.Z01.E,M,IT,N,A,A20,A,1,U2,2250,Z01,E,2020-09,637363,A,F,,,P1M,,E,,,,,,,,,2,,,"Loans to euro area households granted by MFIs excluding NCB, Stocks","Italy, Outstanding amounts at the end of the period (stocks), MFIs excluding ESCB reporting sector - Loans, Total maturity, All currencies combined - Euro area (changing composition) counterpart, Households and non-profit institutions serving households (S.14 and S.15) sector, denominated in Euro, data Neither seasonally nor working day adjusted",EUR,6
BSI.M.IT.N.A.A20.A.1.U2.2250.Z01.E,M,IT,N,A,A20,A,1,U2,2250,Z01,E,2020-10,639710,A,F,,,P1M,,E,,,,,,,,,2,,,"Loans to euro area households granted by MFIs excluding NCB, Stocks","Italy, Outstanding amounts at the end of the period (stocks), MFIs excluding ESCB reporting sector - Loans, Total maturity, All currencies combined - Euro area (changing composition) counterpart, Households and non-profit institutions serving households (S.14 and S.15) sector, denominated in Euro, data Neither seasonally nor working day adjusted",EUR,6
BSI.M.IT.N.A.A20.A.1.U2.2250.Z01.E,M,IT,N,A,A20,A,1,U2,2250,Z01,E,2020-11,642374,A,F,,,P1M,,E,,,,,,,,,2,,,"Loans to euro area households granted by MFIs excluding NCB, Stocks","Italy, Outstanding amounts at the end of the period (stocks), MFIs excluding ESCB reporting sector - Loans, Total maturity, All currencies combined - Euro area (changing composition) counterpart, Households and non-profit institutions serving households (S.14 and S.15) sector, denominated in Euro, data Neither seasonally nor working day adjusted",EUR,6
BSI.M.IT.N.A.A20.A.1.U2.2250.Z01.E,M,IT,N,A,A20,A,1,U2,2250,Z01,E,2020-12,641225,A,F,,,P1M,,E,,,,,,,,,2,,,"Loans to euro area households granted by MFIs excluding NCB, Stocks","Italy, Outstanding amounts at the end of the period (stocks), MFIs excluding ESCB reporting sector - Loans, Total maturity, All currencies combined - Euro area (changing composition) counterpart, Households and non-profit institutions serving households (S.14 and S.15) sector, denominated in Euro, data Neither seasonally nor working day adjusted",EUR,6
BSI.M.IT.N.A.A20.A.1.U2.2250.Z01.E,M,IT,N,A,A20,A,1,U2,2250,Z01,E,2021-01,640979,A,F,,,P1M,,E,,,,,,,,,2,,,"Loans to euro area households granted by MFIs excluding NCB, Stocks","Italy, Outstanding amounts at the end of the period (stocks), MFIs excluding ESCB reporting sector - Loans, Total maturity, All currencies combined - Euro area (changing composition) counterpart, Households and non-profit institutions serving households (S.14 and S.15) sector, denominated in Euro, data Neither seasonally nor working day adjusted",EUR,6
BSI.M.IT.N.A.A20.A.1.U2.2250.Z01.E,M,IT,N,A,A20,A,1,U2,2250,Z01,E,2021-02,642685,A,F,,,P1M,,E,,,,,,,,,2,,,"Loans to euro area households granted by MFIs excluding NCB, Stocks","Italy, Outstanding amounts at the end of the period (stocks), MFIs excluding ESCB reporting sector - Loans, Total maturity, All currencies combined - Euro area (changing composition) counterpart, Households and non-profit institutions serving households (S.14 and S.15) sector, denominated in Euro, data Neither seasonally nor working day adjusted",EUR,6
BSI.M.IT.N.A.A20.A.1.U2.2250.Z01.E,M,IT,N,A,A20,A,1,U2,2250,Z01,E,2021-03,646276,A,F,,,P1M,,E,,,,,,,,,2,,,"Loans to euro area households granted by MFIs excluding NCB, Stocks","Italy, Outstanding amounts at the end of the period (stocks), MFIs excluding ESCB reporting sector - Loans, Total maturity, All currencies combined - Euro area (changing composition) counterpart, Households and non-profit institutions serving households (S.14 and S.15) sector, denominated in Euro, data Neither seasonally nor working day adjusted",EUR,6
BSI.M.IT.N.A.A20.A.1.U2.2250.Z01.E,M,IT,N,A,A20,A,1,U2,2250,Z01,E,2021-04,646308,A,F,,,P1M,,E,,,,,,,,,2,,,"Loans to euro area households granted by MFIs excluding NCB, Stocks","Italy, Outstanding amounts at the end of the period (stocks), MFIs excluding ESCB reporting sector - Loans, Total maturity, All currencies combined - Euro area (changing composition) counterpart, Households and non-profit institutions serving households (S.14 and S.15) sector, denominated in Euro, data Neither seasonally nor working day adjusted",EUR,6
BSI.M.IT.N.A.A20.A.1.U2.2250.Z01.E,M,IT,N,A,A20,A,1,U2,2250,Z01,E,2021-05,648353,A,F,,,P1M,,E,,,,,,,,,2,,,"Loans to euro area households granted by MFIs excluding NCB, Stocks","Italy, Outstanding amounts at the end of the period (stocks), MFIs excluding ESCB reporting sector - Loans, Total maturity, All currencies combined - Euro area (changing composition) counterpart, Households and non-profit institutions serving households (S.14 and S.15) sector, denominated in Euro, data Neither seasonally nor working day adjusted",EUR,6
BSI.M.IT.N.A.A20.A.1.U2.2250.Z01.E,M,IT,N,A,A20,A,1,U2,2250,Z01,E,2021-06,651266,A,F,,,P1M,,E,,,,,,,,,2,,,"Loans to euro area households granted by MFIs excluding NCB, Stocks","Italy, Outstanding amounts at the end of the period (stocks), MFIs excluding ESCB reporting sector - Loans, Total maturity, All currencies combined - Euro area (changing composition) counterpart, Households and non-profit institutions serving households (S.14 and S.15) sector, denominated in Euro, data Neither seasonally nor working day adjusted",EUR,6
BSI.M.IT.N.A.A20.A.1.U2.2250.Z01.E,M,IT,N,A,A20,A,1,U2,2250,Z01,E,2021-07,657170,A,F,,,P1M,,E,,,,,,,,,2,,,"Loans to euro area households granted by MFIs excluding NCB, Stocks","Italy, Outstanding amounts at the end of the period (stocks), MFIs excluding ESCB reporting sector - Loans, Total maturity, All currencies combined - Euro area (changing composition) counterpart, Households and non-profit institutions serving households (S.14 and S.15) sector, denominated in Euro, data Neither seasonally nor working day adjusted",EUR,6
BSI.M.IT.N.A.A20.A.1.U2.2250.Z01.E,M,IT,N,A,A20,A,1,U2,2250,Z01,E,2021-08,655280,A,F,,,P1M,,E,,,,,,,,,2,,,"Loans to euro area households granted by MFIs excluding NCB, Stocks","Italy, Outstanding amounts at the end of the period (stocks), MFIs excluding ESCB reporting sector - Loans, Total maturity, All currencies combined - Euro area (changing composition) counterpart, Households and non-profit institutions serving households (S.14 and S.15) sector, denominated in Euro, data Neither seasonally nor working day adjusted",EUR,6
BSI.M.IT.N.A.A20.A.1.U2.2250.Z01.E,M,IT,N,A,A20,A,1,U2,2250,Z01,E,2021-09,656887,A,F,,,P1M,,E,,,,,,,,,2,,,"Loans to euro area households granted by MFIs excluding NCB, Stocks","Italy, Outstanding amounts at the end of the period (stocks), MFIs excluding ESCB reporting sector - Loans, Total maturity, All currencies combined - Euro area (changing composition) counterpart, Households and non-profit institutions serving households (S.14 and S.15) sector, denominated in Euro, data Neither seasonally nor working day adjusted",EUR,6
BSI.M.IT.N.A.A20.A.1.U2.2250.Z01.E,M,IT,N,A,A20,A,1,U2,2250,Z01,E,2021-10,659934,A,F,,,P1M,,E,,,,,,,,,2,,,"Loans to euro area households granted by MFIs excluding NCB, Stocks","Italy, Outstanding amounts at the end of the period (stocks), MFIs excluding ESCB reporting sector - Loans, Total maturity, All currencies combined - Euro area (changing composition) counterpart, Households and non-profit institutions serving households (S.14 and S.15) sector, denominated in Euro, data Neither seasonally nor working day adjusted",EUR,6
BSI.M.IT.N.A.A20.A.1.U2.2250.Z01.E,M,IT,N,A,A20,A,1,U2,2250,Z01,E,2021-11,663855,A,F,,,P1M,,E,,,,,,,,,2,,,"Loans to euro area households granted by MFIs excluding NCB, Stocks","Italy, Outstanding amounts at the end of the period (stocks), MFIs excluding ESCB reporting sector - Loans, Total maturity, All currencies combined - Euro area (changing composition) counterpart, Households and non-profit institutions serving households (S.14 and S.15) sector, denominated in Euro, data Neither seasonally nor working day adjusted",EUR,6
BSI.M.IT.N.A.A20.A.1.U2.2250.Z01.E,M,IT,N,A,A20,A,1,U2,2250,Z01,E,2021-12,663501,A,F,,,P1M,,E,,,,,,,,,2,,,"Loans to euro area households granted by MFIs excluding NCB, Stocks","Italy, Outstanding amounts at the end of the period (stocks), MFIs excluding ESCB reporting sector - Loans, Total maturity, All currencies combined - Euro area (changing composition) counterpart, Households and non-profit institutions serving households (S.14 and S.15) sector, denominated in Euro, data Neither seasonally nor working day adjusted",EUR,6
BSI.M.IT.N.A.A20.A.1.U2.2250.Z01.E,M,IT,N,A,A20,A,1,U2,2250,Z01,E,2022-01,663952,A,F,,,P1M,,E,,,,,,,,,2,,,"Loans to euro area households granted by MFIs excluding NCB, Stocks","Italy, Outstanding amounts at the end of the period (stocks), MFIs excluding ESCB reporting sector - Loans, Total maturity, All currencies combined - Euro area (changing composition) counterpart, Households and non-profit institutions serving households (S.14 and S.15) sector, denominated in Euro, data Neither seasonally nor working day adjusted",EUR,6
BSI.M.IT.N.A.A20.A.1.U2.2250.Z01.E,M,IT,N,A,A20,A,1,U2,2250,Z01,E,2022-02,665869,A,F,,,P1M,,E,,,,,,,,,2,,,"Loans to euro area households granted by MFIs excluding NCB, Stocks","Italy, Outstanding amounts at the end of the period (stocks), MFIs excluding ESCB reporting sector - Loans, Total maturity, All currencies combined - Euro area (changing composition) counterpart, Households and non-profit institutions serving households (S.14 and S.15) sector, denominated in Euro, data Neither seasonally nor working day adjusted",EUR,6
BSI.M.IT.N.A.A20.A.1.U2.2250.Z01.E,M,IT,N,A,A20,A,1,U2,2250,Z01,E,2022-03,669940,A,F,,,P1M,,E,,,,,,,,,2,,,"Loans to euro area households granted by MFIs excluding NCB, Stocks","Italy, Outstanding amounts at the end of the period (stocks), MFIs excluding ESCB reporting sector - Loans, Total maturity, All currencies combined - Euro area (changing composition) counterpart, Households and non-profit institutions serving households (S.14 and S.15) sector, denominated in Euro, data Neither seasonally nor working day adjusted",EUR,6
BSI.M.IT.N.A.A20.A.1.U2.2250.Z01.E,M,IT,N,A,A20,A,1,U2,2250,Z01,E,2022-04,670294,A,F,,,P1M,,E,,,,,,,,,2,,,"Loans to euro area households granted by MFIs excluding NCB, Stocks","Italy, Outstanding amounts at the end of the period (stocks), MFIs excluding ESCB reporting sector - Loans, Total maturity, All currencies combined - Euro area (changing composition) counterpart, Households and non-profit institutions serving households (S.14 and S.15) sector, denominated in Euro, data Neither seasonally nor working day adjusted",EUR,6
BSI.M.IT.N.A.A20.A.1.U2.2250.Z01.E,M,IT,N,A,A20,A,1,U2,2250,Z01,E,2022-05,673568,A,F,,,P1M,,E,,,,,,,,,2,,,"Loans to euro area households granted by MFIs excluding NCB, Stocks","Italy, Outstanding amounts at the end of the period (stocks), MFIs excluding ESCB reporting sector - Loans, Total maturity, All currencies combined - Euro area (changing composition) counterpart, Households and non-profit institutions serving households (S.14 and S.15) sector, denominated in Euro, data Neither seasonally nor working day adjusted",EUR,6
BSI.M.IT.N.A.A20.A.1.U2.2250.Z01.E,M,IT,N,A,A20,A,1,U2,2250,Z01,E,2022-06,675955,A,F,,,P1M,,E,,,,,,,,,2,,,"Loans to euro area households granted by MFIs excluding NCB, Stocks","Italy, Outstanding amounts at the end of the period (stocks), MFIs excluding ESCB reporting sector - Loans, Total maturity, All currencies combined - Euro area (changing composition) counterpart, Households and non-profit institutions serving households (S.14 and S.15) sector, denominated in Euro, data Neither seasonally nor working day adjusted",EUR,6
BSI.M.IT.N.A.A20.A.1.U2.2250.Z01.E,M,IT,N,A,A20,A,1,U2,2250,Z01,E,2022-07,678721,A,F,,,P1M,,E,,,,,,,,,2,,,"Loans to euro area households granted by MFIs excluding NCB, Stocks","Italy, Outstanding amounts at the end of the period (stocks), MFIs excluding ESCB reporting sector - Loans, Total maturity, All currencies combined - Euro area (changing composition) counterpart, Households and non-profit institutions serving households (S.14 and S.15) sector, denominated in Euro, data Neither seasonally nor working day adjusted",EUR,6
BSI.M.IT.N.A.A20.A.1.U2.2250.Z01.E,M,IT,N,A,A20,A,1,U2,2250,Z01,E,2022-08,677497,A,F,,,P1M,,E,,,,,,,,,2,,,"Loans to euro area households granted by MFIs excluding NCB, Stocks","Italy, Outstanding amounts at the end of the period (stocks), MFIs excluding ESCB reporting sector - Loans, Total maturity, All currencies combined - Euro area (changing composition) counterpart, Households and non-profit institutions serving households (S.14 and S.15) sector, denominated in Euro, data Neither seasonally nor working day adjusted",EUR,6
BSI.M.IT.N.A.A20.A.1.U2.2250.Z01.E,M,IT,N,A,A20,A,1,U2,2250,Z01,E,2022-09,680156,A,F,,,P1M,,E,,,,,,,,,2,,,"Loans to euro area households granted by MFIs excluding NCB, Stocks","Italy, Outstanding amounts at the end of the period (stocks), MFIs excluding ESCB reporting sector - Loans, Total maturity, All currencies combined - Euro area (changing composition) counterpart, Households and non-profit institutions serving households (S.14 and S.15) sector, denominated in Euro, data Neither seasonally nor working day adjusted",EUR,6
BSI.M.IT.N.A.A20.A.1.U2.2250.Z01.E,M,IT,N,A,A20,A,1,U2,2250,Z01,E,2022-10,681045,A,F,,,P1M,,E,,,,,,,,,2,,,"Loans to euro area households granted by MFIs excluding NCB, Stocks","Italy, Outstanding amounts at the end of the period (stocks), MFIs excluding ESCB reporting sector - Loans, Total maturity, All currencies combined - Euro area (changing composition) counterpart, Households and non-profit institutions serving households (S.14 and S.15) sector, denominated in Euro, data Neither seasonally nor working day adjusted",EUR,6
BSI.M.IT.N.A.A20.A.1.U2.2250.Z01.E,M,IT,N,A,A20,A,1,U2,2250,Z01,E,2022-11,682556,A,F,,,P1M,,E,,,,,,,,,2,,,"Loans to euro area households granted by MFIs excluding NCB, Stocks","Italy, Outstanding amounts at the end of the period (stocks), MFIs excluding ESCB reporting sector - Loans, Total maturity, All currencies combined - Euro area (changing composition) counterpart, Households and non-profit institutions serving households (S.14 and S.15) sector, denominated in Euro, data Neither seasonally nor working day adjusted",EUR,6
BSI.M.IT.N.A.A20.A.1.U2.2250.Z01.E,M,IT,N,A,A20,A,1,U2,2250,Z01,E,2022-12,681392,A,F,,,P1M,,E,,,,,,,,,2,,,"Loans to euro area households granted by MFIs excluding NCB, Stocks","Italy, Outstanding amounts at the end of the period (stocks), MFIs excluding ESCB reporting sector - Loans, Total maturity, All currencies combined - Euro area (changing composition) counterpart, Households and non-profit institutions serving households (S.14 and S.15) sector, denominated in Euro, data Neither seasonally nor working day adjusted",EUR,6
BSI.M.IT.N.A.A20.A.1.U2.2250.Z01.E,M,IT,N,A,A20,A,1,U2,2250,Z01,E,2023-01,681364,A,F,,,P1M,,E,,,,,,,,,2,,,"Loans to euro area households granted by MFIs excluding NCB, Stocks","Italy, Outstanding amounts at the end of the period (stocks), MFIs excluding ESCB reporting sector - Loans, Total maturity, All currencies combined - Euro area (changing composition) counterpart, Households and non-profit institutions serving households (S.14 and S.15) sector, denominated in Euro, data Neither seasonally nor working day adjusted",EUR,6
BSI.M.IT.N.A.A20.A.1.U2.2250.Z01.E,M,IT,N,A,A20,A,1,U2,2250,Z01,E,2023-02,679964,A,F,,,P1M,,E,,,,,,,,,2,,,"Loans to euro area households granted by MFIs excluding NCB, Stocks","Italy, Outstanding amounts at the end of the period (stocks), MFIs excluding ESCB reporting sector - Loans, Total maturity, All currencies combined - Euro area (changing composition) counterpart, Households and non-profit institutions serving households (S.14 and S.15) sector, denominated in Euro, data Neither seasonally nor working day adjusted",EUR,6
BSI.M.IT.N.A.A20.A.1.U2.2250.Z01.E,M,IT,N,A,A20,A,1,U2,2250,Z01,E,2023-03,679751,A,F,,,P1M,,E,,,,,,,,,2,,,"Loans to euro area households granted by MFIs excluding NCB, Stocks","Italy, Outstanding amounts at the end of the period (stocks), MFIs excluding ESCB reporting sector - Loans, Total maturity, All currencies combined - Euro area (changing composition) counterpart, Households and non-profit institutions serving households (S.14 and S.15) sector, denominated in Euro, data Neither seasonally nor working day adjusted",EUR,6
BSI.M.IT.N.A.A20.A.1.U2.2250.Z01.E,M,IT,N,A,A20,A,1,U2,2250,Z01,E,2023-04,677417,A,F,,,P1M,,E,,,,,,,,,2,,,"Loans to euro area households granted by MFIs excluding NCB, Stocks","Italy, Outstanding amounts at the end of the period (stocks), MFIs excluding ESCB reporting sector - Loans, Total maturity, All currencies combined - Euro area (changing composition) counterpart, Households and non-profit institutions serving households (S.14 and S.15) sector, denominated in Euro, data Neither seasonally nor working day adjusted",EUR,6
BSI.M.IT.N.A.A20.A.1.U2.2250.Z01.E,M,IT,N,A,A20,A,1,U2,2250,Z01,E,2023-05,676995,A,F,,,P1M,,E,,,,,,,,,2,,,"Loans to euro area households granted by MFIs excluding NCB, Stocks","Italy, Outstanding amounts at the end of the period (stocks), MFIs excluding ESCB reporting sector - Loans, Total maturity, All currencies combined - Euro area (changing composition) counterpart, Households and non-profit institutions serving households (S.14 and S.15) sector, denominated in Euro, data Neither seasonally nor working day adjusted",EUR,6
BSI.M.IT.N.A.A20.A.1.U2.2250.Z01.E,M,IT,N,A,A20,A,1,U2,2250,Z01,E,2023-06,676605,A,F,,,P1M,,E,,,,,,,,,2,,,"Loans to euro area households granted by MFIs excluding NCB, Stocks","Italy, Outstanding amounts at the end of the period (stocks), MFIs excluding ESCB reporting sector - Loans, Total maturity, All currencies combined - Euro area (changing composition) counterpart, Households and non-profit institutions serving households (S.14 and S.15) sector, denominated in Euro, data Neither seasonally nor working day adjusted",EUR,6
BSI.M.IT.N.A.A20.A.1.U2.2250.Z01.E,M,IT,N,A,A20,A,1,U2,2250,Z01,E,2023-07,676188,A,F,,,P1M,,E,,,,,,,,,2,,,"Loans to euro area households granted by MFIs excluding NCB, Stocks","Italy, Outstanding amounts at the end of the period (stocks), MFIs excluding ESCB reporting sector - Loans, Total maturity, All currencies combined - Euro area (changing composition) counterpart, Households and non-profit institutions serving households (S.14 and S.15) sector, denominated in Euro, data Neither seasonally nor working day adjusted",EUR,6
BSI.M.IT.N.A.A20.A.1.U2.2250.Z01.E,M,IT,N,A,A20,A,1,U2,2250,Z01,E,2023-08,673354,A,F,,,P1M,,E,,,,,,,,,2,,,"Loans to euro area households granted by MFIs excluding NCB, Stocks","Italy, Outstanding amounts at the end of the period (stocks), MFIs excluding ESCB reporting sector - Loans, Total maturity, All currencies combined - Euro area (changing composition) counterpart, Households and non-profit institutions serving households (S.14 and S.15) sector, denominated in Euro, data Neither seasonally nor working day adjusted",EUR,6
BSI.M.IT.N.A.A20.A.1.U2.2250.Z01.E,M,IT,N,A,A20,A,1,U2,2250,Z01,E,2023-09,673358,A,F,,,P1M,,E,,,,,,,,,2,,,"Loans to euro area households granted by MFIs excluding NCB, Stocks","Italy, Outstanding amounts at the end of the period (stocks), MFIs excluding ESCB reporting sector - Loans, Total maturity, All currencies combined - Euro area (changing composition) counterpart, Households and non-profit institutions serving households (S.14 and S.15) sector, denominated in Euro, data Neither seasonally nor working day adjusted",EUR,6
BSI.M.IT.N.A.A20.A.1.U2.2250.Z01.E,M,IT,N,A,A20,A,1,U2,2250,Z01,E,2023-10,672909,A,F,,,P1M,,E,,,,,,,,,2,,,"Loans to euro area households granted by MFIs excluding NCB, Stocks","Italy, Outstanding amounts at the end of the period (stocks), MFIs excluding ESCB reporting sector - Loans, Total maturity, All currencies combined - Euro area (changing composition) counterpart, Households and non-profit institutions serving households (S.14 and S.15) sector, denominated in Euro, data Neither seasonally nor working day adjusted",EUR,6
BSI.M.IT.N.A.A20.A.1.U2.2250.Z01.E,M,IT,N,A,A20,A,1,U2,2250,Z01,E,2023-11,673378,A,F,,,P1M,,E,,,,,,,,,2,,,"Loans to euro area households granted by MFIs excluding NCB, Stocks","Italy, Outstanding amounts at the end of the period (stocks), MFIs excluding ESCB reporting sector - Loans, Total maturity, All currencies combined - Euro area (changing composition) counterpart, Households and non-profit institutions serving households (S.14 and S.15) sector, denominated in Euro, data Neither seasonally nor working day adjusted",EUR,6
BSI.M.IT.N.A.A20.A.1.U2.2250.Z01.E,M,IT,N,A,A20,A,1,U2,2250,Z01,E,2023-12,671248,A,F,,,P1M,,E,,,,,,,,,2,,,"Loans to euro area households granted by MFIs excluding NCB, Stocks","Italy, Outstanding amounts at the end of the period (stocks), MFIs excluding ESCB reporting sector - Loans, Total maturity, All currencies combined - Euro area (changing composition) counterpart, Households and non-profit institutions serving households (S.14 and S.15) sector, denominated in Euro, data Neither seasonally nor working day adjusted",EUR,6
BSI.M.IT.N.A.A20.A.1.U2.2250.Z01.E,M,IT,N,A,A20,A,1,U2,2250,Z01,E,2024-01,669164,A,F,,,P1M,,E,,,,,,,,,2,,,"Loans to euro area households granted by MFIs excluding NCB, Stocks","Italy, Outstanding amounts at the end of the period (stocks), MFIs excluding ESCB reporting sector - Loans, Total maturity, All currencies combined - Euro area (changing composition) counterpart, Households and non-profit institutions serving households (S.14 and S.15) sector, denominated in Euro, data Neither seasonally nor working day adjusted",EUR,6
BSI.M.IT.N.A.A20.A.1.U2.2250.Z01.E,M,IT,N,A,A20,A,1,U2,2250,Z01,E,2024-02,667634,A,F,,,P1M,,E,,,,,,,,,2,,,"Loans to euro area households granted by MFIs excluding NCB, Stocks","Italy, Outstanding amounts at the end of the period (stocks), MFIs excluding ESCB reporting sector - Loans, Total maturity, All currencies combined - Euro area (changing composition) counterpart, Households and non-profit institutions serving households (S.14 and S.15) sector, denominated in Euro, data Neither seasonally nor working day adjusted",EUR,6
BSI.M.IT.N.A.A20.A.1.U2.2250.Z01.E,M,IT,N,A,A20,A,1,U2,2250,Z01,E,2024-03,667637,A,F,,,P1M,,E,,,,,,,,,2,,,"Loans to euro area households granted by MFIs excluding NCB, Stocks","Italy, Outstanding amounts at the end of the period (stocks), MFIs excluding ESCB reporting sector - Loans, Total maturity, All currencies combined - Euro area (changing composition) counterpart, Households and non-profit institutions serving households (S.14 and S.15) sector, denominated in Euro, data Neither seasonally nor working day adjusted",EUR,6
BSI.M.IT.N.A.A20.A.1.U2.2250.Z01.E,M,IT,N,A,A20,A,1,U2,2250,Z01,E,2024-04,667145,A,F,,,P1M,,E,,,,,,,,,2,,,"Loans to euro area households granted by MFIs excluding NCB, Stocks","Italy, Outstanding amounts at the end of the period (stocks), MFIs excluding ESCB reporting sector - Loans, Total maturity, All currencies combined - Euro area (changing composition) counterpart, Households and non-profit institutions serving households (S.14 and S.15) sector, denominated in Euro, data Neither seasonally nor working day adjusted",EUR,6
BSI.M.IT.N.A.A20.A.1.U2.2250.Z01.E,M,IT,N,A,A20,A,1,U2,2250,Z01,E,2024-05,665167,A,F,,,P1M,,E,,,,,,,,,2,,,"Loans to euro area households granted by MFIs excluding NCB, Stocks","Italy, Outstanding amounts at the end of the period (stocks), MFIs excluding ESCB reporting sector - Loans, Total maturity, All currencies combined - Euro area (changing composition) counterpart, Households and non-profit institutions serving households (S.14 and S.15) sector, denominated in Euro, data Neither seasonally nor working day adjusted",EUR,6
BSI.M.IT.N.A.A20.A.1.U2.2250.Z01.E,M,IT,N,A,A20,A,1,U2,2250,Z01,E,2024-06,665251,A,F,,,P1M,,E,,,,,,,,,2,,,"Loans to euro area households granted by MFIs excluding NCB, Stocks","Italy, Outstanding amounts at the end of the period (stocks), MFIs excluding ESCB reporting sector - Loans, Total maturity, All currencies combined - Euro area (changing composition) counterpart, Households and non-profit institutions serving households (S.14 and S.15) sector, denominated in Euro, data Neither seasonally nor working day adjusted",EUR,6
BSI.M.IT.N.A.A20.A.1.U2.2250.Z01.E,M,IT,N,A,A20,A,1,U2,2250,Z01,E,2024-07,666844,A,F,,,P1M,,E,,,,,,,,,2,,,"Loans to euro area households granted by MFIs excluding NCB, Stocks","Italy, Outstanding amounts at the end of the period (stocks), MFIs excluding ESCB reporting sector - Loans, Total maturity, All currencies combined - Euro area (changing composition) counterpart, Households and non-profit institutions serving households (S.14 and S.15) sector, denominated in Euro, data Neither seasonally nor working day adjusted",EUR,6
BSI.M.IT.N.A.A20.A.1.U2.2250.Z01.E,M,IT,N,A,A20,A,1,U2,2250,Z01,E,2024-08,664089,A,F,,,P1M,,E,,,,,,,,,2,,,"Loans to euro area households granted by MFIs excluding NCB, Stocks","Italy, Outstanding amounts at the end of the period (stocks), MFIs excluding ESCB reporting sector - Loans, Total maturity, All currencies combined - Euro area (changing composition) counterpart, Households and non-profit institutions serving households (S.14 and S.15) sector, denominated in Euro, data Neither seasonally nor working day adjusted",EUR,6
BSI.M.IT.N.A.A20.A.1.U2.2250.Z01.E,M,IT,N,A,A20,A,1,U2,2250,Z01,E,2024-09,665506,A,F,,,P1M,,E,,,,,,,,,2,,,"Loans to euro area households granted by MFIs excluding NCB, Stocks","Italy, Outstanding amounts at the end of the period (stocks), MFIs excluding ESCB reporting sector - Loans, Total maturity, All currencies combined - Euro area (changing composition) counterpart, Households and non-profit institutions serving households (S.14 and S.15) sector, denominated in Euro, data Neither seasonally nor working day adjusted",EUR,6
BSI.M.IT.N.A.A20.A.1.U2.2250.Z01.E,M,IT,N,A,A20,A,1,U2,2250,Z01,E,2024-10,667041,A,F,,,P1M,,E,,,,,,,,,2,,,"Loans to euro area households granted by MFIs excluding NCB, Stocks","Italy, Outstanding amounts at the end of the period (stocks), MFIs excluding ESCB reporting sector - Loans, Total maturity, All currencies combined - Euro area (changing composition) counterpart, Households and non-profit institutions serving households (S.14 and S.15) sector, denominated in Euro, data Neither seasonally nor working day adjusted",EUR,6
BSI.M.IT.N.A.A20.A.1.U2.2250.Z01.E,M,IT,N,A,A20,A,1,U2,2250,Z01,E,2024-11,668454,A,F,,,P1M,,E,,,,,,,,,2,,,"Loans to euro area households granted by MFIs excluding NCB, Stocks","Italy, Outstanding amounts at the end of the period (stocks), MFIs excluding ESCB reporting sector - Loans, Total maturity, All currencies combined - Euro area (changing composition) counterpart, Households and non-profit institutions serving households (S.14 and S.15) sector, denominated in Euro, data Neither seasonally nor working day adjusted",EUR,6
BSI.M.IT.N.A.A20.A.1.U2.2250.Z01.E,M,IT,N,A,A20,A,1,U2,2250,Z01,E,2024-12,668838,A,F,,,P1M,,E,,,,,,,,,2,,,"Loans to euro area households granted by MFIs excluding NCB, Stocks","Italy, Outstanding amounts at the end of the period (stocks), MFIs excluding ESCB reporting sector - Loans, Total maturity, All currencies combined - Euro area (changing composition) counterpart, Households and non-profit institutions serving households (S.14 and S.15) sector, denominated in Euro, data Neither seasonally nor working day adjusted",EUR,6
BSI.M.IT.N.A.A20.A.1.U2.2250.Z01.E,M,IT,N,A,A20,A,1,U2,2250,Z01,E,2025-01,668085,A,F,,,P1M,,E,,,,,,,,,2,,,"Loans to euro area households granted by MFIs excluding NCB, Stocks","Italy, Outstanding amounts at the end of the period (stocks), MFIs excluding ESCB reporting sector - Loans, Total maturity, All currencies combined - Euro area (changing composition) counterpart, Households and non-profit institutions serving households (S.14 and S.15) sector, denominated in Euro, data Neither seasonally nor working day adjusted",EUR,6
BSI.M.IT.N.A.A20.A.1.U2.2250.Z01.E,M,IT,N,A,A20,A,1,U2,2250,Z01,E,2025-02,668503,A,F,,,P1M,,E,,,,,,,,,2,,,"Loans to euro area households granted by MFIs excluding NCB, Stocks","Italy, Outstanding amounts at the end of the period (stocks), MFIs excluding ESCB reporting sector - Loans, Total maturity, All currencies combined - Euro area (changing composition) counterpart, Households and non-profit institutions serving households (S.14 and S.15) sector, denominated in Euro, data Neither seasonally nor working day adjusted",EUR,6
BSI.M.IT.N.A.A20.A.1.U2.2250.Z01.E,M,IT,N,A,A20,A,1,U2,2250,Z01,E,2025-03,671074,A,F,,,P1M,,E,,,,,,,,,2,,,"Loans to euro area households granted by MFIs excluding NCB, Stocks","Italy, Outstanding amounts at the end of the period (stocks), MFIs excluding ESCB reporting sector - Loans, Total maturity, All currencies combined - Euro area (changing composition) counterpart, Households and non-profit institutions serving households (S.14 and S.15) sector, denominated in Euro, data Neither seasonally nor working day adjusted",EUR,6
BSI.M.IT.N.A.A20.A.1.U2.2250.Z01.E,M,IT,N,A,A20,A,1,U2,2250,Z01,E,2025-04,672162,A,F,,,P1M,,E,,,,,,,,,2,,,"Loans to euro area households granted by MFIs excluding NCB, Stocks","Italy, Outstanding amounts at the end of the period (stocks), MFIs excluding ESCB reporting sector - Loans, Total maturity, All currencies combined - Euro area (changing composition) counterpart, Households and non-profit institutions serving households (S.14 and S.15) sector, denominated in Euro, data Neither seasonally nor working day adjusted",EUR,6
BSI.M.IT.N.A.A20.A.1.U2.2250.Z01.E,M,IT,N,A,A20,A,1,U2,2250,Z01,E,2025-05,674264,A,F,,,P1M,,E,,,,,,,,,2,,,"Loans to euro area households granted by MFIs excluding NCB, Stocks","Italy, Outstanding amounts at the end of the period (stocks), MFIs excluding ESCB reporting sector - Loans, Total maturity, All currencies combined - Euro area (changing composition) counterpart, Households and non-profit institutions serving households (S.14 and S.15) sector, denominated in Euro, data Neither seasonally nor working day adjusted",EUR,6
BSI.M.IT.N.A.A20.A.1.U2.2250.Z01.E,M,IT,N,A,A20,A,1,U2,2250,Z01,E,2025-06,675755,A,F,,,P1M,,E,,,,,,,,,2,,,"Loans to euro area households granted by MFIs excluding NCB, Stocks","Italy, Outstanding amounts at the end of the period (stocks), MFIs excluding ESCB reporting sector - Loans, Total maturity, All currencies combined - Euro area (changing composition) counterpart, Households and non-profit institutions serving households (S.14 and S.15) sector, denominated in Euro, data Neither seasonally nor working day adjusted",EUR,6
BSI.M.IT.N.A.A20.A.1.U2.2250.Z01.E,M,IT,N,A,A20,A,1,U2,2250,Z01,E,2025-07,678774,A,F,,,P1M,,E,,,,,,,,,2,,,"Loans to euro area households granted by MFIs excluding NCB, Stocks","Italy, Outstanding amounts at the end of the period (stocks), MFIs excluding ESCB reporting sector - Loans, Total maturity, All currencies combined - Euro area (changing composition) counterpart, Households and non-profit institutions serving households (S.14 and S.15) sector, denominated in Euro, data Neither seasonally nor working day adjusted",EUR,6
BSI.M.IT.N.A.A20.A.1.U2.2250.Z01.E,M,IT,N,A,A20,A,1,U2,2250,Z01,E,2025-08,676150,A,F,,,P1M,,E,,,,,,,,,2,,,"Loans to euro area households granted by MFIs excluding NCB, Stocks","Italy, Outstanding amounts at the end of the period (stocks), MFIs excluding ESCB reporting sector - Loans, Total maturity, All currencies combined - Euro area (changing composition) counterpart, Households and non-profit institutions serving households (S.14 and S.15) sector, denominated in Euro, data Neither seasonally nor working day adjusted",EUR,6
BSI.M.IT.N.A.A20.A.1.U2.2250.Z01.E,M,IT,N,A,A20,A,1,U2,2250,Z01,E,2025-09,678760,A,F,,,P1M,,E,,,,,,,,,2,,,"Loans to euro area households granted by MFIs excluding NCB, Stocks","Italy, Outstanding amounts at the end of the period (stocks), MFIs excluding ESCB reporting sector - Loans, Total maturity, All currencies combined - Euro area (changing composition) counterpart, Households and non-profit institutions serving households (S.14 and S.15) sector, denominated in Euro, data Neither seasonally nor working day adjusted",EUR,6
BSI.M.IT.N.A.A20.A.1.U2.2250.Z01.E,M,IT,N,A,A20,A,1,U2,2250,Z01,E,2025-10,681184,A,F,,,P1M,,E,,,,,,,,,2,,,"Loans to euro area households granted by MFIs excluding NCB, Stocks","Italy, Outstanding amounts at the end of the period (stocks), MFIs excluding ESCB reporting sector - Loans, Total maturity, All currencies combined - Euro area (changing composition) counterpart, Households and non-profit institutions serving households (S.14 and S.15) sector, denominated in Euro, data Neither seasonally nor working day adjusted",EUR,6
BSI.M.IT.N.A.A20.A.1.U2.2250.Z01.E,M,IT,N,A,A20,A,1,U2,2250,Z01,E,2025-11,683751,A,F,,,P1M,,E,,,,,,,,,2,,,"Loans to euro area households granted by MFIs excluding NCB, Stocks","Italy, Outstanding amounts at the end of the period (stocks), MFIs excluding ESCB reporting sector - Loans, Total maturity, All currencies combined - Euro area (changing composition) counterpart, Households and non-profit institutions serving households (S.14 and S.15) sector, denominated in Euro, data Neither seasonally nor working day adjusted",EUR,6
BSI.M.IT.N.A.A20.A.1.U2.2250.Z01.E,M,IT,N,A,A20,A,1,U2,2250,Z01,E,2025-12,684853,A,F,,,P1M,,E,,,,,,,,,2,,,"Loans to euro area households granted by MFIs excluding NCB, Stocks","Italy, Outstanding amounts at the end of the period (stocks), MFIs excluding ESCB reporting sector - Loans, Total maturity, All currencies combined - Euro area (changing composition) counterpart, Households and non-profit institutions serving households (S.14 and S.15) sector, denominated in Euro, data Neither seasonally nor working day adjusted",EUR,6
BSI.M.IT.N.A.A20.A.1.U2.2250.Z01.E,M,IT,N,A,A20,A,1,U2,2250,Z01,E,2026-01,684442,A,F,,,P1M,,E,,,,,,,,,2,,,"Loans to euro area households granted by MFIs excluding NCB, Stocks","Italy, Outstanding amounts at the end of the period (stocks), MFIs excluding ESCB reporting sector - Loans, Total maturity, All currencies combined - Euro area (changing composition) counterpart, Households and non-profit institutions serving households (S.14 and S.15) sector, denominated in Euro, data Neither seasonally nor working day adjusted",EUR,6
BSI.M.IT.N.A.A20.A.1.U2.2250.Z01.E,M,IT,N,A,A20,A,1,U2,2250,Z01,E,2026-02,685254,A,F,,,P1M,,E,,,,,,,,,2,,,"Loans to euro area households granted by MFIs excluding NCB, Stocks","Italy, Outstanding amounts at the end of the period (stocks), MFIs excluding ESCB reporting sector - Loans, Total maturity, All currencies combined - Euro area (changing composition) counterpart, Households and non-profit institutions serving households (S.14 and S.15) sector, denominated in Euro, data Neither seasonally nor working day adjusted",EUR,6
BSI.M.IT.N.A.A20.A.1.U2.2250.Z01.E,M,IT,N,A,A20,A,1,U2,2250,Z01,E,2026-03,688773,A,F,,,P1M,,E,,,,,,,,,2,,,"Loans to euro area households granted by MFIs excluding NCB, Stocks","Italy, Outstanding amounts at the end of the period (stocks), MFIs excluding ESCB reporting sector - Loans, Total maturity, All currencies combined - Euro area (changing composition) counterpart, Households and non-profit institutions serving households (S.14 and S.15) sector, denominated in Euro, data Neither seasonally nor working day adjusted",EUR,6
BSI.M.IT.N.A.A20.A.1.U2.2250.Z01.E,M,IT,N,A,A20,A,1,U2,2250,Z01,E,2026-04,689838,A,F,,,P1M,,E,,,,,,,,,2,,,"Loans to euro area households granted by MFIs excluding NCB, Stocks","Italy, Outstanding amounts at the end of the period (stocks), MFIs excluding ESCB reporting sector - Loans, Total maturity, All currencies combined - Euro area (changing composition) counterpart, Households and non-profit institutions serving households (S.14 and S.15) sector, denominated in Euro, data Neither seasonally nor working day adjusted",EUR,6
BSI.M.IT.N.A.A20.A.1.U2.2250.Z01.E,M,IT,N,A,A20,A,1,U2,2250,Z01,E,2026-05,691897,A,F,,,P1M,,E,,,,,,,,,2,,,"Loans to euro area households granted by MFIs excluding NCB, Stocks","Italy, Outstanding amounts at the end of the period (stocks), MFIs excluding ESCB reporting sector - Loans, Total maturity, All currencies combined - Euro area (changing composition) counterpart, Households and non-profit institutions serving households (S.14 and S.15) sector, denominated in Euro, data Neither seasonally nor working day adjusted",EUR,6
BSI.M.IT.N.A.A20.A.1.U2.2250.Z01.E,M,IT,N,A,A20,A,1,U2,2250,Z01,E,2026-06,694486,A,F,,,P1M,,E,,,,,,,,,2,,,"Loans to euro area households granted by MFIs excluding NCB, Stocks","Italy, Outstanding amounts at the end of the period (stocks), MFIs excluding ESCB reporting sector - Loans, Total maturity, All currencies combined - Euro area (changing composition) counterpart, Households and non-profit institutions serving households (S.14 and S.15) sector, denominated in Euro, data Neither seasonally nor working day adjusted",EUR,6
BSI.M.IT.N.A.A20.A.1.U2.2250.Z01.E,M,IT,N,A,A20,A,1,U2,2250,Z01,E,2026-07,697026,P,F,,,P1M,,E,,,,,,,,,2,,,"Loans to euro area households granted by MFIs excluding NCB, Stocks","Italy, Outstanding amounts at the end of the period (stocks), MFIs excluding ESCB reporting sector - Loans, Total maturity, All currencies combined - Euro area (changing composition) counterpart, Households and non-profit institutions serving households (S.14 and S.15) sector, denominated in Euro, data Neither seasonally nor working day adjusted",EUR,6
BSI.M.NL.N.A.A20.A.1.U2.2250.Z01.E,M,NL,N,A,A20,A,1,U2,2250,Z01,E,2019-01,513570,A,F,,,P1M,,E,,,,,,,,,2,,,"Loans to euro area households granted by MFIs excluding NCB, Stocks","Netherlands, Outstanding amounts at the end of the period (stocks), MFIs excluding ESCB reporting sector - Loans, Total maturity, All currencies combined - Euro area (changing composition) counterpart, Households and non-profit institutions serving households (S.14 and S.15) sector, denominated in Euro, data Neither seasonally nor working day adjusted",EUR,6
BSI.M.NL.N.A.A20.A.1.U2.2250.Z01.E,M,NL,N,A,A20,A,1,U2,2250,Z01,E,2019-02,515459,A,F,,,P1M,,E,,,,,,,,,2,,,"Loans to euro area households granted by MFIs excluding NCB, Stocks","Netherlands, Outstanding amounts at the end of the period (stocks), MFIs excluding ESCB reporting sector - Loans, Total maturity, All currencies combined - Euro area (changing composition) counterpart, Households and non-profit institutions serving households (S.14 and S.15) sector, denominated in Euro, data Neither seasonally nor working day adjusted",EUR,6
BSI.M.NL.N.A.A20.A.1.U2.2250.Z01.E,M,NL,N,A,A20,A,1,U2,2250,Z01,E,2019-03,515947,A,F,,,P1M,,E,,,,,,,,,2,,,"Loans to euro area households granted by MFIs excluding NCB, Stocks","Netherlands, Outstanding amounts at the end of the period (stocks), MFIs excluding ESCB reporting sector - Loans, Total maturity, All currencies combined - Euro area (changing composition) counterpart, Households and non-profit institutions serving households (S.14 and S.15) sector, denominated in Euro, data Neither seasonally nor working day adjusted",EUR,6
BSI.M.NL.N.A.A20.A.1.U2.2250.Z01.E,M,NL,N,A,A20,A,1,U2,2250,Z01,E,2019-04,516098,A,F,,,P1M,,E,,,,,,,,,2,,,"Loans to euro area households granted by MFIs excluding NCB, Stocks","Netherlands, Outstanding amounts at the end of the period (stocks), MFIs excluding ESCB reporting sector - Loans, Total maturity, All currencies combined - Euro area (changing composition) counterpart, Households and non-profit institutions serving households (S.14 and S.15) sector, denominated in Euro, data Neither seasonally nor working day adjusted",EUR,6
BSI.M.NL.N.A.A20.A.1.U2.2250.Z01.E,M,NL,N,A,A20,A,1,U2,2250,Z01,E,2019-05,516254,A,F,,,P1M,,E,,,,,,,,,2,,,"Loans to euro area households granted by MFIs excluding NCB, Stocks","Netherlands, Outstanding amounts at the end of the period (stocks), MFIs excluding ESCB reporting sector - Loans, Total maturity, All currencies combined - Euro area (changing composition) counterpart, Households and non-profit institutions serving households (S.14 and S.15) sector, denominated in Euro, data Neither seasonally nor working day adjusted",EUR,6
BSI.M.NL.N.A.A20.A.1.U2.2250.Z01.E,M,NL,N,A,A20,A,1,U2,2250,Z01,E,2019-06,516704,A,F,,,P1M,,E,,,,,,,,,2,,,"Loans to euro area households granted by MFIs excluding NCB, Stocks","Netherlands, Outstanding amounts at the end of the period (stocks), MFIs excluding ESCB reporting sector - Loans, Total maturity, All currencies combined - Euro area (changing composition) counterpart, Households and non-profit institutions serving households (S.14 and S.15) sector, denominated in Euro, data Neither seasonally nor working day adjusted",EUR,6
BSI.M.NL.N.A.A20.A.1.U2.2250.Z01.E,M,NL,N,A,A20,A,1,U2,2250,Z01,E,2019-07,517868,A,F,,,P1M,,E,,,,,,,,,2,,,"Loans to euro area households granted by MFIs excluding NCB, Stocks","Netherlands, Outstanding amounts at the end of the period (stocks), MFIs excluding ESCB reporting sector - Loans, Total maturity, All currencies combined - Euro area (changing composition) counterpart, Households and non-profit institutions serving households (S.14 and S.15) sector, denominated in Euro, data Neither seasonally nor working day adjusted",EUR,6
BSI.M.NL.N.A.A20.A.1.U2.2250.Z01.E,M,NL,N,A,A20,A,1,U2,2250,Z01,E,2019-08,518623,A,F,,,P1M,,E,,,,,,,,,2,,,"Loans to euro area households granted by MFIs excluding NCB, Stocks","Netherlands, Outstanding amounts at the end of the period (stocks), MFIs excluding ESCB reporting sector - Loans, Total maturity, All currencies combined - Euro area (changing composition) counterpart, Households and non-profit institutions serving households (S.14 and S.15) sector, denominated in Euro, data Neither seasonally nor working day adjusted",EUR,6
BSI.M.NL.N.A.A20.A.1.U2.2250.Z01.E,M,NL,N,A,A20,A,1,U2,2250,Z01,E,2019-09,519714,A,F,,,P1M,,E,,,,,,,,,2,,,"Loans to euro area households granted by MFIs excluding NCB, Stocks","Netherlands, Outstanding amounts at the end of the period (stocks), MFIs excluding ESCB reporting sector - Loans, Total maturity, All currencies combined - Euro area (changing composition) counterpart, Households and non-profit institutions serving households (S.14 and S.15) sector, denominated in Euro, data Neither seasonally nor working day adjusted",EUR,6
BSI.M.NL.N.A.A20.A.1.U2.2250.Z01.E,M,NL,N,A,A20,A,1,U2,2250,Z01,E,2019-10,519711,A,F,,,P1M,,E,,,,,,,,,2,,,"Loans to euro area households granted by MFIs excluding NCB, Stocks","Netherlands, Outstanding amounts at the end of the period (stocks), MFIs excluding ESCB reporting sector - Loans, Total maturity, All currencies combined - Euro area (changing composition) counterpart, Households and non-profit institutions serving households (S.14 and S.15) sector, denominated in Euro, data Neither seasonally nor working day adjusted",EUR,6
BSI.M.NL.N.A.A20.A.1.U2.2250.Z01.E,M,NL,N,A,A20,A,1,U2,2250,Z01,E,2019-11,519661,A,F,,,P1M,,E,,,,,,,,,2,,,"Loans to euro area households granted by MFIs excluding NCB, Stocks","Netherlands, Outstanding amounts at the end of the period (stocks), MFIs excluding ESCB reporting sector - Loans, Total maturity, All currencies combined - Euro area (changing composition) counterpart, Households and non-profit institutions serving households (S.14 and S.15) sector, denominated in Euro, data Neither seasonally nor working day adjusted",EUR,6
BSI.M.NL.N.A.A20.A.1.U2.2250.Z01.E,M,NL,N,A,A20,A,1,U2,2250,Z01,E,2019-12,524282,A,F,,,P1M,,E,,,,,,,,,2,,,"Loans to euro area households granted by MFIs excluding NCB, Stocks","Netherlands, Outstanding amounts at the end of the period (stocks), MFIs excluding ESCB reporting sector - Loans, Total maturity, All currencies combined - Euro area (changing composition) counterpart, Households and non-profit institutions serving households (S.14 and S.15) sector, denominated in Euro, data Neither seasonally nor working day adjusted",EUR,6
BSI.M.NL.N.A.A20.A.1.U2.2250.Z01.E,M,NL,N,A,A20,A,1,U2,2250,Z01,E,2020-01,524678,A,F,,,P1M,,E,,,,,,,,,2,,,"Loans to euro area households granted by MFIs excluding NCB, Stocks","Netherlands, Outstanding amounts at the end of the period (stocks), MFIs excluding ESCB reporting sector - Loans, Total maturity, All currencies combined - Euro area (changing composition) counterpart, Households and non-profit institutions serving households (S.14 and S.15) sector, denominated in Euro, data Neither seasonally nor working day adjusted",EUR,6
BSI.M.NL.N.A.A20.A.1.U2.2250.Z01.E,M,NL,N,A,A20,A,1,U2,2250,Z01,E,2020-02,524665,A,F,,,P1M,,E,,,,,,,,,2,,,"Loans to euro area households granted by MFIs excluding NCB, Stocks","Netherlands, Outstanding amounts at the end of the period (stocks), MFIs excluding ESCB reporting sector - Loans, Total maturity, All currencies combined - Euro area (changing composition) counterpart, Households and non-profit institutions serving households (S.14 and S.15) sector, denominated in Euro, data Neither seasonally nor working day adjusted",EUR,6
BSI.M.NL.N.A.A20.A.1.U2.2250.Z01.E,M,NL,N,A,A20,A,1,U2,2250,Z01,E,2020-03,524572,A,F,,,P1M,,E,,,,,,,,,2,,,"Loans to euro area households granted by MFIs excluding NCB, Stocks","Netherlands, Outstanding amounts at the end of the period (stocks), MFIs excluding ESCB reporting sector - Loans, Total maturity, All currencies combined - Euro area (changing composition) counterpart, Households and non-profit institutions serving households (S.14 and S.15) sector, denominated in Euro, data Neither seasonally nor working day adjusted",EUR,6
BSI.M.NL.N.A.A20.A.1.U2.2250.Z01.E,M,NL,N,A,A20,A,1,U2,2250,Z01,E,2020-04,524336,A,F,,,P1M,,E,,,,,,,,,2,,,"Loans to euro area households granted by MFIs excluding NCB, Stocks","Netherlands, Outstanding amounts at the end of the period (stocks), MFIs excluding ESCB reporting sector - Loans, Total maturity, All currencies combined - Euro area (changing composition) counterpart, Households and non-profit institutions serving households (S.14 and S.15) sector, denominated in Euro, data Neither seasonally nor working day adjusted",EUR,6
BSI.M.NL.N.A.A20.A.1.U2.2250.Z01.E,M,NL,N,A,A20,A,1,U2,2250,Z01,E,2020-05,525036,A,F,,,P1M,,E,,,,,,,,,2,,,"Loans to euro area households granted by MFIs excluding NCB, Stocks","Netherlands, Outstanding amounts at the end of the period (stocks), MFIs excluding ESCB reporting sector - Loans, Total maturity, All currencies combined - Euro area (changing composition) counterpart, Households and non-profit institutions serving households (S.14 and S.15) sector, denominated in Euro, data Neither seasonally nor working day adjusted",EUR,6
BSI.M.NL.N.A.A20.A.1.U2.2250.Z01.E,M,NL,N,A,A20,A,1,U2,2250,Z01,E,2020-06,525038,A,F,,,P1M,,E,,,,,,,,,2,,,"Loans to euro area households granted by MFIs excluding NCB, Stocks","Netherlands, Outstanding amounts at the end of the period (stocks), MFIs excluding ESCB reporting sector - Loans, Total maturity, All currencies combined - Euro area (changing composition) counterpart, Households and non-profit institutions serving households (S.14 and S.15) sector, denominated in Euro, data Neither seasonally nor working day adjusted",EUR,6
BSI.M.NL.N.A.A20.A.1.U2.2250.Z01.E,M,NL,N,A,A20,A,1,U2,2250,Z01,E,2020-07,525066,A,F,,,P1M,,E,,,,,,,,,2,,,"Loans to euro area households granted by MFIs excluding NCB, Stocks","Netherlands, Outstanding amounts at the end of the period (stocks), MFIs excluding ESCB reporting sector - Loans, Total maturity, All currencies combined - Euro area (changing composition) counterpart, Households and non-profit institutions serving households (S.14 and S.15) sector, denominated in Euro, data Neither seasonally nor working day adjusted",EUR,6
BSI.M.NL.N.A.A20.A.1.U2.2250.Z01.E,M,NL,N,A,A20,A,1,U2,2250,Z01,E,2020-08,524943,A,F,,,P1M,,E,,,,,,,,,2,,,"Loans to euro area households granted by MFIs excluding NCB, Stocks","Netherlands, Outstanding amounts at the end of the period (stocks), MFIs excluding ESCB reporting sector - Loans, Total maturity, All currencies combined - Euro area (changing composition) counterpart, Households and non-profit institutions serving households (S.14 and S.15) sector, denominated in Euro, data Neither seasonally nor working day adjusted",EUR,6
BSI.M.NL.N.A.A20.A.1.U2.2250.Z01.E,M,NL,N,A,A20,A,1,U2,2250,Z01,E,2020-09,526308,A,F,,,P1M,,E,,,,,,,,,2,,,"Loans to euro area households granted by MFIs excluding NCB, Stocks","Netherlands, Outstanding amounts at the end of the period (stocks), MFIs excluding ESCB reporting sector - Loans, Total maturity, All currencies combined - Euro area (changing composition) counterpart, Households and non-profit institutions serving households (S.14 and S.15) sector, denominated in Euro, data Neither seasonally nor working day adjusted",EUR,6
BSI.M.NL.N.A.A20.A.1.U2.2250.Z01.E,M,NL,N,A,A20,A,1,U2,2250,Z01,E,2020-10,526788,A,F,,,P1M,,E,,,,,,,,,2,,,"Loans to euro area households granted by MFIs excluding NCB, Stocks","Netherlands, Outstanding amounts at the end of the period (stocks), MFIs excluding ESCB reporting sector - Loans, Total maturity, All currencies combined - Euro area (changing composition) counterpart, Households and non-profit institutions serving households (S.14 and S.15) sector, denominated in Euro, data Neither seasonally nor working day adjusted",EUR,6
BSI.M.NL.N.A.A20.A.1.U2.2250.Z01.E,M,NL,N,A,A20,A,1,U2,2250,Z01,E,2020-11,527772,A,F,,,P1M,,E,,,,,,,,,2,,,"Loans to euro area households granted by MFIs excluding NCB, Stocks","Netherlands, Outstanding amounts at the end of the period (stocks), MFIs excluding ESCB reporting sector - Loans, Total maturity, All currencies combined - Euro area (changing composition) counterpart, Households and non-profit institutions serving households (S.14 and S.15) sector, denominated in Euro, data Neither seasonally nor working day adjusted",EUR,6
BSI.M.NL.N.A.A20.A.1.U2.2250.Z01.E,M,NL,N,A,A20,A,1,U2,2250,Z01,E,2020-12,537504,A,F,,,P1M,,E,,,,,,,,,2,,,"Loans to euro area households granted by MFIs excluding NCB, Stocks","Netherlands, Outstanding amounts at the end of the period (stocks), MFIs excluding ESCB reporting sector - Loans, Total maturity, All currencies combined - Euro area (changing composition) counterpart, Households and non-profit institutions serving households (S.14 and S.15) sector, denominated in Euro, data Neither seasonally nor working day adjusted",EUR,6
BSI.M.NL.N.A.A20.A.1.U2.2250.Z01.E,M,NL,N,A,A20,A,1,U2,2250,Z01,E,2021-01,537840,A,F,,,P1M,,E,,,,,,,,,2,,,"Loans to euro area households granted by MFIs excluding NCB, Stocks","Netherlands, Outstanding amounts at the end of the period (stocks), MFIs excluding ESCB reporting sector - Loans, Total maturity, All currencies combined - Euro area (changing composition) counterpart, Households and non-profit institutions serving households (S.14 and S.15) sector, denominated in Euro, data Neither seasonally nor working day adjusted",EUR,6
BSI.M.NL.N.A.A20.A.1.U2.2250.Z01.E,M,NL,N,A,A20,A,1,U2,2250,Z01,E,2021-02,538517,A,F,,,P1M,,E,,,,,,,,,2,,,"Loans to euro area households granted by MFIs excluding NCB, Stocks","Netherlands, Outstanding amounts at the end of the period (stocks), MFIs excluding ESCB reporting sector - Loans, Total maturity, All currencies combined - Euro area (changing composition) counterpart, Households and non-profit institutions serving households (S.14 and S.15) sector, denominated in Euro, data Neither seasonally nor working day adjusted",EUR,6
BSI.M.NL.N.A.A20.A.1.U2.2250.Z01.E,M,NL,N,A,A20,A,1,U2,2250,Z01,E,2021-03,541270,A,F,,,P1M,,E,,,,,,,,,2,,,"Loans to euro area households granted by MFIs excluding NCB, Stocks","Netherlands, Outstanding amounts at the end of the period (stocks), MFIs excluding ESCB reporting sector - Loans, Total maturity, All currencies combined - Euro area (changing composition) counterpart, Households and non-profit institutions serving households (S.14 and S.15) sector, denominated in Euro, data Neither seasonally nor working day adjusted",EUR,6
BSI.M.NL.N.A.A20.A.1.U2.2250.Z01.E,M,NL,N,A,A20,A,1,U2,2250,Z01,E,2021-04,542539,A,F,,,P1M,,E,,,,,,,,,2,,,"Loans to euro area households granted by MFIs excluding NCB, Stocks","Netherlands, Outstanding amounts at the end of the period (stocks), MFIs excluding ESCB reporting sector - Loans, Total maturity, All currencies combined - Euro area (changing composition) counterpart, Households and non-profit institutions serving households (S.14 and S.15) sector, denominated in Euro, data Neither seasonally nor working day adjusted",EUR,6
BSI.M.NL.N.A.A20.A.1.U2.2250.Z01.E,M,NL,N,A,A20,A,1,U2,2250,Z01,E,2021-05,543298,A,F,,,P1M,,E,,,,,,,,,2,,,"Loans to euro area households granted by MFIs excluding NCB, Stocks","Netherlands, Outstanding amounts at the end of the period (stocks), MFIs excluding ESCB reporting sector - Loans, Total maturity, All currencies combined - Euro area (changing composition) counterpart, Households and non-profit institutions serving households (S.14 and S.15) sector, denominated in Euro, data Neither seasonally nor working day adjusted",EUR,6
BSI.M.NL.N.A.A20.A.1.U2.2250.Z01.E,M,NL,N,A,A20,A,1,U2,2250,Z01,E,2021-06,544672,A,F,,,P1M,,E,,,,,,,,,2,,,"Loans to euro area households granted by MFIs excluding NCB, Stocks","Netherlands, Outstanding amounts at the end of the period (stocks), MFIs excluding ESCB reporting sector - Loans, Total maturity, All currencies combined - Euro area (changing composition) counterpart, Households and non-profit institutions serving households (S.14 and S.15) sector, denominated in Euro, data Neither seasonally nor working day adjusted",EUR,6
BSI.M.NL.N.A.A20.A.1.U2.2250.Z01.E,M,NL,N,A,A20,A,1,U2,2250,Z01,E,2021-07,548617,A,F,,,P1M,,E,,,,,,,,,2,,,"Loans to euro area households granted by MFIs excluding NCB, Stocks","Netherlands, Outstanding amounts at the end of the period (stocks), MFIs excluding ESCB reporting sector - Loans, Total maturity, All currencies combined - Euro area (changing composition) counterpart, Households and non-profit institutions serving households (S.14 and S.15) sector, denominated in Euro, data Neither seasonally nor working day adjusted",EUR,6
BSI.M.NL.N.A.A20.A.1.U2.2250.Z01.E,M,NL,N,A,A20,A,1,U2,2250,Z01,E,2021-08,549147,A,F,,,P1M,,E,,,,,,,,,2,,,"Loans to euro area households granted by MFIs excluding NCB, Stocks","Netherlands, Outstanding amounts at the end of the period (stocks), MFIs excluding ESCB reporting sector - Loans, Total maturity, All currencies combined - Euro area (changing composition) counterpart, Households and non-profit institutions serving households (S.14 and S.15) sector, denominated in Euro, data Neither seasonally nor working day adjusted",EUR,6
BSI.M.NL.N.A.A20.A.1.U2.2250.Z01.E,M,NL,N,A,A20,A,1,U2,2250,Z01,E,2021-09,550923,A,F,,,P1M,,E,,,,,,,,,2,,,"Loans to euro area households granted by MFIs excluding NCB, Stocks","Netherlands, Outstanding amounts at the end of the period (stocks), MFIs excluding ESCB reporting sector - Loans, Total maturity, All currencies combined - Euro area (changing composition) counterpart, Households and non-profit institutions serving households (S.14 and S.15) sector, denominated in Euro, data Neither seasonally nor working day adjusted",EUR,6
BSI.M.NL.N.A.A20.A.1.U2.2250.Z01.E,M,NL,N,A,A20,A,1,U2,2250,Z01,E,2021-10,550291,A,F,,,P1M,,E,,,,,,,,,2,,,"Loans to euro area households granted by MFIs excluding NCB, Stocks","Netherlands, Outstanding amounts at the end of the period (stocks), MFIs excluding ESCB reporting sector - Loans, Total maturity, All currencies combined - Euro area (changing composition) counterpart, Households and non-profit institutions serving households (S.14 and S.15) sector, denominated in Euro, data Neither seasonally nor working day adjusted",EUR,6
BSI.M.NL.N.A.A20.A.1.U2.2250.Z01.E,M,NL,N,A,A20,A,1,U2,2250,Z01,E,2021-11,551474,A,F,,,P1M,,E,,,,,,,,,2,,,"Loans to euro area households granted by MFIs excluding NCB, Stocks","Netherlands, Outstanding amounts at the end of the period (stocks), MFIs excluding ESCB reporting sector - Loans, Total maturity, All currencies combined - Euro area (changing composition) counterpart, Households and non-profit institutions serving households (S.14 and S.15) sector, denominated in Euro, data Neither seasonally nor working day adjusted",EUR,6
BSI.M.NL.N.A.A20.A.1.U2.2250.Z01.E,M,NL,N,A,A20,A,1,U2,2250,Z01,E,2021-12,551031,A,F,,,P1M,,E,,,,,,,,,2,,,"Loans to euro area households granted by MFIs excluding NCB, Stocks","Netherlands, Outstanding amounts at the end of the period (stocks), MFIs excluding ESCB reporting sector - Loans, Total maturity, All currencies combined - Euro area (changing composition) counterpart, Households and non-profit institutions serving households (S.14 and S.15) sector, denominated in Euro, data Neither seasonally nor working day adjusted",EUR,6
BSI.M.NL.N.A.A20.A.1.U2.2250.Z01.E,M,NL,N,A,A20,A,1,U2,2250,Z01,E,2022-01,563626,A,F,,,P1M,,E,,,,,,,,,2,,,"Loans to euro area households granted by MFIs excluding NCB, Stocks","Netherlands, Outstanding amounts at the end of the period (stocks), MFIs excluding ESCB reporting sector - Loans, Total maturity, All currencies combined - Euro area (changing composition) counterpart, Households and non-profit institutions serving households (S.14 and S.15) sector, denominated in Euro, data Neither seasonally nor working day adjusted",EUR,6
BSI.M.NL.N.A.A20.A.1.U2.2250.Z01.E,M,NL,N,A,A20,A,1,U2,2250,Z01,E,2022-02,564323,A,F,,,P1M,,E,,,,,,,,,2,,,"Loans to euro area households granted by MFIs excluding NCB, Stocks","Netherlands, Outstanding amounts at the end of the period (stocks), MFIs excluding ESCB reporting sector - Loans, Total maturity, All currencies combined - Euro area (changing composition) counterpart, Households and non-profit institutions serving households (S.14 and S.15) sector, denominated in Euro, data Neither seasonally nor working day adjusted",EUR,6
BSI.M.NL.N.A.A20.A.1.U2.2250.Z01.E,M,NL,N,A,A20,A,1,U2,2250,Z01,E,2022-03,566785,A,F,,,P1M,,E,,,,,,,,,2,,,"Loans to euro area households granted by MFIs excluding NCB, Stocks","Netherlands, Outstanding amounts at the end of the period (stocks), MFIs excluding ESCB reporting sector - Loans, Total maturity, All currencies combined - Euro area (changing composition) counterpart, Households and non-profit institutions serving households (S.14 and S.15) sector, denominated in Euro, data Neither seasonally nor working day adjusted",EUR,6
BSI.M.NL.N.A.A20.A.1.U2.2250.Z01.E,M,NL,N,A,A20,A,1,U2,2250,Z01,E,2022-04,568957,A,F,,,P1M,,E,,,,,,,,,2,,,"Loans to euro area households granted by MFIs excluding NCB, Stocks","Netherlands, Outstanding amounts at the end of the period (stocks), MFIs excluding ESCB reporting sector - Loans, Total maturity, All currencies combined - Euro area (changing composition) counterpart, Households and non-profit institutions serving households (S.14 and S.15) sector, denominated in Euro, data Neither seasonally nor working day adjusted",EUR,6
BSI.M.NL.N.A.A20.A.1.U2.2250.Z01.E,M,NL,N,A,A20,A,1,U2,2250,Z01,E,2022-05,570691,A,F,,,P1M,,E,,,,,,,,,2,,,"Loans to euro area households granted by MFIs excluding NCB, Stocks","Netherlands, Outstanding amounts at the end of the period (stocks), MFIs excluding ESCB reporting sector - Loans, Total maturity, All currencies combined - Euro area (changing composition) counterpart, Households and non-profit institutions serving households (S.14 and S.15) sector, denominated in Euro, data Neither seasonally nor working day adjusted",EUR,6
BSI.M.NL.N.A.A20.A.1.U2.2250.Z01.E,M,NL,N,A,A20,A,1,U2,2250,Z01,E,2022-06,580332,A,F,,,P1M,,E,,,,,,,,,2,,,"Loans to euro area households granted by MFIs excluding NCB, Stocks","Netherlands, Outstanding amounts at the end of the period (stocks), MFIs excluding ESCB reporting sector - Loans, Total maturity, All currencies combined - Euro area (changing composition) counterpart, Households and non-profit institutions serving households (S.14 and S.15) sector, denominated in Euro, data Neither seasonally nor working day adjusted",EUR,6
BSI.M.NL.N.A.A20.A.1.U2.2250.Z01.E,M,NL,N,A,A20,A,1,U2,2250,Z01,E,2022-07,582675,A,F,,,P1M,,E,,,,,,,,,2,,,"Loans to euro area households granted by MFIs excluding NCB, Stocks","Netherlands, Outstanding amounts at the end of the period (stocks), MFIs excluding ESCB reporting sector - Loans, Total maturity, All currencies combined - Euro area (changing composition) counterpart, Households and non-profit institutions serving households (S.14 and S.15) sector, denominated in Euro, data Neither seasonally nor working day adjusted",EUR,6
BSI.M.NL.N.A.A20.A.1.U2.2250.Z01.E,M,NL,N,A,A20,A,1,U2,2250,Z01,E,2022-08,583766,A,F,,,P1M,,E,,,,,,,,,2,,,"Loans to euro area households granted by MFIs excluding NCB, Stocks","Netherlands, Outstanding amounts at the end of the period (stocks), MFIs excluding ESCB reporting sector - Loans, Total maturity, All currencies combined - Euro area (changing composition) counterpart, Households and non-profit institutions serving households (S.14 and S.15) sector, denominated in Euro, data Neither seasonally nor working day adjusted",EUR,6
BSI.M.NL.N.A.A20.A.1.U2.2250.Z01.E,M,NL,N,A,A20,A,1,U2,2250,Z01,E,2022-09,583254,A,F,,,P1M,,E,,,,,,,,,2,,,"Loans to euro area households granted by MFIs excluding NCB, Stocks","Netherlands, Outstanding amounts at the end of the period (stocks), MFIs excluding ESCB reporting sector - Loans, Total maturity, All currencies combined - Euro area (changing composition) counterpart, Households and non-profit institutions serving households (S.14 and S.15) sector, denominated in Euro, data Neither seasonally nor working day adjusted",EUR,6
BSI.M.NL.N.A.A20.A.1.U2.2250.Z01.E,M,NL,N,A,A20,A,1,U2,2250,Z01,E,2022-10,583846,A,F,,,P1M,,E,,,,,,,,,2,,,"Loans to euro area households granted by MFIs excluding NCB, Stocks","Netherlands, Outstanding amounts at the end of the period (stocks), MFIs excluding ESCB reporting sector - Loans, Total maturity, All currencies combined - Euro area (changing composition) counterpart, Households and non-profit institutions serving households (S.14 and S.15) sector, denominated in Euro, data Neither seasonally nor working day adjusted",EUR,6
BSI.M.NL.N.A.A20.A.1.U2.2250.Z01.E,M,NL,N,A,A20,A,1,U2,2250,Z01,E,2022-11,584758,A,F,,,P1M,,E,,,,,,,,,2,,,"Loans to euro area households granted by MFIs excluding NCB, Stocks","Netherlands, Outstanding amounts at the end of the period (stocks), MFIs excluding ESCB reporting sector - Loans, Total maturity, All currencies combined - Euro area (changing composition) counterpart, Households and non-profit institutions serving households (S.14 and S.15) sector, denominated in Euro, data Neither seasonally nor working day adjusted",EUR,6
BSI.M.NL.N.A.A20.A.1.U2.2250.Z01.E,M,NL,N,A,A20,A,1,U2,2250,Z01,E,2022-12,584173,A,F,,,P1M,,E,,,,,,,,,2,,,"Loans to euro area households granted by MFIs excluding NCB, Stocks","Netherlands, Outstanding amounts at the end of the period (stocks), MFIs excluding ESCB reporting sector - Loans, Total maturity, All currencies combined - Euro area (changing composition) counterpart, Households and non-profit institutions serving households (S.14 and S.15) sector, denominated in Euro, data Neither seasonally nor working day adjusted",EUR,6
BSI.M.NL.N.A.A20.A.1.U2.2250.Z01.E,M,NL,N,A,A20,A,1,U2,2250,Z01,E,2023-01,586249,A,F,,,P1M,,E,,,,,,,,,2,,,"Loans to euro area households granted by MFIs excluding NCB, Stocks","Netherlands, Outstanding amounts at the end of the period (stocks), MFIs excluding ESCB reporting sector - Loans, Total maturity, All currencies combined - Euro area (changing composition) counterpart, Households and non-profit institutions serving households (S.14 and S.15) sector, denominated in Euro, data Neither seasonally nor working day adjusted",EUR,6
BSI.M.NL.N.A.A20.A.1.U2.2250.Z01.E,M,NL,N,A,A20,A,1,U2,2250,Z01,E,2023-02,586409,A,F,,,P1M,,E,,,,,,,,,2,,,"Loans to euro area households granted by MFIs excluding NCB, Stocks","Netherlands, Outstanding amounts at the end of the period (stocks), MFIs excluding ESCB reporting sector - Loans, Total maturity, All currencies combined - Euro area (changing composition) counterpart, Households and non-profit institutions serving households (S.14 and S.15) sector, denominated in Euro, data Neither seasonally nor working day adjusted",EUR,6
BSI.M.NL.N.A.A20.A.1.U2.2250.Z01.E,M,NL,N,A,A20,A,1,U2,2250,Z01,E,2023-03,587124,A,F,,,P1M,,E,,,,,,,,,2,,,"Loans to euro area households granted by MFIs excluding NCB, Stocks","Netherlands, Outstanding amounts at the end of the period (stocks), MFIs excluding ESCB reporting sector - Loans, Total maturity, All currencies combined - Euro area (changing composition) counterpart, Households and non-profit institutions serving households (S.14 and S.15) sector, denominated in Euro, data Neither seasonally nor working day adjusted",EUR,6
BSI.M.NL.N.A.A20.A.1.U2.2250.Z01.E,M,NL,N,A,A20,A,1,U2,2250,Z01,E,2023-04,587666,A,F,,,P1M,,E,,,,,,,,,2,,,"Loans to euro area households granted by MFIs excluding NCB, Stocks","Netherlands, Outstanding amounts at the end of the period (stocks), MFIs excluding ESCB reporting sector - Loans, Total maturity, All currencies combined - Euro area (changing composition) counterpart, Households and non-profit institutions serving households (S.14 and S.15) sector, denominated in Euro, data Neither seasonally nor working day adjusted",EUR,6
BSI.M.NL.N.A.A20.A.1.U2.2250.Z01.E,M,NL,N,A,A20,A,1,U2,2250,Z01,E,2023-05,588461,A,F,,,P1M,,E,,,,,,,,,2,,,"Loans to euro area households granted by MFIs excluding NCB, Stocks","Netherlands, Outstanding amounts at the end of the period (stocks), MFIs excluding ESCB reporting sector - Loans, Total maturity, All currencies combined - Euro area (changing composition) counterpart, Households and non-profit institutions serving households (S.14 and S.15) sector, denominated in Euro, data Neither seasonally nor working day adjusted",EUR,6
BSI.M.NL.N.A.A20.A.1.U2.2250.Z01.E,M,NL,N,A,A20,A,1,U2,2250,Z01,E,2023-06,589139,A,F,,,P1M,,E,,,,,,,,,2,,,"Loans to euro area households granted by MFIs excluding NCB, Stocks","Netherlands, Outstanding amounts at the end of the period (stocks), MFIs excluding ESCB reporting sector - Loans, Total maturity, All currencies combined - Euro area (changing composition) counterpart, Households and non-profit institutions serving households (S.14 and S.15) sector, denominated in Euro, data Neither seasonally nor working day adjusted",EUR,6
BSI.M.NL.N.A.A20.A.1.U2.2250.Z01.E,M,NL,N,A,A20,A,1,U2,2250,Z01,E,2023-07,589710,A,F,,,P1M,,E,,,,,,,,,2,,,"Loans to euro area households granted by MFIs excluding NCB, Stocks","Netherlands, Outstanding amounts at the end of the period (stocks), MFIs excluding ESCB reporting sector - Loans, Total maturity, All currencies combined - Euro area (changing composition) counterpart, Households and non-profit institutions serving households (S.14 and S.15) sector, denominated in Euro, data Neither seasonally nor working day adjusted",EUR,6
BSI.M.NL.N.A.A20.A.1.U2.2250.Z01.E,M,NL,N,A,A20,A,1,U2,2250,Z01,E,2023-08,590265,A,F,,,P1M,,E,,,,,,,,,2,,,"Loans to euro area households granted by MFIs excluding NCB, Stocks","Netherlands, Outstanding amounts at the end of the period (stocks), MFIs excluding ESCB reporting sector - Loans, Total maturity, All currencies combined - Euro area (changing composition) counterpart, Households and non-profit institutions serving households (S.14 and S.15) sector, denominated in Euro, data Neither seasonally nor working day adjusted",EUR,6
BSI.M.NL.N.A.A20.A.1.U2.2250.Z01.E,M,NL,N,A,A20,A,1,U2,2250,Z01,E,2023-09,591287,A,F,,,P1M,,E,,,,,,,,,2,,,"Loans to euro area households granted by MFIs excluding NCB, Stocks","Netherlands, Outstanding amounts at the end of the period (stocks), MFIs excluding ESCB reporting sector - Loans, Total maturity, All currencies combined - Euro area (changing composition) counterpart, Households and non-profit institutions serving households (S.14 and S.15) sector, denominated in Euro, data Neither seasonally nor working day adjusted",EUR,6
BSI.M.NL.N.A.A20.A.1.U2.2250.Z01.E,M,NL,N,A,A20,A,1,U2,2250,Z01,E,2023-10,590167,A,F,,,P1M,,E,,,,,,,,,2,,,"Loans to euro area households granted by MFIs excluding NCB, Stocks","Netherlands, Outstanding amounts at the end of the period (stocks), MFIs excluding ESCB reporting sector - Loans, Total maturity, All currencies combined - Euro area (changing composition) counterpart, Households and non-profit institutions serving households (S.14 and S.15) sector, denominated in Euro, data Neither seasonally nor working day adjusted",EUR,6
BSI.M.NL.N.A.A20.A.1.U2.2250.Z01.E,M,NL,N,A,A20,A,1,U2,2250,Z01,E,2023-11,599057,A,F,,,P1M,,E,,,,,,,,,2,,,"Loans to euro area households granted by MFIs excluding NCB, Stocks","Netherlands, Outstanding amounts at the end of the period (stocks), MFIs excluding ESCB reporting sector - Loans, Total maturity, All currencies combined - Euro area (changing composition) counterpart, Households and non-profit institutions serving households (S.14 and S.15) sector, denominated in Euro, data Neither seasonally nor working day adjusted",EUR,6
BSI.M.NL.N.A.A20.A.1.U2.2250.Z01.E,M,NL,N,A,A20,A,1,U2,2250,Z01,E,2023-12,598498,A,F,,,P1M,,E,,,,,,,,,2,,,"Loans to euro area households granted by MFIs excluding NCB, Stocks","Netherlands, Outstanding amounts at the end of the period (stocks), MFIs excluding ESCB reporting sector - Loans, Total maturity, All currencies combined - Euro area (changing composition) counterpart, Households and non-profit institutions serving households (S.14 and S.15) sector, denominated in Euro, data Neither seasonally nor working day adjusted",EUR,6
BSI.M.NL.N.A.A20.A.1.U2.2250.Z01.E,M,NL,N,A,A20,A,1,U2,2250,Z01,E,2024-01,599333,A,F,,,P1M,,E,,,,,,,,,2,,,"Loans to euro area households granted by MFIs excluding NCB, Stocks","Netherlands, Outstanding amounts at the end of the period (stocks), MFIs excluding ESCB reporting sector - Loans, Total maturity, All currencies combined - Euro area (changing composition) counterpart, Households and non-profit institutions serving households (S.14 and S.15) sector, denominated in Euro, data Neither seasonally nor working day adjusted",EUR,6
BSI.M.NL.N.A.A20.A.1.U2.2250.Z01.E,M,NL,N,A,A20,A,1,U2,2250,Z01,E,2024-02,600521,A,F,,,P1M,,E,,,,,,,,,2,,,"Loans to euro area households granted by MFIs excluding NCB, Stocks","Netherlands, Outstanding amounts at the end of the period (stocks), MFIs excluding ESCB reporting sector - Loans, Total maturity, All currencies combined - Euro area (changing composition) counterpart, Households and non-profit institutions serving households (S.14 and S.15) sector, denominated in Euro, data Neither seasonally nor working day adjusted",EUR,6
BSI.M.NL.N.A.A20.A.1.U2.2250.Z01.E,M,NL,N,A,A20,A,1,U2,2250,Z01,E,2024-03,602308,A,F,,,P1M,,E,,,,,,,,,2,,,"Loans to euro area households granted by MFIs excluding NCB, Stocks","Netherlands, Outstanding amounts at the end of the period (stocks), MFIs excluding ESCB reporting sector - Loans, Total maturity, All currencies combined - Euro area (changing composition) counterpart, Households and non-profit institutions serving households (S.14 and S.15) sector, denominated in Euro, data Neither seasonally nor working day adjusted",EUR,6
BSI.M.NL.N.A.A20.A.1.U2.2250.Z01.E,M,NL,N,A,A20,A,1,U2,2250,Z01,E,2024-04,603693,A,F,,,P1M,,E,,,,,,,,,2,,,"Loans to euro area households granted by MFIs excluding NCB, Stocks","Netherlands, Outstanding amounts at the end of the period (stocks), MFIs excluding ESCB reporting sector - Loans, Total maturity, All currencies combined - Euro area (changing composition) counterpart, Households and non-profit institutions serving households (S.14 and S.15) sector, denominated in Euro, data Neither seasonally nor working day adjusted",EUR,6
BSI.M.NL.N.A.A20.A.1.U2.2250.Z01.E,M,NL,N,A,A20,A,1,U2,2250,Z01,E,2024-05,605621,A,F,,,P1M,,E,,,,,,,,,2,,,"Loans to euro area households granted by MFIs excluding NCB, Stocks","Netherlands, Outstanding amounts at the end of the period (stocks), MFIs excluding ESCB reporting sector - Loans, Total maturity, All currencies combined - Euro area (changing composition) counterpart, Households and non-profit institutions serving households (S.14 and S.15) sector, denominated in Euro, data Neither seasonally nor working day adjusted",EUR,6
BSI.M.NL.N.A.A20.A.1.U2.2250.Z01.E,M,NL,N,A,A20,A,1,U2,2250,Z01,E,2024-06,607833,A,F,,,P1M,,E,,,,,,,,,2,,,"Loans to euro area households granted by MFIs excluding NCB, Stocks","Netherlands, Outstanding amounts at the end of the period (stocks), MFIs excluding ESCB reporting sector - Loans, Total maturity, All currencies combined - Euro area (changing composition) counterpart, Households and non-profit institutions serving households (S.14 and S.15) sector, denominated in Euro, data Neither seasonally nor working day adjusted",EUR,6
BSI.M.NL.N.A.A20.A.1.U2.2250.Z01.E,M,NL,N,A,A20,A,1,U2,2250,Z01,E,2024-07,608709,A,F,,,P1M,,E,,,,,,,,,2,,,"Loans to euro area households granted by MFIs excluding NCB, Stocks","Netherlands, Outstanding amounts at the end of the period (stocks), MFIs excluding ESCB reporting sector - Loans, Total maturity, All currencies combined - Euro area (changing composition) counterpart, Households and non-profit institutions serving households (S.14 and S.15) sector, denominated in Euro, data Neither seasonally nor working day adjusted",EUR,6
BSI.M.NL.N.A.A20.A.1.U2.2250.Z01.E,M,NL,N,A,A20,A,1,U2,2250,Z01,E,2024-08,610899,A,F,,,P1M,,E,,,,,,,,,2,,,"Loans to euro area households granted by MFIs excluding NCB, Stocks","Netherlands, Outstanding amounts at the end of the period (stocks), MFIs excluding ESCB reporting sector - Loans, Total maturity, All currencies combined - Euro area (changing composition) counterpart, Households and non-profit institutions serving households (S.14 and S.15) sector, denominated in Euro, data Neither seasonally nor working day adjusted",EUR,6
BSI.M.NL.N.A.A20.A.1.U2.2250.Z01.E,M,NL,N,A,A20,A,1,U2,2250,Z01,E,2024-09,614349,A,F,,,P1M,,E,,,,,,,,,2,,,"Loans to euro area households granted by MFIs excluding NCB, Stocks","Netherlands, Outstanding amounts at the end of the period (stocks), MFIs excluding ESCB reporting sector - Loans, Total maturity, All currencies combined - Euro area (changing composition) counterpart, Households and non-profit institutions serving households (S.14 and S.15) sector, denominated in Euro, data Neither seasonally nor working day adjusted",EUR,6
BSI.M.NL.N.A.A20.A.1.U2.2250.Z01.E,M,NL,N,A,A20,A,1,U2,2250,Z01,E,2024-10,616134,A,F,,,P1M,,E,,,,,,,,,2,,,"Loans to euro area households granted by MFIs excluding NCB, Stocks","Netherlands, Outstanding amounts at the end of the period (stocks), MFIs excluding ESCB reporting sector - Loans, Total maturity, All currencies combined - Euro area (changing composition) counterpart, Households and non-profit institutions serving households (S.14 and S.15) sector, denominated in Euro, data Neither seasonally nor working day adjusted",EUR,6
BSI.M.NL.N.A.A20.A.1.U2.2250.Z01.E,M,NL,N,A,A20,A,1,U2,2250,Z01,E,2024-11,618414,A,F,,,P1M,,E,,,,,,,,,2,,,"Loans to euro area households granted by MFIs excluding NCB, Stocks","Netherlands, Outstanding amounts at the end of the period (stocks), MFIs excluding ESCB reporting sector - Loans, Total maturity, All currencies combined - Euro area (changing composition) counterpart, Households and non-profit institutions serving households (S.14 and S.15) sector, denominated in Euro, data Neither seasonally nor working day adjusted",EUR,6
BSI.M.NL.N.A.A20.A.1.U2.2250.Z01.E,M,NL,N,A,A20,A,1,U2,2250,Z01,E,2024-12,617635,A,F,,,P1M,,E,,,,,,,,,2,,,"Loans to euro area households granted by MFIs excluding NCB, Stocks","Netherlands, Outstanding amounts at the end of the period (stocks), MFIs excluding ESCB reporting sector - Loans, Total maturity, All currencies combined - Euro area (changing composition) counterpart, Households and non-profit institutions serving households (S.14 and S.15) sector, denominated in Euro, data Neither seasonally nor working day adjusted",EUR,6
BSI.M.NL.N.A.A20.A.1.U2.2250.Z01.E,M,NL,N,A,A20,A,1,U2,2250,Z01,E,2025-01,621172,A,F,,,P1M,,E,,,,,,,,,2,,,"Loans to euro area households granted by MFIs excluding NCB, Stocks","Netherlands, Outstanding amounts at the end of the period (stocks), MFIs excluding ESCB reporting sector - Loans, Total maturity, All currencies combined - Euro area (changing composition) counterpart, Households and non-profit institutions serving households (S.14 and S.15) sector, denominated in Euro, data Neither seasonally nor working day adjusted",EUR,6
BSI.M.NL.N.A.A20.A.1.U2.2250.Z01.E,M,NL,N,A,A20,A,1,U2,2250,Z01,E,2025-02,623519,A,F,,,P1M,,E,,,,,,,,,2,,,"Loans to euro area households granted by MFIs excluding NCB, Stocks","Netherlands, Outstanding amounts at the end of the period (stocks), MFIs excluding ESCB reporting sector - Loans, Total maturity, All currencies combined - Euro area (changing composition) counterpart, Households and non-profit institutions serving households (S.14 and S.15) sector, denominated in Euro, data Neither seasonally nor working day adjusted",EUR,6
BSI.M.NL.N.A.A20.A.1.U2.2250.Z01.E,M,NL,N,A,A20,A,1,U2,2250,Z01,E,2025-03,626365,A,F,,,P1M,,E,,,,,,,,,2,,,"Loans to euro area households granted by MFIs excluding NCB, Stocks","Netherlands, Outstanding amounts at the end of the period (stocks), MFIs excluding ESCB reporting sector - Loans, Total maturity, All currencies combined - Euro area (changing composition) counterpart, Households and non-profit institutions serving households (S.14 and S.15) sector, denominated in Euro, data Neither seasonally nor working day adjusted",EUR,6
BSI.M.NL.N.A.A20.A.1.U2.2250.Z01.E,M,NL,N,A,A20,A,1,U2,2250,Z01,E,2025-04,628929,A,F,,,P1M,,E,,,,,,,,,2,,,"Loans to euro area households granted by MFIs excluding NCB, Stocks","Netherlands, Outstanding amounts at the end of the period (stocks), MFIs excluding ESCB reporting sector - Loans, Total maturity, All currencies combined - Euro area (changing composition) counterpart, Households and non-profit institutions serving households (S.14 and S.15) sector, denominated in Euro, data Neither seasonally nor working day adjusted",EUR,6
BSI.M.NL.N.A.A20.A.1.U2.2250.Z01.E,M,NL,N,A,A20,A,1,U2,2250,Z01,E,2025-05,631792,A,F,,,P1M,,E,,,,,,,,,2,,,"Loans to euro area households granted by MFIs excluding NCB, Stocks","Netherlands, Outstanding amounts at the end of the period (stocks), MFIs excluding ESCB reporting sector - Loans, Total maturity, All currencies combined - Euro area (changing composition) counterpart, Households and non-profit institutions serving households (S.14 and S.15) sector, denominated in Euro, data Neither seasonally nor working day adjusted",EUR,6
BSI.M.NL.N.A.A20.A.1.U2.2250.Z01.E,M,NL,N,A,A20,A,1,U2,2250,Z01,E,2025-06,635008,A,F,,,P1M,,E,,,,,,,,,2,,,"Loans to euro area households granted by MFIs excluding NCB, Stocks","Netherlands, Outstanding amounts at the end of the period (stocks), MFIs excluding ESCB reporting sector - Loans, Total maturity, All currencies combined - Euro area (changing composition) counterpart, Households and non-profit institutions serving households (S.14 and S.15) sector, denominated in Euro, data Neither seasonally nor working day adjusted",EUR,6
BSI.M.NL.N.A.A20.A.1.U2.2250.Z01.E,M,NL,N,A,A20,A,1,U2,2250,Z01,E,2025-07,638163,A,F,,,P1M,,E,,,,,,,,,2,,,"Loans to euro area households granted by MFIs excluding NCB, Stocks","Netherlands, Outstanding amounts at the end of the period (stocks), MFIs excluding ESCB reporting sector - Loans, Total maturity, All currencies combined - Euro area (changing composition) counterpart, Households and non-profit institutions serving households (S.14 and S.15) sector, denominated in Euro, data Neither seasonally nor working day adjusted",EUR,6
BSI.M.NL.N.A.A20.A.1.U2.2250.Z01.E,M,NL,N,A,A20,A,1,U2,2250,Z01,E,2025-08,640833,A,F,,,P1M,,E,,,,,,,,,2,,,"Loans to euro area households granted by MFIs excluding NCB, Stocks","Netherlands, Outstanding amounts at the end of the period (stocks), MFIs excluding ESCB reporting sector - Loans, Total maturity, All currencies combined - Euro area (changing composition) counterpart, Households and non-profit institutions serving households (S.14 and S.15) sector, denominated in Euro, data Neither seasonally nor working day adjusted",EUR,6
BSI.M.NL.N.A.A20.A.1.U2.2250.Z01.E,M,NL,N,A,A20,A,1,U2,2250,Z01,E,2025-09,645107,A,F,,,P1M,,E,,,,,,,,,2,,,"Loans to euro area households granted by MFIs excluding NCB, Stocks","Netherlands, Outstanding amounts at the end of the period (stocks), MFIs excluding ESCB reporting sector - Loans, Total maturity, All currencies combined - Euro area (changing composition) counterpart, Households and non-profit institutions serving households (S.14 and S.15) sector, denominated in Euro, data Neither seasonally nor working day adjusted",EUR,6
BSI.M.NL.N.A.A20.A.1.U2.2250.Z01.E,M,NL,N,A,A20,A,1,U2,2250,Z01,E,2025-10,648321,A,F,,,P1M,,E,,,,,,,,,2,,,"Loans to euro area households granted by MFIs excluding NCB, Stocks","Netherlands, Outstanding amounts at the end of the period (stocks), MFIs excluding ESCB reporting sector - Loans, Total maturity, All currencies combined - Euro area (changing composition) counterpart, Households and non-profit institutions serving households (S.14 and S.15) sector, denominated in Euro, data Neither seasonally nor working day adjusted",EUR,6
BSI.M.NL.N.A.A20.A.1.U2.2250.Z01.E,M,NL,N,A,A20,A,1,U2,2250,Z01,E,2025-11,650531,A,F,,,P1M,,E,,,,,,,,,2,,,"Loans to euro area households granted by MFIs excluding NCB, Stocks","Netherlands, Outstanding amounts at the end of the period (stocks), MFIs excluding ESCB reporting sector - Loans, Total maturity, All currencies combined - Euro area (changing composition) counterpart, Households and non-profit institutions serving households (S.14 and S.15) sector, denominated in Euro, data Neither seasonally nor working day adjusted",EUR,6
BSI.M.NL.N.A.A20.A.1.U2.2250.Z01.E,M,NL,N,A,A20,A,1,U2,2250,Z01,E,2025-12,654421,A,F,,,P1M,,E,,,,,,,,,2,,,"Loans to euro area households granted by MFIs excluding NCB, Stocks","Netherlands, Outstanding amounts at the end of the period (stocks), MFIs excluding ESCB reporting sector - Loans, Total maturity, All currencies combined - Euro area (changing composition) counterpart, Households and non-profit institutions serving households (S.14 and S.15) sector, denominated in Euro, data Neither seasonally nor working day adjusted",EUR,6
BSI.M.NL.N.A.A20.A.1.U2.2250.Z01.E,M,NL,N,A,A20,A,1,U2,2250,Z01,E,2026-01,657144,A,F,,,P1M,,E,,,,,,,,,2,,,"Loans to euro area households granted by MFIs excluding NCB, Stocks","Netherlands, Outstanding amounts at the end of the period (stocks), MFIs excluding ESCB reporting sector - Loans, Total maturity, All currencies combined - Euro area (changing composition) counterpart, Households and non-profit institutions serving households (S.14 and S.15) sector, denominated in Euro, data Neither seasonally nor working day adjusted",EUR,6
BSI.M.NL.N.A.A20.A.1.U2.2250.Z01.E,M,NL,N,A,A20,A,1,U2,2250,Z01,E,2026-02,660445,A,F,,,P1M,,E,,,,,,,,,2,,,"Loans to euro area households granted by MFIs excluding NCB, Stocks","Netherlands, Outstanding amounts at the end of the period (stocks), MFIs excluding ESCB reporting sector - Loans, Total maturity, All currencies combined - Euro area (changing composition) counterpart, Households and non-profit institutions serving households (S.14 and S.15) sector, denominated in Euro, data Neither seasonally nor working day adjusted",EUR,6
BSI.M.NL.N.A.A20.A.1.U2.2250.Z01.E,M,NL,N,A,A20,A,1,U2,2250,Z01,E,2026-03,662949,A,F,,,P1M,,E,,,,,,,,,2,,,"Loans to euro area households granted by MFIs excluding NCB, Stocks","Netherlands, Outstanding amounts at the end of the period (stocks), MFIs excluding ESCB reporting sector - Loans, Total maturity, All currencies combined - Euro area (changing composition) counterpart, Households and non-profit institutions serving households (S.14 and S.15) sector, denominated in Euro, data Neither seasonally nor working day adjusted",EUR,6
BSI.M.NL.N.A.A20.A.1.U2.2250.Z01.E,M,NL,N,A,A20,A,1,U2,2250,Z01,E,2026-04,665917,A,F,,,P1M,,E,,,,,,,,,2,,,"Loans to euro area households granted by MFIs excluding NCB, Stocks","Netherlands, Outstanding amounts at the end of the period (stocks), MFIs excluding ESCB reporting sector - Loans, Total maturity, All currencies combined - Euro area (changing composition) counterpart, Households and non-profit institutions serving households (S.14 and S.15) sector, denominated in Euro, data Neither seasonally nor working day adjusted",EUR,6
BSI.M.NL.N.A.A20.A.1.U2.2250.Z01.E,M,NL,N,A,A20,A,1,U2,2250,Z01,E,2026-05,668347,A,F,,,P1M,,E,,,,,,,,,2,,,"Loans to euro area households granted by MFIs excluding NCB, Stocks","Netherlands, Outstanding amounts at the end of the period (stocks), MFIs excluding ESCB reporting sector - Loans, Total maturity, All currencies combined - Euro area (changing composition) counterpart, Households and non-profit institutions serving households (S.14 and S.15) sector, denominated in Euro, data Neither seasonally nor working day adjusted",EUR,6
BSI.M.NL.N.A.A20.A.1.U2.2250.Z01.E,M,NL,N,A,A20,A,1,U2,2250,Z01,E,2026-06,672354,A,F,,,P1M,,E,,,,,,,,,2,,,"Loans to euro area households granted by MFIs excluding NCB, Stocks","Netherlands, Outstanding amounts at the end of the period (stocks), MFIs excluding ESCB reporting sector - Loans, Total maturity, All currencies combined - Euro area (changing composition) counterpart, Households and non-profit institutions serving households (S.14 and S.15) sector, denominated in Euro, data Neither seasonally nor working day adjusted",EUR,6
BSI.M.NL.N.A.A20.A.1.U2.2250.Z01.E,M,NL,N,A,A20,A,1,U2,2250,Z01,E,2026-07,675787,P,F,,,P1M,,E,,,,,,,,,2,,,"Loans to euro area households granted by MFIs excluding NCB, Stocks","Netherlands, Outstanding amounts at the end of the period (stocks), MFIs excluding ESCB reporting sector - Loans, Total maturity, All currencies combined - Euro area (changing composition) counterpart, Households and non-profit institutions serving households (S.14 and S.15) sector, denominated in Euro, data Neither seasonally nor working day adjusted",EUR,6
